run_id,perturbation_kind,perturbation_value,n_perturbations,sweep_id,combo_id,n_combos,train_test,hypothesis,ticker,start,end,strategy,stop,param_fast_window,param_slow_window,param_period,param_multiplier,risk_pct,brokerage,slippage_bps,total_return,annualized_return,max_drawdown,sharpe,sortino,num_trades,win_rate,avg_payoff,expectancy,avg_holding_days,benchmark_total_return,benchmark_annualized_return,benchmark_max_drawdown,benchmark_sharpe,benchmark_sortino
mac_robustness-2026-08-17T14:44:27,baseline,,19,mac_robustness-2026-08-17T14:44:27-baseline,c000,1,perturbation,"O MAC já foi refutado como tese (ver CONCLUSOES.md), mas o achado transferível foi o stop ATR 2.0. A pergunta aqui é sobre a dependência do ambiente: o resultado do 9/21 + ATR 2.0 se sustenta quando um papel sai do universo, quando o período começa três meses antes, quando o custo dobra? Como a tese já é fraca, o veredicto esperado é FRÁGIL — e isso é a calibragem da bancada. Um veredicto ROBUSTA aqui seria motivo para procurar vazamento no Componente 3, não para reabilitar o MAC.
",PETR4.SA,2018-01-01,2024-01-01,MovingAverageCrossover,AtrStop,9,21,14,2.0,0.01,0.0,5,0.19252796540703843,0.030309614413773778,0.0557411620957477,0.6762717402958146,0.517498761257912,35,0.4857142857142857,2.1411796706281625,53.882742618286805,36.77142857142857,5.186759379563545,0.3621299060656151,0.6334388149879056,0.9050114357474695,0.8592562656948385
mac_robustness-2026-08-17T14:44:27,baseline,,19,mac_robustness-2026-08-17T14:44:27-baseline,c000,1,perturbation,"O MAC já foi refutado como tese (ver CONCLUSOES.md), mas o achado transferível foi o stop ATR 2.0. A pergunta aqui é sobre a dependência do ambiente: o resultado do 9/21 + ATR 2.0 se sustenta quando um papel sai do universo, quando o período começa três meses antes, quando o custo dobra? Como a tese já é fraca, o veredicto esperado é FRÁGIL — e isso é a calibragem da bancada. Um veredicto ROBUSTA aqui seria motivo para procurar vazamento no Componente 3, não para reabilitar o MAC.
",VALE3.SA,2018-01-01,2024-01-01,MovingAverageCrossover,AtrStop,9,21,14,2.0,0.01,0.0,5,0.0967536812596872,0.01578504013976545,0.0797061469229435,0.4046074515791428,0.2965982458354522,33,0.45454545454545453,1.852020114656909,29.342085582041463,34.39393939393939,1.8775843131148369,0.19630867117470907,0.4367132304800354,0.6556790288961812,0.6740443294508924
mac_robustness-2026-08-17T14:44:27,baseline,,19,mac_robustness-2026-08-17T14:44:27-baseline,c000,1,perturbation,"O MAC já foi refutado como tese (ver CONCLUSOES.md), mas o achado transferível foi o stop ATR 2.0. A pergunta aqui é sobre a dependência do ambiente: o resultado do 9/21 + ATR 2.0 se sustenta quando um papel sai do universo, quando o período começa três meses antes, quando o custo dobra? Como a tese já é fraca, o veredicto esperado é FRÁGIL — e isso é a calibragem da bancada. Um veredicto ROBUSTA aqui seria motivo para procurar vazamento no Componente 3, não para reabilitar o MAC.
",ITUB4.SA,2018-01-01,2024-01-01,MovingAverageCrossover,AtrStop,9,21,14,2.0,0.01,0.0,5,0.10466050137458294,0.01702320951508063,0.06566289242727381,0.4556575574949803,0.34428640195021804,35,0.42857142857142855,1.8735735962379807,17.75409141016574,29.82857142857143,0.5745387240487341,0.08002500637671339,0.4431910638398989,0.4005026724956395,0.4019551560857395
mac_robustness-2026-08-17T14:44:27,baseline,,19,mac_robustness-2026-08-17T14:44:27-baseline,c000,1,perturbation,"O MAC já foi refutado como tese (ver CONCLUSOES.md), mas o achado transferível foi o stop ATR 2.0. A pergunta aqui é sobre a dependência do ambiente: o resultado do 9/21 + ATR 2.0 se sustenta quando um papel sai do universo, quando o período começa três meses antes, quando o custo dobra? Como a tese já é fraca, o veredicto esperado é FRÁGIL — e isso é a calibragem da bancada. Um veredicto ROBUSTA aqui seria motivo para procurar vazamento no Componente 3, não para reabilitar o MAC.
",BBDC4.SA,2018-01-01,2024-01-01,MovingAverageCrossover,AtrStop,9,21,14,2.0,0.01,0.0,5,0.16096089165177419,0.025632907264085736,0.05262335885880395,0.7063124856908414,0.5256467759165431,32,0.5,1.9743367169824753,37.841564198759876,29.15625,0.15217602148745657,0.024312645355114126,0.5273594373056437,0.24872486781208933,0.2488330142400787
mac_robustness-2026-08-17T14:44:27,baseline,,19,mac_robustness-2026-08-17T14:44:27-baseline,c000,1,perturbation,"O MAC já foi refutado como tese (ver CONCLUSOES.md), mas o achado transferível foi o stop ATR 2.0. A pergunta aqui é sobre a dependência do ambiente: o resultado do 9/21 + ATR 2.0 se sustenta quando um papel sai do universo, quando o período começa três meses antes, quando o custo dobra? Como a tese já é fraca, o veredicto esperado é FRÁGIL — e isso é a calibragem da bancada. Um veredicto ROBUSTA aqui seria motivo para procurar vazamento no Componente 3, não para reabilitar o MAC.
",WEGE3.SA,2018-01-01,2024-01-01,MovingAverageCrossover,AtrStop,9,21,14,2.0,0.01,0.0,5,0.31179667090449303,0.047099933474862965,0.07359142588945976,0.9125923132682626,0.6909572166873414,37,0.43243243243243246,3.75490982599887,77.37076387497036,28.135135135135137,3.180570432290809,0.27453229985476724,0.49505712090764803,0.8468094797988444,0.8793642229149276
mac_robustness-2026-08-17T14:44:27,baseline,,19,mac_robustness-2026-08-17T14:44:27-baseline,c000,1,perturbation,"O MAC já foi refutado como tese (ver CONCLUSOES.md), mas o achado transferível foi o stop ATR 2.0. A pergunta aqui é sobre a dependência do ambiente: o resultado do 9/21 + ATR 2.0 se sustenta quando um papel sai do universo, quando o período começa três meses antes, quando o custo dobra? Como a tese já é fraca, o veredicto esperado é FRÁGIL — e isso é a calibragem da bancada. Um veredicto ROBUSTA aqui seria motivo para procurar vazamento no Componente 3, não para reabilitar o MAC.
",ABEV3.SA,2018-01-01,2024-01-01,MovingAverageCrossover,AtrStop,9,21,14,2.0,0.01,0.0,5,0.02292548797409455,0.0038512700879969053,0.05614259900206262,0.13474177991328581,0.0974820468405308,36,0.4722222222222222,1.1754503500291018,2.0096751556500956,26.27777777777778,-0.20343767995771445,-0.037837175506615695,0.5193113408019147,0.018256859166914927,0.018440769337576535
mac_robustness-2026-08-17T14:44:27,baseline,,19,mac_robustness-2026-08-17T14:44:27-baseline,c000,1,perturbation,"O MAC já foi refutado como tese (ver CONCLUSOES.md), mas o achado transferível foi o stop ATR 2.0. A pergunta aqui é sobre a dependência do ambiente: o resultado do 9/21 + ATR 2.0 se sustenta quando um papel sai do universo, quando o período começa três meses antes, quando o custo dobra? Como a tese já é fraca, o veredicto esperado é FRÁGIL — e isso é a calibragem da bancada. Um veredicto ROBUSTA aqui seria motivo para procurar vazamento no Componente 3, não para reabilitar o MAC.
",B3SA3.SA,2018-01-01,2024-01-01,MovingAverageCrossover,AtrStop,9,21,14,2.0,0.01,0.0,5,0.06793108996246855,0.011207867945956185,0.08472408253355707,0.319637655503189,0.23809552320269234,40,0.35,2.233225108145922,9.755241582657986,24.25,1.3589346328658616,0.15666127806758157,0.5080759825021006,0.5599165764038782,0.5759032369697461
mac_robustness-2026-08-17T14:44:27,baseline,,19,mac_robustness-2026-08-17T14:44:27-baseline,c000,1,perturbation,"O MAC já foi refutado como tese (ver CONCLUSOES.md), mas o achado transferível foi o stop ATR 2.0. A pergunta aqui é sobre a dependência do ambiente: o resultado do 9/21 + ATR 2.0 se sustenta quando um papel sai do universo, quando o período começa três meses antes, quando o custo dobra? Como a tese já é fraca, o veredicto esperado é FRÁGIL — e isso é a calibragem da bancada. Um veredicto ROBUSTA aqui seria motivo para procurar vazamento no Componente 3, não para reabilitar o MAC.
",RENT3.SA,2018-01-01,2024-01-01,MovingAverageCrossover,AtrStop,9,21,14,2.0,0.01,0.0,5,0.19416737975467324,0.030549675564468526,0.057104716742613804,0.8107081106449143,0.6749430354071683,30,0.4666666666666667,2.6731935012785564,54.89775361413639,38.833333333333336,2.2054468780501906,0.21840027589301458,0.5788070457072199,0.6633285053406202,0.7007424198425506
mac_robustness-2026-08-17T14:44:27,baseline,,19,mac_robustness-2026-08-17T14:44:27-baseline,c000,1,perturbation,"O MAC já foi refutado como tese (ver CONCLUSOES.md), mas o achado transferível foi o stop ATR 2.0. A pergunta aqui é sobre a dependência do ambiente: o resultado do 9/21 + ATR 2.0 se sustenta quando um papel sai do universo, quando o período começa três meses antes, quando o custo dobra? Como a tese já é fraca, o veredicto esperado é FRÁGIL — e isso é a calibragem da bancada. Um veredicto ROBUSTA aqui seria motivo para procurar vazamento no Componente 3, não para reabilitar o MAC.
",SUZB3.SA,2018-01-01,2024-01-01,MovingAverageCrossover,AtrStop,9,21,14,2.0,0.01,0.0,5,0.009776363963785117,0.0016512129635719575,0.09001228622136363,0.062488667832183445,0.045823784021143045,40,0.325,2.0472847646144032,-0.751369244276777,24.425,2.2628525094571708,0.22207336371369757,0.542505038014361,0.6954335252964217,0.7500215174779433
mac_robustness-2026-08-17T14:44:27,baseline,,19,mac_robustness-2026-08-17T14:44:27-baseline,c000,1,perturbation,"O MAC já foi refutado como tese (ver CONCLUSOES.md), mas o achado transferível foi o stop ATR 2.0. A pergunta aqui é sobre a dependência do ambiente: o resultado do 9/21 + ATR 2.0 se sustenta quando um papel sai do universo, quando o período começa três meses antes, quando o custo dobra? Como a tese já é fraca, o veredicto esperado é FRÁGIL — e isso é a calibragem da bancada. Um veredicto ROBUSTA aqui seria motivo para procurar vazamento no Componente 3, não para reabilitar o MAC.
",RADL3.SA,2018-01-01,2024-01-01,MovingAverageCrossover,AtrStop,9,21,14,2.0,0.01,0.0,5,-0.00468074384155992,-0.0007953206256853251,0.12182870058418376,-0.0014684528726604,-0.0011086942336080603,39,0.28205128205128205,2.343238424057113,-4.026576862064776,27.743589743589745,0.7846444500822587,0.10321164065927424,0.37378156172421995,0.46764487954317036,0.4781435498006237
mac_robustness-2026-08-17T14:44:27,leave_one_out,-PETR4.SA,19,mac_robustness-2026-08-17T14:44:27-leave_one_out--PETR4.SA,c000,1,perturbation,"O MAC já foi refutado como tese (ver CONCLUSOES.md), mas o achado transferível foi o stop ATR 2.0. A pergunta aqui é sobre a dependência do ambiente: o resultado do 9/21 + ATR 2.0 se sustenta quando um papel sai do universo, quando o período começa três meses antes, quando o custo dobra? Como a tese já é fraca, o veredicto esperado é FRÁGIL — e isso é a calibragem da bancada. Um veredicto ROBUSTA aqui seria motivo para procurar vazamento no Componente 3, não para reabilitar o MAC.
",VALE3.SA,2018-01-01,2024-01-01,MovingAverageCrossover,AtrStop,9,21,14,2.0,0.01,0.0,5,0.0967536812596872,0.01578504013976545,0.0797061469229435,0.4046074515791428,0.2965982458354522,33,0.45454545454545453,1.852020114656909,29.342085582041463,34.39393939393939,1.8775843131148369,0.19630867117470907,0.4367132304800354,0.6556790288961812,0.6740443294508924
mac_robustness-2026-08-17T14:44:27,leave_one_out,-PETR4.SA,19,mac_robustness-2026-08-17T14:44:27-leave_one_out--PETR4.SA,c000,1,perturbation,"O MAC já foi refutado como tese (ver CONCLUSOES.md), mas o achado transferível foi o stop ATR 2.0. A pergunta aqui é sobre a dependência do ambiente: o resultado do 9/21 + ATR 2.0 se sustenta quando um papel sai do universo, quando o período começa três meses antes, quando o custo dobra? Como a tese já é fraca, o veredicto esperado é FRÁGIL — e isso é a calibragem da bancada. Um veredicto ROBUSTA aqui seria motivo para procurar vazamento no Componente 3, não para reabilitar o MAC.
",ITUB4.SA,2018-01-01,2024-01-01,MovingAverageCrossover,AtrStop,9,21,14,2.0,0.01,0.0,5,0.10466050137458294,0.01702320951508063,0.06566289242727381,0.4556575574949803,0.34428640195021804,35,0.42857142857142855,1.8735735962379807,17.75409141016574,29.82857142857143,0.5745387240487341,0.08002500637671339,0.4431910638398989,0.4005026724956395,0.4019551560857395
mac_robustness-2026-08-17T14:44:27,leave_one_out,-PETR4.SA,19,mac_robustness-2026-08-17T14:44:27-leave_one_out--PETR4.SA,c000,1,perturbation,"O MAC já foi refutado como tese (ver CONCLUSOES.md), mas o achado transferível foi o stop ATR 2.0. A pergunta aqui é sobre a dependência do ambiente: o resultado do 9/21 + ATR 2.0 se sustenta quando um papel sai do universo, quando o período começa três meses antes, quando o custo dobra? Como a tese já é fraca, o veredicto esperado é FRÁGIL — e isso é a calibragem da bancada. Um veredicto ROBUSTA aqui seria motivo para procurar vazamento no Componente 3, não para reabilitar o MAC.
",BBDC4.SA,2018-01-01,2024-01-01,MovingAverageCrossover,AtrStop,9,21,14,2.0,0.01,0.0,5,0.16096089165177419,0.025632907264085736,0.05262335885880395,0.7063124856908414,0.5256467759165431,32,0.5,1.9743367169824753,37.841564198759876,29.15625,0.15217602148745657,0.024312645355114126,0.5273594373056437,0.24872486781208933,0.2488330142400787
mac_robustness-2026-08-17T14:44:27,leave_one_out,-PETR4.SA,19,mac_robustness-2026-08-17T14:44:27-leave_one_out--PETR4.SA,c000,1,perturbation,"O MAC já foi refutado como tese (ver CONCLUSOES.md), mas o achado transferível foi o stop ATR 2.0. A pergunta aqui é sobre a dependência do ambiente: o resultado do 9/21 + ATR 2.0 se sustenta quando um papel sai do universo, quando o período começa três meses antes, quando o custo dobra? Como a tese já é fraca, o veredicto esperado é FRÁGIL — e isso é a calibragem da bancada. Um veredicto ROBUSTA aqui seria motivo para procurar vazamento no Componente 3, não para reabilitar o MAC.
",WEGE3.SA,2018-01-01,2024-01-01,MovingAverageCrossover,AtrStop,9,21,14,2.0,0.01,0.0,5,0.31179667090449303,0.047099933474862965,0.07359142588945976,0.9125923132682626,0.6909572166873414,37,0.43243243243243246,3.75490982599887,77.37076387497036,28.135135135135137,3.180570432290809,0.27453229985476724,0.49505712090764803,0.8468094797988444,0.8793642229149276
mac_robustness-2026-08-17T14:44:27,leave_one_out,-PETR4.SA,19,mac_robustness-2026-08-17T14:44:27-leave_one_out--PETR4.SA,c000,1,perturbation,"O MAC já foi refutado como tese (ver CONCLUSOES.md), mas o achado transferível foi o stop ATR 2.0. A pergunta aqui é sobre a dependência do ambiente: o resultado do 9/21 + ATR 2.0 se sustenta quando um papel sai do universo, quando o período começa três meses antes, quando o custo dobra? Como a tese já é fraca, o veredicto esperado é FRÁGIL — e isso é a calibragem da bancada. Um veredicto ROBUSTA aqui seria motivo para procurar vazamento no Componente 3, não para reabilitar o MAC.
",ABEV3.SA,2018-01-01,2024-01-01,MovingAverageCrossover,AtrStop,9,21,14,2.0,0.01,0.0,5,0.02292548797409455,0.0038512700879969053,0.05614259900206262,0.13474177991328581,0.0974820468405308,36,0.4722222222222222,1.1754503500291018,2.0096751556500956,26.27777777777778,-0.20343767995771445,-0.037837175506615695,0.5193113408019147,0.018256859166914927,0.018440769337576535
mac_robustness-2026-08-17T14:44:27,leave_one_out,-PETR4.SA,19,mac_robustness-2026-08-17T14:44:27-leave_one_out--PETR4.SA,c000,1,perturbation,"O MAC já foi refutado como tese (ver CONCLUSOES.md), mas o achado transferível foi o stop ATR 2.0. A pergunta aqui é sobre a dependência do ambiente: o resultado do 9/21 + ATR 2.0 se sustenta quando um papel sai do universo, quando o período começa três meses antes, quando o custo dobra? Como a tese já é fraca, o veredicto esperado é FRÁGIL — e isso é a calibragem da bancada. Um veredicto ROBUSTA aqui seria motivo para procurar vazamento no Componente 3, não para reabilitar o MAC.
",B3SA3.SA,2018-01-01,2024-01-01,MovingAverageCrossover,AtrStop,9,21,14,2.0,0.01,0.0,5,0.06793108996246855,0.011207867945956185,0.08472408253355707,0.319637655503189,0.23809552320269234,40,0.35,2.233225108145922,9.755241582657986,24.25,1.3589346328658616,0.15666127806758157,0.5080759825021006,0.5599165764038782,0.5759032369697461
mac_robustness-2026-08-17T14:44:27,leave_one_out,-PETR4.SA,19,mac_robustness-2026-08-17T14:44:27-leave_one_out--PETR4.SA,c000,1,perturbation,"O MAC já foi refutado como tese (ver CONCLUSOES.md), mas o achado transferível foi o stop ATR 2.0. A pergunta aqui é sobre a dependência do ambiente: o resultado do 9/21 + ATR 2.0 se sustenta quando um papel sai do universo, quando o período começa três meses antes, quando o custo dobra? Como a tese já é fraca, o veredicto esperado é FRÁGIL — e isso é a calibragem da bancada. Um veredicto ROBUSTA aqui seria motivo para procurar vazamento no Componente 3, não para reabilitar o MAC.
",RENT3.SA,2018-01-01,2024-01-01,MovingAverageCrossover,AtrStop,9,21,14,2.0,0.01,0.0,5,0.19416737975467324,0.030549675564468526,0.057104716742613804,0.8107081106449143,0.6749430354071683,30,0.4666666666666667,2.6731935012785564,54.89775361413639,38.833333333333336,2.2054468780501906,0.21840027589301458,0.5788070457072199,0.6633285053406202,0.7007424198425506
mac_robustness-2026-08-17T14:44:27,leave_one_out,-PETR4.SA,19,mac_robustness-2026-08-17T14:44:27-leave_one_out--PETR4.SA,c000,1,perturbation,"O MAC já foi refutado como tese (ver CONCLUSOES.md), mas o achado transferível foi o stop ATR 2.0. A pergunta aqui é sobre a dependência do ambiente: o resultado do 9/21 + ATR 2.0 se sustenta quando um papel sai do universo, quando o período começa três meses antes, quando o custo dobra? Como a tese já é fraca, o veredicto esperado é FRÁGIL — e isso é a calibragem da bancada. Um veredicto ROBUSTA aqui seria motivo para procurar vazamento no Componente 3, não para reabilitar o MAC.
",SUZB3.SA,2018-01-01,2024-01-01,MovingAverageCrossover,AtrStop,9,21,14,2.0,0.01,0.0,5,0.009776363963785117,0.0016512129635719575,0.09001228622136363,0.062488667832183445,0.045823784021143045,40,0.325,2.0472847646144032,-0.751369244276777,24.425,2.2628525094571708,0.22207336371369757,0.542505038014361,0.6954335252964217,0.7500215174779433
mac_robustness-2026-08-17T14:44:27,leave_one_out,-PETR4.SA,19,mac_robustness-2026-08-17T14:44:27-leave_one_out--PETR4.SA,c000,1,perturbation,"O MAC já foi refutado como tese (ver CONCLUSOES.md), mas o achado transferível foi o stop ATR 2.0. A pergunta aqui é sobre a dependência do ambiente: o resultado do 9/21 + ATR 2.0 se sustenta quando um papel sai do universo, quando o período começa três meses antes, quando o custo dobra? Como a tese já é fraca, o veredicto esperado é FRÁGIL — e isso é a calibragem da bancada. Um veredicto ROBUSTA aqui seria motivo para procurar vazamento no Componente 3, não para reabilitar o MAC.
",RADL3.SA,2018-01-01,2024-01-01,MovingAverageCrossover,AtrStop,9,21,14,2.0,0.01,0.0,5,-0.00468074384155992,-0.0007953206256853251,0.12182870058418376,-0.0014684528726604,-0.0011086942336080603,39,0.28205128205128205,2.343238424057113,-4.026576862064776,27.743589743589745,0.7846444500822587,0.10321164065927424,0.37378156172421995,0.46764487954317036,0.4781435498006237
mac_robustness-2026-08-17T14:44:27,leave_one_out,-VALE3.SA,19,mac_robustness-2026-08-17T14:44:27-leave_one_out--VALE3.SA,c000,1,perturbation,"O MAC já foi refutado como tese (ver CONCLUSOES.md), mas o achado transferível foi o stop ATR 2.0. A pergunta aqui é sobre a dependência do ambiente: o resultado do 9/21 + ATR 2.0 se sustenta quando um papel sai do universo, quando o período começa três meses antes, quando o custo dobra? Como a tese já é fraca, o veredicto esperado é FRÁGIL — e isso é a calibragem da bancada. Um veredicto ROBUSTA aqui seria motivo para procurar vazamento no Componente 3, não para reabilitar o MAC.
",PETR4.SA,2018-01-01,2024-01-01,MovingAverageCrossover,AtrStop,9,21,14,2.0,0.01,0.0,5,0.19252796540703843,0.030309614413773778,0.0557411620957477,0.6762717402958146,0.517498761257912,35,0.4857142857142857,2.1411796706281625,53.882742618286805,36.77142857142857,5.186759379563545,0.3621299060656151,0.6334388149879056,0.9050114357474695,0.8592562656948385
mac_robustness-2026-08-17T14:44:27,leave_one_out,-VALE3.SA,19,mac_robustness-2026-08-17T14:44:27-leave_one_out--VALE3.SA,c000,1,perturbation,"O MAC já foi refutado como tese (ver CONCLUSOES.md), mas o achado transferível foi o stop ATR 2.0. A pergunta aqui é sobre a dependência do ambiente: o resultado do 9/21 + ATR 2.0 se sustenta quando um papel sai do universo, quando o período começa três meses antes, quando o custo dobra? Como a tese já é fraca, o veredicto esperado é FRÁGIL — e isso é a calibragem da bancada. Um veredicto ROBUSTA aqui seria motivo para procurar vazamento no Componente 3, não para reabilitar o MAC.
",ITUB4.SA,2018-01-01,2024-01-01,MovingAverageCrossover,AtrStop,9,21,14,2.0,0.01,0.0,5,0.10466050137458294,0.01702320951508063,0.06566289242727381,0.4556575574949803,0.34428640195021804,35,0.42857142857142855,1.8735735962379807,17.75409141016574,29.82857142857143,0.5745387240487341,0.08002500637671339,0.4431910638398989,0.4005026724956395,0.4019551560857395
mac_robustness-2026-08-17T14:44:27,leave_one_out,-VALE3.SA,19,mac_robustness-2026-08-17T14:44:27-leave_one_out--VALE3.SA,c000,1,perturbation,"O MAC já foi refutado como tese (ver CONCLUSOES.md), mas o achado transferível foi o stop ATR 2.0. A pergunta aqui é sobre a dependência do ambiente: o resultado do 9/21 + ATR 2.0 se sustenta quando um papel sai do universo, quando o período começa três meses antes, quando o custo dobra? Como a tese já é fraca, o veredicto esperado é FRÁGIL — e isso é a calibragem da bancada. Um veredicto ROBUSTA aqui seria motivo para procurar vazamento no Componente 3, não para reabilitar o MAC.
",BBDC4.SA,2018-01-01,2024-01-01,MovingAverageCrossover,AtrStop,9,21,14,2.0,0.01,0.0,5,0.16096089165177419,0.025632907264085736,0.05262335885880395,0.7063124856908414,0.5256467759165431,32,0.5,1.9743367169824753,37.841564198759876,29.15625,0.15217602148745657,0.024312645355114126,0.5273594373056437,0.24872486781208933,0.2488330142400787
mac_robustness-2026-08-17T14:44:27,leave_one_out,-VALE3.SA,19,mac_robustness-2026-08-17T14:44:27-leave_one_out--VALE3.SA,c000,1,perturbation,"O MAC já foi refutado como tese (ver CONCLUSOES.md), mas o achado transferível foi o stop ATR 2.0. A pergunta aqui é sobre a dependência do ambiente: o resultado do 9/21 + ATR 2.0 se sustenta quando um papel sai do universo, quando o período começa três meses antes, quando o custo dobra? Como a tese já é fraca, o veredicto esperado é FRÁGIL — e isso é a calibragem da bancada. Um veredicto ROBUSTA aqui seria motivo para procurar vazamento no Componente 3, não para reabilitar o MAC.
",WEGE3.SA,2018-01-01,2024-01-01,MovingAverageCrossover,AtrStop,9,21,14,2.0,0.01,0.0,5,0.31179667090449303,0.047099933474862965,0.07359142588945976,0.9125923132682626,0.6909572166873414,37,0.43243243243243246,3.75490982599887,77.37076387497036,28.135135135135137,3.180570432290809,0.27453229985476724,0.49505712090764803,0.8468094797988444,0.8793642229149276
mac_robustness-2026-08-17T14:44:27,leave_one_out,-VALE3.SA,19,mac_robustness-2026-08-17T14:44:27-leave_one_out--VALE3.SA,c000,1,perturbation,"O MAC já foi refutado como tese (ver CONCLUSOES.md), mas o achado transferível foi o stop ATR 2.0. A pergunta aqui é sobre a dependência do ambiente: o resultado do 9/21 + ATR 2.0 se sustenta quando um papel sai do universo, quando o período começa três meses antes, quando o custo dobra? Como a tese já é fraca, o veredicto esperado é FRÁGIL — e isso é a calibragem da bancada. Um veredicto ROBUSTA aqui seria motivo para procurar vazamento no Componente 3, não para reabilitar o MAC.
",ABEV3.SA,2018-01-01,2024-01-01,MovingAverageCrossover,AtrStop,9,21,14,2.0,0.01,0.0,5,0.02292548797409455,0.0038512700879969053,0.05614259900206262,0.13474177991328581,0.0974820468405308,36,0.4722222222222222,1.1754503500291018,2.0096751556500956,26.27777777777778,-0.20343767995771445,-0.037837175506615695,0.5193113408019147,0.018256859166914927,0.018440769337576535
mac_robustness-2026-08-17T14:44:27,leave_one_out,-VALE3.SA,19,mac_robustness-2026-08-17T14:44:27-leave_one_out--VALE3.SA,c000,1,perturbation,"O MAC já foi refutado como tese (ver CONCLUSOES.md), mas o achado transferível foi o stop ATR 2.0. A pergunta aqui é sobre a dependência do ambiente: o resultado do 9/21 + ATR 2.0 se sustenta quando um papel sai do universo, quando o período começa três meses antes, quando o custo dobra? Como a tese já é fraca, o veredicto esperado é FRÁGIL — e isso é a calibragem da bancada. Um veredicto ROBUSTA aqui seria motivo para procurar vazamento no Componente 3, não para reabilitar o MAC.
",B3SA3.SA,2018-01-01,2024-01-01,MovingAverageCrossover,AtrStop,9,21,14,2.0,0.01,0.0,5,0.06793108996246855,0.011207867945956185,0.08472408253355707,0.319637655503189,0.23809552320269234,40,0.35,2.233225108145922,9.755241582657986,24.25,1.3589346328658616,0.15666127806758157,0.5080759825021006,0.5599165764038782,0.5759032369697461
mac_robustness-2026-08-17T14:44:27,leave_one_out,-VALE3.SA,19,mac_robustness-2026-08-17T14:44:27-leave_one_out--VALE3.SA,c000,1,perturbation,"O MAC já foi refutado como tese (ver CONCLUSOES.md), mas o achado transferível foi o stop ATR 2.0. A pergunta aqui é sobre a dependência do ambiente: o resultado do 9/21 + ATR 2.0 se sustenta quando um papel sai do universo, quando o período começa três meses antes, quando o custo dobra? Como a tese já é fraca, o veredicto esperado é FRÁGIL — e isso é a calibragem da bancada. Um veredicto ROBUSTA aqui seria motivo para procurar vazamento no Componente 3, não para reabilitar o MAC.
",RENT3.SA,2018-01-01,2024-01-01,MovingAverageCrossover,AtrStop,9,21,14,2.0,0.01,0.0,5,0.19416737975467324,0.030549675564468526,0.057104716742613804,0.8107081106449143,0.6749430354071683,30,0.4666666666666667,2.6731935012785564,54.89775361413639,38.833333333333336,2.2054468780501906,0.21840027589301458,0.5788070457072199,0.6633285053406202,0.7007424198425506
mac_robustness-2026-08-17T14:44:27,leave_one_out,-VALE3.SA,19,mac_robustness-2026-08-17T14:44:27-leave_one_out--VALE3.SA,c000,1,perturbation,"O MAC já foi refutado como tese (ver CONCLUSOES.md), mas o achado transferível foi o stop ATR 2.0. A pergunta aqui é sobre a dependência do ambiente: o resultado do 9/21 + ATR 2.0 se sustenta quando um papel sai do universo, quando o período começa três meses antes, quando o custo dobra? Como a tese já é fraca, o veredicto esperado é FRÁGIL — e isso é a calibragem da bancada. Um veredicto ROBUSTA aqui seria motivo para procurar vazamento no Componente 3, não para reabilitar o MAC.
",SUZB3.SA,2018-01-01,2024-01-01,MovingAverageCrossover,AtrStop,9,21,14,2.0,0.01,0.0,5,0.009776363963785117,0.0016512129635719575,0.09001228622136363,0.062488667832183445,0.045823784021143045,40,0.325,2.0472847646144032,-0.751369244276777,24.425,2.2628525094571708,0.22207336371369757,0.542505038014361,0.6954335252964217,0.7500215174779433
mac_robustness-2026-08-17T14:44:27,leave_one_out,-VALE3.SA,19,mac_robustness-2026-08-17T14:44:27-leave_one_out--VALE3.SA,c000,1,perturbation,"O MAC já foi refutado como tese (ver CONCLUSOES.md), mas o achado transferível foi o stop ATR 2.0. A pergunta aqui é sobre a dependência do ambiente: o resultado do 9/21 + ATR 2.0 se sustenta quando um papel sai do universo, quando o período começa três meses antes, quando o custo dobra? Como a tese já é fraca, o veredicto esperado é FRÁGIL — e isso é a calibragem da bancada. Um veredicto ROBUSTA aqui seria motivo para procurar vazamento no Componente 3, não para reabilitar o MAC.
",RADL3.SA,2018-01-01,2024-01-01,MovingAverageCrossover,AtrStop,9,21,14,2.0,0.01,0.0,5,-0.00468074384155992,-0.0007953206256853251,0.12182870058418376,-0.0014684528726604,-0.0011086942336080603,39,0.28205128205128205,2.343238424057113,-4.026576862064776,27.743589743589745,0.7846444500822587,0.10321164065927424,0.37378156172421995,0.46764487954317036,0.4781435498006237
mac_robustness-2026-08-17T14:44:27,leave_one_out,-ITUB4.SA,19,mac_robustness-2026-08-17T14:44:27-leave_one_out--ITUB4.SA,c000,1,perturbation,"O MAC já foi refutado como tese (ver CONCLUSOES.md), mas o achado transferível foi o stop ATR 2.0. A pergunta aqui é sobre a dependência do ambiente: o resultado do 9/21 + ATR 2.0 se sustenta quando um papel sai do universo, quando o período começa três meses antes, quando o custo dobra? Como a tese já é fraca, o veredicto esperado é FRÁGIL — e isso é a calibragem da bancada. Um veredicto ROBUSTA aqui seria motivo para procurar vazamento no Componente 3, não para reabilitar o MAC.
",PETR4.SA,2018-01-01,2024-01-01,MovingAverageCrossover,AtrStop,9,21,14,2.0,0.01,0.0,5,0.19252796540703843,0.030309614413773778,0.0557411620957477,0.6762717402958146,0.517498761257912,35,0.4857142857142857,2.1411796706281625,53.882742618286805,36.77142857142857,5.186759379563545,0.3621299060656151,0.6334388149879056,0.9050114357474695,0.8592562656948385
mac_robustness-2026-08-17T14:44:27,leave_one_out,-ITUB4.SA,19,mac_robustness-2026-08-17T14:44:27-leave_one_out--ITUB4.SA,c000,1,perturbation,"O MAC já foi refutado como tese (ver CONCLUSOES.md), mas o achado transferível foi o stop ATR 2.0. A pergunta aqui é sobre a dependência do ambiente: o resultado do 9/21 + ATR 2.0 se sustenta quando um papel sai do universo, quando o período começa três meses antes, quando o custo dobra? Como a tese já é fraca, o veredicto esperado é FRÁGIL — e isso é a calibragem da bancada. Um veredicto ROBUSTA aqui seria motivo para procurar vazamento no Componente 3, não para reabilitar o MAC.
",VALE3.SA,2018-01-01,2024-01-01,MovingAverageCrossover,AtrStop,9,21,14,2.0,0.01,0.0,5,0.0967536812596872,0.01578504013976545,0.0797061469229435,0.4046074515791428,0.2965982458354522,33,0.45454545454545453,1.852020114656909,29.342085582041463,34.39393939393939,1.8775843131148369,0.19630867117470907,0.4367132304800354,0.6556790288961812,0.6740443294508924
mac_robustness-2026-08-17T14:44:27,leave_one_out,-ITUB4.SA,19,mac_robustness-2026-08-17T14:44:27-leave_one_out--ITUB4.SA,c000,1,perturbation,"O MAC já foi refutado como tese (ver CONCLUSOES.md), mas o achado transferível foi o stop ATR 2.0. A pergunta aqui é sobre a dependência do ambiente: o resultado do 9/21 + ATR 2.0 se sustenta quando um papel sai do universo, quando o período começa três meses antes, quando o custo dobra? Como a tese já é fraca, o veredicto esperado é FRÁGIL — e isso é a calibragem da bancada. Um veredicto ROBUSTA aqui seria motivo para procurar vazamento no Componente 3, não para reabilitar o MAC.
",BBDC4.SA,2018-01-01,2024-01-01,MovingAverageCrossover,AtrStop,9,21,14,2.0,0.01,0.0,5,0.16096089165177419,0.025632907264085736,0.05262335885880395,0.7063124856908414,0.5256467759165431,32,0.5,1.9743367169824753,37.841564198759876,29.15625,0.15217602148745657,0.024312645355114126,0.5273594373056437,0.24872486781208933,0.2488330142400787
mac_robustness-2026-08-17T14:44:27,leave_one_out,-ITUB4.SA,19,mac_robustness-2026-08-17T14:44:27-leave_one_out--ITUB4.SA,c000,1,perturbation,"O MAC já foi refutado como tese (ver CONCLUSOES.md), mas o achado transferível foi o stop ATR 2.0. A pergunta aqui é sobre a dependência do ambiente: o resultado do 9/21 + ATR 2.0 se sustenta quando um papel sai do universo, quando o período começa três meses antes, quando o custo dobra? Como a tese já é fraca, o veredicto esperado é FRÁGIL — e isso é a calibragem da bancada. Um veredicto ROBUSTA aqui seria motivo para procurar vazamento no Componente 3, não para reabilitar o MAC.
",WEGE3.SA,2018-01-01,2024-01-01,MovingAverageCrossover,AtrStop,9,21,14,2.0,0.01,0.0,5,0.31179667090449303,0.047099933474862965,0.07359142588945976,0.9125923132682626,0.6909572166873414,37,0.43243243243243246,3.75490982599887,77.37076387497036,28.135135135135137,3.180570432290809,0.27453229985476724,0.49505712090764803,0.8468094797988444,0.8793642229149276
mac_robustness-2026-08-17T14:44:27,leave_one_out,-ITUB4.SA,19,mac_robustness-2026-08-17T14:44:27-leave_one_out--ITUB4.SA,c000,1,perturbation,"O MAC já foi refutado como tese (ver CONCLUSOES.md), mas o achado transferível foi o stop ATR 2.0. A pergunta aqui é sobre a dependência do ambiente: o resultado do 9/21 + ATR 2.0 se sustenta quando um papel sai do universo, quando o período começa três meses antes, quando o custo dobra? Como a tese já é fraca, o veredicto esperado é FRÁGIL — e isso é a calibragem da bancada. Um veredicto ROBUSTA aqui seria motivo para procurar vazamento no Componente 3, não para reabilitar o MAC.
",ABEV3.SA,2018-01-01,2024-01-01,MovingAverageCrossover,AtrStop,9,21,14,2.0,0.01,0.0,5,0.02292548797409455,0.0038512700879969053,0.05614259900206262,0.13474177991328581,0.0974820468405308,36,0.4722222222222222,1.1754503500291018,2.0096751556500956,26.27777777777778,-0.20343767995771445,-0.037837175506615695,0.5193113408019147,0.018256859166914927,0.018440769337576535
mac_robustness-2026-08-17T14:44:27,leave_one_out,-ITUB4.SA,19,mac_robustness-2026-08-17T14:44:27-leave_one_out--ITUB4.SA,c000,1,perturbation,"O MAC já foi refutado como tese (ver CONCLUSOES.md), mas o achado transferível foi o stop ATR 2.0. A pergunta aqui é sobre a dependência do ambiente: o resultado do 9/21 + ATR 2.0 se sustenta quando um papel sai do universo, quando o período começa três meses antes, quando o custo dobra? Como a tese já é fraca, o veredicto esperado é FRÁGIL — e isso é a calibragem da bancada. Um veredicto ROBUSTA aqui seria motivo para procurar vazamento no Componente 3, não para reabilitar o MAC.
",B3SA3.SA,2018-01-01,2024-01-01,MovingAverageCrossover,AtrStop,9,21,14,2.0,0.01,0.0,5,0.06793108996246855,0.011207867945956185,0.08472408253355707,0.319637655503189,0.23809552320269234,40,0.35,2.233225108145922,9.755241582657986,24.25,1.3589346328658616,0.15666127806758157,0.5080759825021006,0.5599165764038782,0.5759032369697461
mac_robustness-2026-08-17T14:44:27,leave_one_out,-ITUB4.SA,19,mac_robustness-2026-08-17T14:44:27-leave_one_out--ITUB4.SA,c000,1,perturbation,"O MAC já foi refutado como tese (ver CONCLUSOES.md), mas o achado transferível foi o stop ATR 2.0. A pergunta aqui é sobre a dependência do ambiente: o resultado do 9/21 + ATR 2.0 se sustenta quando um papel sai do universo, quando o período começa três meses antes, quando o custo dobra? Como a tese já é fraca, o veredicto esperado é FRÁGIL — e isso é a calibragem da bancada. Um veredicto ROBUSTA aqui seria motivo para procurar vazamento no Componente 3, não para reabilitar o MAC.
",RENT3.SA,2018-01-01,2024-01-01,MovingAverageCrossover,AtrStop,9,21,14,2.0,0.01,0.0,5,0.19416737975467324,0.030549675564468526,0.057104716742613804,0.8107081106449143,0.6749430354071683,30,0.4666666666666667,2.6731935012785564,54.89775361413639,38.833333333333336,2.2054468780501906,0.21840027589301458,0.5788070457072199,0.6633285053406202,0.7007424198425506
mac_robustness-2026-08-17T14:44:27,leave_one_out,-ITUB4.SA,19,mac_robustness-2026-08-17T14:44:27-leave_one_out--ITUB4.SA,c000,1,perturbation,"O MAC já foi refutado como tese (ver CONCLUSOES.md), mas o achado transferível foi o stop ATR 2.0. A pergunta aqui é sobre a dependência do ambiente: o resultado do 9/21 + ATR 2.0 se sustenta quando um papel sai do universo, quando o período começa três meses antes, quando o custo dobra? Como a tese já é fraca, o veredicto esperado é FRÁGIL — e isso é a calibragem da bancada. Um veredicto ROBUSTA aqui seria motivo para procurar vazamento no Componente 3, não para reabilitar o MAC.
",SUZB3.SA,2018-01-01,2024-01-01,MovingAverageCrossover,AtrStop,9,21,14,2.0,0.01,0.0,5,0.009776363963785117,0.0016512129635719575,0.09001228622136363,0.062488667832183445,0.045823784021143045,40,0.325,2.0472847646144032,-0.751369244276777,24.425,2.2628525094571708,0.22207336371369757,0.542505038014361,0.6954335252964217,0.7500215174779433
mac_robustness-2026-08-17T14:44:27,leave_one_out,-ITUB4.SA,19,mac_robustness-2026-08-17T14:44:27-leave_one_out--ITUB4.SA,c000,1,perturbation,"O MAC já foi refutado como tese (ver CONCLUSOES.md), mas o achado transferível foi o stop ATR 2.0. A pergunta aqui é sobre a dependência do ambiente: o resultado do 9/21 + ATR 2.0 se sustenta quando um papel sai do universo, quando o período começa três meses antes, quando o custo dobra? Como a tese já é fraca, o veredicto esperado é FRÁGIL — e isso é a calibragem da bancada. Um veredicto ROBUSTA aqui seria motivo para procurar vazamento no Componente 3, não para reabilitar o MAC.
",RADL3.SA,2018-01-01,2024-01-01,MovingAverageCrossover,AtrStop,9,21,14,2.0,0.01,0.0,5,-0.00468074384155992,-0.0007953206256853251,0.12182870058418376,-0.0014684528726604,-0.0011086942336080603,39,0.28205128205128205,2.343238424057113,-4.026576862064776,27.743589743589745,0.7846444500822587,0.10321164065927424,0.37378156172421995,0.46764487954317036,0.4781435498006237
mac_robustness-2026-08-17T14:44:27,leave_one_out,-BBDC4.SA,19,mac_robustness-2026-08-17T14:44:27-leave_one_out--BBDC4.SA,c000,1,perturbation,"O MAC já foi refutado como tese (ver CONCLUSOES.md), mas o achado transferível foi o stop ATR 2.0. A pergunta aqui é sobre a dependência do ambiente: o resultado do 9/21 + ATR 2.0 se sustenta quando um papel sai do universo, quando o período começa três meses antes, quando o custo dobra? Como a tese já é fraca, o veredicto esperado é FRÁGIL — e isso é a calibragem da bancada. Um veredicto ROBUSTA aqui seria motivo para procurar vazamento no Componente 3, não para reabilitar o MAC.
",PETR4.SA,2018-01-01,2024-01-01,MovingAverageCrossover,AtrStop,9,21,14,2.0,0.01,0.0,5,0.19252796540703843,0.030309614413773778,0.0557411620957477,0.6762717402958146,0.517498761257912,35,0.4857142857142857,2.1411796706281625,53.882742618286805,36.77142857142857,5.186759379563545,0.3621299060656151,0.6334388149879056,0.9050114357474695,0.8592562656948385
mac_robustness-2026-08-17T14:44:27,leave_one_out,-BBDC4.SA,19,mac_robustness-2026-08-17T14:44:27-leave_one_out--BBDC4.SA,c000,1,perturbation,"O MAC já foi refutado como tese (ver CONCLUSOES.md), mas o achado transferível foi o stop ATR 2.0. A pergunta aqui é sobre a dependência do ambiente: o resultado do 9/21 + ATR 2.0 se sustenta quando um papel sai do universo, quando o período começa três meses antes, quando o custo dobra? Como a tese já é fraca, o veredicto esperado é FRÁGIL — e isso é a calibragem da bancada. Um veredicto ROBUSTA aqui seria motivo para procurar vazamento no Componente 3, não para reabilitar o MAC.
",VALE3.SA,2018-01-01,2024-01-01,MovingAverageCrossover,AtrStop,9,21,14,2.0,0.01,0.0,5,0.0967536812596872,0.01578504013976545,0.0797061469229435,0.4046074515791428,0.2965982458354522,33,0.45454545454545453,1.852020114656909,29.342085582041463,34.39393939393939,1.8775843131148369,0.19630867117470907,0.4367132304800354,0.6556790288961812,0.6740443294508924
mac_robustness-2026-08-17T14:44:27,leave_one_out,-BBDC4.SA,19,mac_robustness-2026-08-17T14:44:27-leave_one_out--BBDC4.SA,c000,1,perturbation,"O MAC já foi refutado como tese (ver CONCLUSOES.md), mas o achado transferível foi o stop ATR 2.0. A pergunta aqui é sobre a dependência do ambiente: o resultado do 9/21 + ATR 2.0 se sustenta quando um papel sai do universo, quando o período começa três meses antes, quando o custo dobra? Como a tese já é fraca, o veredicto esperado é FRÁGIL — e isso é a calibragem da bancada. Um veredicto ROBUSTA aqui seria motivo para procurar vazamento no Componente 3, não para reabilitar o MAC.
",ITUB4.SA,2018-01-01,2024-01-01,MovingAverageCrossover,AtrStop,9,21,14,2.0,0.01,0.0,5,0.10466050137458294,0.01702320951508063,0.06566289242727381,0.4556575574949803,0.34428640195021804,35,0.42857142857142855,1.8735735962379807,17.75409141016574,29.82857142857143,0.5745387240487341,0.08002500637671339,0.4431910638398989,0.4005026724956395,0.4019551560857395
mac_robustness-2026-08-17T14:44:27,leave_one_out,-BBDC4.SA,19,mac_robustness-2026-08-17T14:44:27-leave_one_out--BBDC4.SA,c000,1,perturbation,"O MAC já foi refutado como tese (ver CONCLUSOES.md), mas o achado transferível foi o stop ATR 2.0. A pergunta aqui é sobre a dependência do ambiente: o resultado do 9/21 + ATR 2.0 se sustenta quando um papel sai do universo, quando o período começa três meses antes, quando o custo dobra? Como a tese já é fraca, o veredicto esperado é FRÁGIL — e isso é a calibragem da bancada. Um veredicto ROBUSTA aqui seria motivo para procurar vazamento no Componente 3, não para reabilitar o MAC.
",WEGE3.SA,2018-01-01,2024-01-01,MovingAverageCrossover,AtrStop,9,21,14,2.0,0.01,0.0,5,0.31179667090449303,0.047099933474862965,0.07359142588945976,0.9125923132682626,0.6909572166873414,37,0.43243243243243246,3.75490982599887,77.37076387497036,28.135135135135137,3.180570432290809,0.27453229985476724,0.49505712090764803,0.8468094797988444,0.8793642229149276
mac_robustness-2026-08-17T14:44:27,leave_one_out,-BBDC4.SA,19,mac_robustness-2026-08-17T14:44:27-leave_one_out--BBDC4.SA,c000,1,perturbation,"O MAC já foi refutado como tese (ver CONCLUSOES.md), mas o achado transferível foi o stop ATR 2.0. A pergunta aqui é sobre a dependência do ambiente: o resultado do 9/21 + ATR 2.0 se sustenta quando um papel sai do universo, quando o período começa três meses antes, quando o custo dobra? Como a tese já é fraca, o veredicto esperado é FRÁGIL — e isso é a calibragem da bancada. Um veredicto ROBUSTA aqui seria motivo para procurar vazamento no Componente 3, não para reabilitar o MAC.
",ABEV3.SA,2018-01-01,2024-01-01,MovingAverageCrossover,AtrStop,9,21,14,2.0,0.01,0.0,5,0.02292548797409455,0.0038512700879969053,0.05614259900206262,0.13474177991328581,0.0974820468405308,36,0.4722222222222222,1.1754503500291018,2.0096751556500956,26.27777777777778,-0.20343767995771445,-0.037837175506615695,0.5193113408019147,0.018256859166914927,0.018440769337576535
mac_robustness-2026-08-17T14:44:27,leave_one_out,-BBDC4.SA,19,mac_robustness-2026-08-17T14:44:27-leave_one_out--BBDC4.SA,c000,1,perturbation,"O MAC já foi refutado como tese (ver CONCLUSOES.md), mas o achado transferível foi o stop ATR 2.0. A pergunta aqui é sobre a dependência do ambiente: o resultado do 9/21 + ATR 2.0 se sustenta quando um papel sai do universo, quando o período começa três meses antes, quando o custo dobra? Como a tese já é fraca, o veredicto esperado é FRÁGIL — e isso é a calibragem da bancada. Um veredicto ROBUSTA aqui seria motivo para procurar vazamento no Componente 3, não para reabilitar o MAC.
",B3SA3.SA,2018-01-01,2024-01-01,MovingAverageCrossover,AtrStop,9,21,14,2.0,0.01,0.0,5,0.06793108996246855,0.011207867945956185,0.08472408253355707,0.319637655503189,0.23809552320269234,40,0.35,2.233225108145922,9.755241582657986,24.25,1.3589346328658616,0.15666127806758157,0.5080759825021006,0.5599165764038782,0.5759032369697461
mac_robustness-2026-08-17T14:44:27,leave_one_out,-BBDC4.SA,19,mac_robustness-2026-08-17T14:44:27-leave_one_out--BBDC4.SA,c000,1,perturbation,"O MAC já foi refutado como tese (ver CONCLUSOES.md), mas o achado transferível foi o stop ATR 2.0. A pergunta aqui é sobre a dependência do ambiente: o resultado do 9/21 + ATR 2.0 se sustenta quando um papel sai do universo, quando o período começa três meses antes, quando o custo dobra? Como a tese já é fraca, o veredicto esperado é FRÁGIL — e isso é a calibragem da bancada. Um veredicto ROBUSTA aqui seria motivo para procurar vazamento no Componente 3, não para reabilitar o MAC.
",RENT3.SA,2018-01-01,2024-01-01,MovingAverageCrossover,AtrStop,9,21,14,2.0,0.01,0.0,5,0.19416737975467324,0.030549675564468526,0.057104716742613804,0.8107081106449143,0.6749430354071683,30,0.4666666666666667,2.6731935012785564,54.89775361413639,38.833333333333336,2.2054468780501906,0.21840027589301458,0.5788070457072199,0.6633285053406202,0.7007424198425506
mac_robustness-2026-08-17T14:44:27,leave_one_out,-BBDC4.SA,19,mac_robustness-2026-08-17T14:44:27-leave_one_out--BBDC4.SA,c000,1,perturbation,"O MAC já foi refutado como tese (ver CONCLUSOES.md), mas o achado transferível foi o stop ATR 2.0. A pergunta aqui é sobre a dependência do ambiente: o resultado do 9/21 + ATR 2.0 se sustenta quando um papel sai do universo, quando o período começa três meses antes, quando o custo dobra? Como a tese já é fraca, o veredicto esperado é FRÁGIL — e isso é a calibragem da bancada. Um veredicto ROBUSTA aqui seria motivo para procurar vazamento no Componente 3, não para reabilitar o MAC.
",SUZB3.SA,2018-01-01,2024-01-01,MovingAverageCrossover,AtrStop,9,21,14,2.0,0.01,0.0,5,0.009776363963785117,0.0016512129635719575,0.09001228622136363,0.062488667832183445,0.045823784021143045,40,0.325,2.0472847646144032,-0.751369244276777,24.425,2.2628525094571708,0.22207336371369757,0.542505038014361,0.6954335252964217,0.7500215174779433
mac_robustness-2026-08-17T14:44:27,leave_one_out,-BBDC4.SA,19,mac_robustness-2026-08-17T14:44:27-leave_one_out--BBDC4.SA,c000,1,perturbation,"O MAC já foi refutado como tese (ver CONCLUSOES.md), mas o achado transferível foi o stop ATR 2.0. A pergunta aqui é sobre a dependência do ambiente: o resultado do 9/21 + ATR 2.0 se sustenta quando um papel sai do universo, quando o período começa três meses antes, quando o custo dobra? Como a tese já é fraca, o veredicto esperado é FRÁGIL — e isso é a calibragem da bancada. Um veredicto ROBUSTA aqui seria motivo para procurar vazamento no Componente 3, não para reabilitar o MAC.
",RADL3.SA,2018-01-01,2024-01-01,MovingAverageCrossover,AtrStop,9,21,14,2.0,0.01,0.0,5,-0.00468074384155992,-0.0007953206256853251,0.12182870058418376,-0.0014684528726604,-0.0011086942336080603,39,0.28205128205128205,2.343238424057113,-4.026576862064776,27.743589743589745,0.7846444500822587,0.10321164065927424,0.37378156172421995,0.46764487954317036,0.4781435498006237
mac_robustness-2026-08-17T14:44:27,leave_one_out,-WEGE3.SA,19,mac_robustness-2026-08-17T14:44:27-leave_one_out--WEGE3.SA,c000,1,perturbation,"O MAC já foi refutado como tese (ver CONCLUSOES.md), mas o achado transferível foi o stop ATR 2.0. A pergunta aqui é sobre a dependência do ambiente: o resultado do 9/21 + ATR 2.0 se sustenta quando um papel sai do universo, quando o período começa três meses antes, quando o custo dobra? Como a tese já é fraca, o veredicto esperado é FRÁGIL — e isso é a calibragem da bancada. Um veredicto ROBUSTA aqui seria motivo para procurar vazamento no Componente 3, não para reabilitar o MAC.
",PETR4.SA,2018-01-01,2024-01-01,MovingAverageCrossover,AtrStop,9,21,14,2.0,0.01,0.0,5,0.19252796540703843,0.030309614413773778,0.0557411620957477,0.6762717402958146,0.517498761257912,35,0.4857142857142857,2.1411796706281625,53.882742618286805,36.77142857142857,5.186759379563545,0.3621299060656151,0.6334388149879056,0.9050114357474695,0.8592562656948385
mac_robustness-2026-08-17T14:44:27,leave_one_out,-WEGE3.SA,19,mac_robustness-2026-08-17T14:44:27-leave_one_out--WEGE3.SA,c000,1,perturbation,"O MAC já foi refutado como tese (ver CONCLUSOES.md), mas o achado transferível foi o stop ATR 2.0. A pergunta aqui é sobre a dependência do ambiente: o resultado do 9/21 + ATR 2.0 se sustenta quando um papel sai do universo, quando o período começa três meses antes, quando o custo dobra? Como a tese já é fraca, o veredicto esperado é FRÁGIL — e isso é a calibragem da bancada. Um veredicto ROBUSTA aqui seria motivo para procurar vazamento no Componente 3, não para reabilitar o MAC.
",VALE3.SA,2018-01-01,2024-01-01,MovingAverageCrossover,AtrStop,9,21,14,2.0,0.01,0.0,5,0.0967536812596872,0.01578504013976545,0.0797061469229435,0.4046074515791428,0.2965982458354522,33,0.45454545454545453,1.852020114656909,29.342085582041463,34.39393939393939,1.8775843131148369,0.19630867117470907,0.4367132304800354,0.6556790288961812,0.6740443294508924
mac_robustness-2026-08-17T14:44:27,leave_one_out,-WEGE3.SA,19,mac_robustness-2026-08-17T14:44:27-leave_one_out--WEGE3.SA,c000,1,perturbation,"O MAC já foi refutado como tese (ver CONCLUSOES.md), mas o achado transferível foi o stop ATR 2.0. A pergunta aqui é sobre a dependência do ambiente: o resultado do 9/21 + ATR 2.0 se sustenta quando um papel sai do universo, quando o período começa três meses antes, quando o custo dobra? Como a tese já é fraca, o veredicto esperado é FRÁGIL — e isso é a calibragem da bancada. Um veredicto ROBUSTA aqui seria motivo para procurar vazamento no Componente 3, não para reabilitar o MAC.
",ITUB4.SA,2018-01-01,2024-01-01,MovingAverageCrossover,AtrStop,9,21,14,2.0,0.01,0.0,5,0.10466050137458294,0.01702320951508063,0.06566289242727381,0.4556575574949803,0.34428640195021804,35,0.42857142857142855,1.8735735962379807,17.75409141016574,29.82857142857143,0.5745387240487341,0.08002500637671339,0.4431910638398989,0.4005026724956395,0.4019551560857395
mac_robustness-2026-08-17T14:44:27,leave_one_out,-WEGE3.SA,19,mac_robustness-2026-08-17T14:44:27-leave_one_out--WEGE3.SA,c000,1,perturbation,"O MAC já foi refutado como tese (ver CONCLUSOES.md), mas o achado transferível foi o stop ATR 2.0. A pergunta aqui é sobre a dependência do ambiente: o resultado do 9/21 + ATR 2.0 se sustenta quando um papel sai do universo, quando o período começa três meses antes, quando o custo dobra? Como a tese já é fraca, o veredicto esperado é FRÁGIL — e isso é a calibragem da bancada. Um veredicto ROBUSTA aqui seria motivo para procurar vazamento no Componente 3, não para reabilitar o MAC.
",BBDC4.SA,2018-01-01,2024-01-01,MovingAverageCrossover,AtrStop,9,21,14,2.0,0.01,0.0,5,0.16096089165177419,0.025632907264085736,0.05262335885880395,0.7063124856908414,0.5256467759165431,32,0.5,1.9743367169824753,37.841564198759876,29.15625,0.15217602148745657,0.024312645355114126,0.5273594373056437,0.24872486781208933,0.2488330142400787
mac_robustness-2026-08-17T14:44:27,leave_one_out,-WEGE3.SA,19,mac_robustness-2026-08-17T14:44:27-leave_one_out--WEGE3.SA,c000,1,perturbation,"O MAC já foi refutado como tese (ver CONCLUSOES.md), mas o achado transferível foi o stop ATR 2.0. A pergunta aqui é sobre a dependência do ambiente: o resultado do 9/21 + ATR 2.0 se sustenta quando um papel sai do universo, quando o período começa três meses antes, quando o custo dobra? Como a tese já é fraca, o veredicto esperado é FRÁGIL — e isso é a calibragem da bancada. Um veredicto ROBUSTA aqui seria motivo para procurar vazamento no Componente 3, não para reabilitar o MAC.
",ABEV3.SA,2018-01-01,2024-01-01,MovingAverageCrossover,AtrStop,9,21,14,2.0,0.01,0.0,5,0.02292548797409455,0.0038512700879969053,0.05614259900206262,0.13474177991328581,0.0974820468405308,36,0.4722222222222222,1.1754503500291018,2.0096751556500956,26.27777777777778,-0.20343767995771445,-0.037837175506615695,0.5193113408019147,0.018256859166914927,0.018440769337576535
mac_robustness-2026-08-17T14:44:27,leave_one_out,-WEGE3.SA,19,mac_robustness-2026-08-17T14:44:27-leave_one_out--WEGE3.SA,c000,1,perturbation,"O MAC já foi refutado como tese (ver CONCLUSOES.md), mas o achado transferível foi o stop ATR 2.0. A pergunta aqui é sobre a dependência do ambiente: o resultado do 9/21 + ATR 2.0 se sustenta quando um papel sai do universo, quando o período começa três meses antes, quando o custo dobra? Como a tese já é fraca, o veredicto esperado é FRÁGIL — e isso é a calibragem da bancada. Um veredicto ROBUSTA aqui seria motivo para procurar vazamento no Componente 3, não para reabilitar o MAC.
",B3SA3.SA,2018-01-01,2024-01-01,MovingAverageCrossover,AtrStop,9,21,14,2.0,0.01,0.0,5,0.06793108996246855,0.011207867945956185,0.08472408253355707,0.319637655503189,0.23809552320269234,40,0.35,2.233225108145922,9.755241582657986,24.25,1.3589346328658616,0.15666127806758157,0.5080759825021006,0.5599165764038782,0.5759032369697461
mac_robustness-2026-08-17T14:44:27,leave_one_out,-WEGE3.SA,19,mac_robustness-2026-08-17T14:44:27-leave_one_out--WEGE3.SA,c000,1,perturbation,"O MAC já foi refutado como tese (ver CONCLUSOES.md), mas o achado transferível foi o stop ATR 2.0. A pergunta aqui é sobre a dependência do ambiente: o resultado do 9/21 + ATR 2.0 se sustenta quando um papel sai do universo, quando o período começa três meses antes, quando o custo dobra? Como a tese já é fraca, o veredicto esperado é FRÁGIL — e isso é a calibragem da bancada. Um veredicto ROBUSTA aqui seria motivo para procurar vazamento no Componente 3, não para reabilitar o MAC.
",RENT3.SA,2018-01-01,2024-01-01,MovingAverageCrossover,AtrStop,9,21,14,2.0,0.01,0.0,5,0.19416737975467324,0.030549675564468526,0.057104716742613804,0.8107081106449143,0.6749430354071683,30,0.4666666666666667,2.6731935012785564,54.89775361413639,38.833333333333336,2.2054468780501906,0.21840027589301458,0.5788070457072199,0.6633285053406202,0.7007424198425506
mac_robustness-2026-08-17T14:44:27,leave_one_out,-WEGE3.SA,19,mac_robustness-2026-08-17T14:44:27-leave_one_out--WEGE3.SA,c000,1,perturbation,"O MAC já foi refutado como tese (ver CONCLUSOES.md), mas o achado transferível foi o stop ATR 2.0. A pergunta aqui é sobre a dependência do ambiente: o resultado do 9/21 + ATR 2.0 se sustenta quando um papel sai do universo, quando o período começa três meses antes, quando o custo dobra? Como a tese já é fraca, o veredicto esperado é FRÁGIL — e isso é a calibragem da bancada. Um veredicto ROBUSTA aqui seria motivo para procurar vazamento no Componente 3, não para reabilitar o MAC.
",SUZB3.SA,2018-01-01,2024-01-01,MovingAverageCrossover,AtrStop,9,21,14,2.0,0.01,0.0,5,0.009776363963785117,0.0016512129635719575,0.09001228622136363,0.062488667832183445,0.045823784021143045,40,0.325,2.0472847646144032,-0.751369244276777,24.425,2.2628525094571708,0.22207336371369757,0.542505038014361,0.6954335252964217,0.7500215174779433
mac_robustness-2026-08-17T14:44:27,leave_one_out,-WEGE3.SA,19,mac_robustness-2026-08-17T14:44:27-leave_one_out--WEGE3.SA,c000,1,perturbation,"O MAC já foi refutado como tese (ver CONCLUSOES.md), mas o achado transferível foi o stop ATR 2.0. A pergunta aqui é sobre a dependência do ambiente: o resultado do 9/21 + ATR 2.0 se sustenta quando um papel sai do universo, quando o período começa três meses antes, quando o custo dobra? Como a tese já é fraca, o veredicto esperado é FRÁGIL — e isso é a calibragem da bancada. Um veredicto ROBUSTA aqui seria motivo para procurar vazamento no Componente 3, não para reabilitar o MAC.
",RADL3.SA,2018-01-01,2024-01-01,MovingAverageCrossover,AtrStop,9,21,14,2.0,0.01,0.0,5,-0.00468074384155992,-0.0007953206256853251,0.12182870058418376,-0.0014684528726604,-0.0011086942336080603,39,0.28205128205128205,2.343238424057113,-4.026576862064776,27.743589743589745,0.7846444500822587,0.10321164065927424,0.37378156172421995,0.46764487954317036,0.4781435498006237
mac_robustness-2026-08-17T14:44:27,leave_one_out,-ABEV3.SA,19,mac_robustness-2026-08-17T14:44:27-leave_one_out--ABEV3.SA,c000,1,perturbation,"O MAC já foi refutado como tese (ver CONCLUSOES.md), mas o achado transferível foi o stop ATR 2.0. A pergunta aqui é sobre a dependência do ambiente: o resultado do 9/21 + ATR 2.0 se sustenta quando um papel sai do universo, quando o período começa três meses antes, quando o custo dobra? Como a tese já é fraca, o veredicto esperado é FRÁGIL — e isso é a calibragem da bancada. Um veredicto ROBUSTA aqui seria motivo para procurar vazamento no Componente 3, não para reabilitar o MAC.
",PETR4.SA,2018-01-01,2024-01-01,MovingAverageCrossover,AtrStop,9,21,14,2.0,0.01,0.0,5,0.19252796540703843,0.030309614413773778,0.0557411620957477,0.6762717402958146,0.517498761257912,35,0.4857142857142857,2.1411796706281625,53.882742618286805,36.77142857142857,5.186759379563545,0.3621299060656151,0.6334388149879056,0.9050114357474695,0.8592562656948385
mac_robustness-2026-08-17T14:44:27,leave_one_out,-ABEV3.SA,19,mac_robustness-2026-08-17T14:44:27-leave_one_out--ABEV3.SA,c000,1,perturbation,"O MAC já foi refutado como tese (ver CONCLUSOES.md), mas o achado transferível foi o stop ATR 2.0. A pergunta aqui é sobre a dependência do ambiente: o resultado do 9/21 + ATR 2.0 se sustenta quando um papel sai do universo, quando o período começa três meses antes, quando o custo dobra? Como a tese já é fraca, o veredicto esperado é FRÁGIL — e isso é a calibragem da bancada. Um veredicto ROBUSTA aqui seria motivo para procurar vazamento no Componente 3, não para reabilitar o MAC.
",VALE3.SA,2018-01-01,2024-01-01,MovingAverageCrossover,AtrStop,9,21,14,2.0,0.01,0.0,5,0.0967536812596872,0.01578504013976545,0.0797061469229435,0.4046074515791428,0.2965982458354522,33,0.45454545454545453,1.852020114656909,29.342085582041463,34.39393939393939,1.8775843131148369,0.19630867117470907,0.4367132304800354,0.6556790288961812,0.6740443294508924
mac_robustness-2026-08-17T14:44:27,leave_one_out,-ABEV3.SA,19,mac_robustness-2026-08-17T14:44:27-leave_one_out--ABEV3.SA,c000,1,perturbation,"O MAC já foi refutado como tese (ver CONCLUSOES.md), mas o achado transferível foi o stop ATR 2.0. A pergunta aqui é sobre a dependência do ambiente: o resultado do 9/21 + ATR 2.0 se sustenta quando um papel sai do universo, quando o período começa três meses antes, quando o custo dobra? Como a tese já é fraca, o veredicto esperado é FRÁGIL — e isso é a calibragem da bancada. Um veredicto ROBUSTA aqui seria motivo para procurar vazamento no Componente 3, não para reabilitar o MAC.
",ITUB4.SA,2018-01-01,2024-01-01,MovingAverageCrossover,AtrStop,9,21,14,2.0,0.01,0.0,5,0.10466050137458294,0.01702320951508063,0.06566289242727381,0.4556575574949803,0.34428640195021804,35,0.42857142857142855,1.8735735962379807,17.75409141016574,29.82857142857143,0.5745387240487341,0.08002500637671339,0.4431910638398989,0.4005026724956395,0.4019551560857395
mac_robustness-2026-08-17T14:44:27,leave_one_out,-ABEV3.SA,19,mac_robustness-2026-08-17T14:44:27-leave_one_out--ABEV3.SA,c000,1,perturbation,"O MAC já foi refutado como tese (ver CONCLUSOES.md), mas o achado transferível foi o stop ATR 2.0. A pergunta aqui é sobre a dependência do ambiente: o resultado do 9/21 + ATR 2.0 se sustenta quando um papel sai do universo, quando o período começa três meses antes, quando o custo dobra? Como a tese já é fraca, o veredicto esperado é FRÁGIL — e isso é a calibragem da bancada. Um veredicto ROBUSTA aqui seria motivo para procurar vazamento no Componente 3, não para reabilitar o MAC.
",BBDC4.SA,2018-01-01,2024-01-01,MovingAverageCrossover,AtrStop,9,21,14,2.0,0.01,0.0,5,0.16096089165177419,0.025632907264085736,0.05262335885880395,0.7063124856908414,0.5256467759165431,32,0.5,1.9743367169824753,37.841564198759876,29.15625,0.15217602148745657,0.024312645355114126,0.5273594373056437,0.24872486781208933,0.2488330142400787
mac_robustness-2026-08-17T14:44:27,leave_one_out,-ABEV3.SA,19,mac_robustness-2026-08-17T14:44:27-leave_one_out--ABEV3.SA,c000,1,perturbation,"O MAC já foi refutado como tese (ver CONCLUSOES.md), mas o achado transferível foi o stop ATR 2.0. A pergunta aqui é sobre a dependência do ambiente: o resultado do 9/21 + ATR 2.0 se sustenta quando um papel sai do universo, quando o período começa três meses antes, quando o custo dobra? Como a tese já é fraca, o veredicto esperado é FRÁGIL — e isso é a calibragem da bancada. Um veredicto ROBUSTA aqui seria motivo para procurar vazamento no Componente 3, não para reabilitar o MAC.
",WEGE3.SA,2018-01-01,2024-01-01,MovingAverageCrossover,AtrStop,9,21,14,2.0,0.01,0.0,5,0.31179667090449303,0.047099933474862965,0.07359142588945976,0.9125923132682626,0.6909572166873414,37,0.43243243243243246,3.75490982599887,77.37076387497036,28.135135135135137,3.180570432290809,0.27453229985476724,0.49505712090764803,0.8468094797988444,0.8793642229149276
mac_robustness-2026-08-17T14:44:27,leave_one_out,-ABEV3.SA,19,mac_robustness-2026-08-17T14:44:27-leave_one_out--ABEV3.SA,c000,1,perturbation,"O MAC já foi refutado como tese (ver CONCLUSOES.md), mas o achado transferível foi o stop ATR 2.0. A pergunta aqui é sobre a dependência do ambiente: o resultado do 9/21 + ATR 2.0 se sustenta quando um papel sai do universo, quando o período começa três meses antes, quando o custo dobra? Como a tese já é fraca, o veredicto esperado é FRÁGIL — e isso é a calibragem da bancada. Um veredicto ROBUSTA aqui seria motivo para procurar vazamento no Componente 3, não para reabilitar o MAC.
",B3SA3.SA,2018-01-01,2024-01-01,MovingAverageCrossover,AtrStop,9,21,14,2.0,0.01,0.0,5,0.06793108996246855,0.011207867945956185,0.08472408253355707,0.319637655503189,0.23809552320269234,40,0.35,2.233225108145922,9.755241582657986,24.25,1.3589346328658616,0.15666127806758157,0.5080759825021006,0.5599165764038782,0.5759032369697461
mac_robustness-2026-08-17T14:44:27,leave_one_out,-ABEV3.SA,19,mac_robustness-2026-08-17T14:44:27-leave_one_out--ABEV3.SA,c000,1,perturbation,"O MAC já foi refutado como tese (ver CONCLUSOES.md), mas o achado transferível foi o stop ATR 2.0. A pergunta aqui é sobre a dependência do ambiente: o resultado do 9/21 + ATR 2.0 se sustenta quando um papel sai do universo, quando o período começa três meses antes, quando o custo dobra? Como a tese já é fraca, o veredicto esperado é FRÁGIL — e isso é a calibragem da bancada. Um veredicto ROBUSTA aqui seria motivo para procurar vazamento no Componente 3, não para reabilitar o MAC.
",RENT3.SA,2018-01-01,2024-01-01,MovingAverageCrossover,AtrStop,9,21,14,2.0,0.01,0.0,5,0.19416737975467324,0.030549675564468526,0.057104716742613804,0.8107081106449143,0.6749430354071683,30,0.4666666666666667,2.6731935012785564,54.89775361413639,38.833333333333336,2.2054468780501906,0.21840027589301458,0.5788070457072199,0.6633285053406202,0.7007424198425506
mac_robustness-2026-08-17T14:44:27,leave_one_out,-ABEV3.SA,19,mac_robustness-2026-08-17T14:44:27-leave_one_out--ABEV3.SA,c000,1,perturbation,"O MAC já foi refutado como tese (ver CONCLUSOES.md), mas o achado transferível foi o stop ATR 2.0. A pergunta aqui é sobre a dependência do ambiente: o resultado do 9/21 + ATR 2.0 se sustenta quando um papel sai do universo, quando o período começa três meses antes, quando o custo dobra? Como a tese já é fraca, o veredicto esperado é FRÁGIL — e isso é a calibragem da bancada. Um veredicto ROBUSTA aqui seria motivo para procurar vazamento no Componente 3, não para reabilitar o MAC.
",SUZB3.SA,2018-01-01,2024-01-01,MovingAverageCrossover,AtrStop,9,21,14,2.0,0.01,0.0,5,0.009776363963785117,0.0016512129635719575,0.09001228622136363,0.062488667832183445,0.045823784021143045,40,0.325,2.0472847646144032,-0.751369244276777,24.425,2.2628525094571708,0.22207336371369757,0.542505038014361,0.6954335252964217,0.7500215174779433
mac_robustness-2026-08-17T14:44:27,leave_one_out,-ABEV3.SA,19,mac_robustness-2026-08-17T14:44:27-leave_one_out--ABEV3.SA,c000,1,perturbation,"O MAC já foi refutado como tese (ver CONCLUSOES.md), mas o achado transferível foi o stop ATR 2.0. A pergunta aqui é sobre a dependência do ambiente: o resultado do 9/21 + ATR 2.0 se sustenta quando um papel sai do universo, quando o período começa três meses antes, quando o custo dobra? Como a tese já é fraca, o veredicto esperado é FRÁGIL — e isso é a calibragem da bancada. Um veredicto ROBUSTA aqui seria motivo para procurar vazamento no Componente 3, não para reabilitar o MAC.
",RADL3.SA,2018-01-01,2024-01-01,MovingAverageCrossover,AtrStop,9,21,14,2.0,0.01,0.0,5,-0.00468074384155992,-0.0007953206256853251,0.12182870058418376,-0.0014684528726604,-0.0011086942336080603,39,0.28205128205128205,2.343238424057113,-4.026576862064776,27.743589743589745,0.7846444500822587,0.10321164065927424,0.37378156172421995,0.46764487954317036,0.4781435498006237
mac_robustness-2026-08-17T14:44:27,leave_one_out,-B3SA3.SA,19,mac_robustness-2026-08-17T14:44:27-leave_one_out--B3SA3.SA,c000,1,perturbation,"O MAC já foi refutado como tese (ver CONCLUSOES.md), mas o achado transferível foi o stop ATR 2.0. A pergunta aqui é sobre a dependência do ambiente: o resultado do 9/21 + ATR 2.0 se sustenta quando um papel sai do universo, quando o período começa três meses antes, quando o custo dobra? Como a tese já é fraca, o veredicto esperado é FRÁGIL — e isso é a calibragem da bancada. Um veredicto ROBUSTA aqui seria motivo para procurar vazamento no Componente 3, não para reabilitar o MAC.
",PETR4.SA,2018-01-01,2024-01-01,MovingAverageCrossover,AtrStop,9,21,14,2.0,0.01,0.0,5,0.19252796540703843,0.030309614413773778,0.0557411620957477,0.6762717402958146,0.517498761257912,35,0.4857142857142857,2.1411796706281625,53.882742618286805,36.77142857142857,5.186759379563545,0.3621299060656151,0.6334388149879056,0.9050114357474695,0.8592562656948385
mac_robustness-2026-08-17T14:44:27,leave_one_out,-B3SA3.SA,19,mac_robustness-2026-08-17T14:44:27-leave_one_out--B3SA3.SA,c000,1,perturbation,"O MAC já foi refutado como tese (ver CONCLUSOES.md), mas o achado transferível foi o stop ATR 2.0. A pergunta aqui é sobre a dependência do ambiente: o resultado do 9/21 + ATR 2.0 se sustenta quando um papel sai do universo, quando o período começa três meses antes, quando o custo dobra? Como a tese já é fraca, o veredicto esperado é FRÁGIL — e isso é a calibragem da bancada. Um veredicto ROBUSTA aqui seria motivo para procurar vazamento no Componente 3, não para reabilitar o MAC.
",VALE3.SA,2018-01-01,2024-01-01,MovingAverageCrossover,AtrStop,9,21,14,2.0,0.01,0.0,5,0.0967536812596872,0.01578504013976545,0.0797061469229435,0.4046074515791428,0.2965982458354522,33,0.45454545454545453,1.852020114656909,29.342085582041463,34.39393939393939,1.8775843131148369,0.19630867117470907,0.4367132304800354,0.6556790288961812,0.6740443294508924
mac_robustness-2026-08-17T14:44:27,leave_one_out,-B3SA3.SA,19,mac_robustness-2026-08-17T14:44:27-leave_one_out--B3SA3.SA,c000,1,perturbation,"O MAC já foi refutado como tese (ver CONCLUSOES.md), mas o achado transferível foi o stop ATR 2.0. A pergunta aqui é sobre a dependência do ambiente: o resultado do 9/21 + ATR 2.0 se sustenta quando um papel sai do universo, quando o período começa três meses antes, quando o custo dobra? Como a tese já é fraca, o veredicto esperado é FRÁGIL — e isso é a calibragem da bancada. Um veredicto ROBUSTA aqui seria motivo para procurar vazamento no Componente 3, não para reabilitar o MAC.
",ITUB4.SA,2018-01-01,2024-01-01,MovingAverageCrossover,AtrStop,9,21,14,2.0,0.01,0.0,5,0.10466050137458294,0.01702320951508063,0.06566289242727381,0.4556575574949803,0.34428640195021804,35,0.42857142857142855,1.8735735962379807,17.75409141016574,29.82857142857143,0.5745387240487341,0.08002500637671339,0.4431910638398989,0.4005026724956395,0.4019551560857395
mac_robustness-2026-08-17T14:44:27,leave_one_out,-B3SA3.SA,19,mac_robustness-2026-08-17T14:44:27-leave_one_out--B3SA3.SA,c000,1,perturbation,"O MAC já foi refutado como tese (ver CONCLUSOES.md), mas o achado transferível foi o stop ATR 2.0. A pergunta aqui é sobre a dependência do ambiente: o resultado do 9/21 + ATR 2.0 se sustenta quando um papel sai do universo, quando o período começa três meses antes, quando o custo dobra? Como a tese já é fraca, o veredicto esperado é FRÁGIL — e isso é a calibragem da bancada. Um veredicto ROBUSTA aqui seria motivo para procurar vazamento no Componente 3, não para reabilitar o MAC.
",BBDC4.SA,2018-01-01,2024-01-01,MovingAverageCrossover,AtrStop,9,21,14,2.0,0.01,0.0,5,0.16096089165177419,0.025632907264085736,0.05262335885880395,0.7063124856908414,0.5256467759165431,32,0.5,1.9743367169824753,37.841564198759876,29.15625,0.15217602148745657,0.024312645355114126,0.5273594373056437,0.24872486781208933,0.2488330142400787
mac_robustness-2026-08-17T14:44:27,leave_one_out,-B3SA3.SA,19,mac_robustness-2026-08-17T14:44:27-leave_one_out--B3SA3.SA,c000,1,perturbation,"O MAC já foi refutado como tese (ver CONCLUSOES.md), mas o achado transferível foi o stop ATR 2.0. A pergunta aqui é sobre a dependência do ambiente: o resultado do 9/21 + ATR 2.0 se sustenta quando um papel sai do universo, quando o período começa três meses antes, quando o custo dobra? Como a tese já é fraca, o veredicto esperado é FRÁGIL — e isso é a calibragem da bancada. Um veredicto ROBUSTA aqui seria motivo para procurar vazamento no Componente 3, não para reabilitar o MAC.
",WEGE3.SA,2018-01-01,2024-01-01,MovingAverageCrossover,AtrStop,9,21,14,2.0,0.01,0.0,5,0.31179667090449303,0.047099933474862965,0.07359142588945976,0.9125923132682626,0.6909572166873414,37,0.43243243243243246,3.75490982599887,77.37076387497036,28.135135135135137,3.180570432290809,0.27453229985476724,0.49505712090764803,0.8468094797988444,0.8793642229149276
mac_robustness-2026-08-17T14:44:27,leave_one_out,-B3SA3.SA,19,mac_robustness-2026-08-17T14:44:27-leave_one_out--B3SA3.SA,c000,1,perturbation,"O MAC já foi refutado como tese (ver CONCLUSOES.md), mas o achado transferível foi o stop ATR 2.0. A pergunta aqui é sobre a dependência do ambiente: o resultado do 9/21 + ATR 2.0 se sustenta quando um papel sai do universo, quando o período começa três meses antes, quando o custo dobra? Como a tese já é fraca, o veredicto esperado é FRÁGIL — e isso é a calibragem da bancada. Um veredicto ROBUSTA aqui seria motivo para procurar vazamento no Componente 3, não para reabilitar o MAC.
",ABEV3.SA,2018-01-01,2024-01-01,MovingAverageCrossover,AtrStop,9,21,14,2.0,0.01,0.0,5,0.02292548797409455,0.0038512700879969053,0.05614259900206262,0.13474177991328581,0.0974820468405308,36,0.4722222222222222,1.1754503500291018,2.0096751556500956,26.27777777777778,-0.20343767995771445,-0.037837175506615695,0.5193113408019147,0.018256859166914927,0.018440769337576535
mac_robustness-2026-08-17T14:44:27,leave_one_out,-B3SA3.SA,19,mac_robustness-2026-08-17T14:44:27-leave_one_out--B3SA3.SA,c000,1,perturbation,"O MAC já foi refutado como tese (ver CONCLUSOES.md), mas o achado transferível foi o stop ATR 2.0. A pergunta aqui é sobre a dependência do ambiente: o resultado do 9/21 + ATR 2.0 se sustenta quando um papel sai do universo, quando o período começa três meses antes, quando o custo dobra? Como a tese já é fraca, o veredicto esperado é FRÁGIL — e isso é a calibragem da bancada. Um veredicto ROBUSTA aqui seria motivo para procurar vazamento no Componente 3, não para reabilitar o MAC.
",RENT3.SA,2018-01-01,2024-01-01,MovingAverageCrossover,AtrStop,9,21,14,2.0,0.01,0.0,5,0.19416737975467324,0.030549675564468526,0.057104716742613804,0.8107081106449143,0.6749430354071683,30,0.4666666666666667,2.6731935012785564,54.89775361413639,38.833333333333336,2.2054468780501906,0.21840027589301458,0.5788070457072199,0.6633285053406202,0.7007424198425506
mac_robustness-2026-08-17T14:44:27,leave_one_out,-B3SA3.SA,19,mac_robustness-2026-08-17T14:44:27-leave_one_out--B3SA3.SA,c000,1,perturbation,"O MAC já foi refutado como tese (ver CONCLUSOES.md), mas o achado transferível foi o stop ATR 2.0. A pergunta aqui é sobre a dependência do ambiente: o resultado do 9/21 + ATR 2.0 se sustenta quando um papel sai do universo, quando o período começa três meses antes, quando o custo dobra? Como a tese já é fraca, o veredicto esperado é FRÁGIL — e isso é a calibragem da bancada. Um veredicto ROBUSTA aqui seria motivo para procurar vazamento no Componente 3, não para reabilitar o MAC.
",SUZB3.SA,2018-01-01,2024-01-01,MovingAverageCrossover,AtrStop,9,21,14,2.0,0.01,0.0,5,0.009776363963785117,0.0016512129635719575,0.09001228622136363,0.062488667832183445,0.045823784021143045,40,0.325,2.0472847646144032,-0.751369244276777,24.425,2.2628525094571708,0.22207336371369757,0.542505038014361,0.6954335252964217,0.7500215174779433
mac_robustness-2026-08-17T14:44:27,leave_one_out,-B3SA3.SA,19,mac_robustness-2026-08-17T14:44:27-leave_one_out--B3SA3.SA,c000,1,perturbation,"O MAC já foi refutado como tese (ver CONCLUSOES.md), mas o achado transferível foi o stop ATR 2.0. A pergunta aqui é sobre a dependência do ambiente: o resultado do 9/21 + ATR 2.0 se sustenta quando um papel sai do universo, quando o período começa três meses antes, quando o custo dobra? Como a tese já é fraca, o veredicto esperado é FRÁGIL — e isso é a calibragem da bancada. Um veredicto ROBUSTA aqui seria motivo para procurar vazamento no Componente 3, não para reabilitar o MAC.
",RADL3.SA,2018-01-01,2024-01-01,MovingAverageCrossover,AtrStop,9,21,14,2.0,0.01,0.0,5,-0.00468074384155992,-0.0007953206256853251,0.12182870058418376,-0.0014684528726604,-0.0011086942336080603,39,0.28205128205128205,2.343238424057113,-4.026576862064776,27.743589743589745,0.7846444500822587,0.10321164065927424,0.37378156172421995,0.46764487954317036,0.4781435498006237
mac_robustness-2026-08-17T14:44:27,leave_one_out,-RENT3.SA,19,mac_robustness-2026-08-17T14:44:27-leave_one_out--RENT3.SA,c000,1,perturbation,"O MAC já foi refutado como tese (ver CONCLUSOES.md), mas o achado transferível foi o stop ATR 2.0. A pergunta aqui é sobre a dependência do ambiente: o resultado do 9/21 + ATR 2.0 se sustenta quando um papel sai do universo, quando o período começa três meses antes, quando o custo dobra? Como a tese já é fraca, o veredicto esperado é FRÁGIL — e isso é a calibragem da bancada. Um veredicto ROBUSTA aqui seria motivo para procurar vazamento no Componente 3, não para reabilitar o MAC.
",PETR4.SA,2018-01-01,2024-01-01,MovingAverageCrossover,AtrStop,9,21,14,2.0,0.01,0.0,5,0.19252796540703843,0.030309614413773778,0.0557411620957477,0.6762717402958146,0.517498761257912,35,0.4857142857142857,2.1411796706281625,53.882742618286805,36.77142857142857,5.186759379563545,0.3621299060656151,0.6334388149879056,0.9050114357474695,0.8592562656948385
mac_robustness-2026-08-17T14:44:27,leave_one_out,-RENT3.SA,19,mac_robustness-2026-08-17T14:44:27-leave_one_out--RENT3.SA,c000,1,perturbation,"O MAC já foi refutado como tese (ver CONCLUSOES.md), mas o achado transferível foi o stop ATR 2.0. A pergunta aqui é sobre a dependência do ambiente: o resultado do 9/21 + ATR 2.0 se sustenta quando um papel sai do universo, quando o período começa três meses antes, quando o custo dobra? Como a tese já é fraca, o veredicto esperado é FRÁGIL — e isso é a calibragem da bancada. Um veredicto ROBUSTA aqui seria motivo para procurar vazamento no Componente 3, não para reabilitar o MAC.
",VALE3.SA,2018-01-01,2024-01-01,MovingAverageCrossover,AtrStop,9,21,14,2.0,0.01,0.0,5,0.0967536812596872,0.01578504013976545,0.0797061469229435,0.4046074515791428,0.2965982458354522,33,0.45454545454545453,1.852020114656909,29.342085582041463,34.39393939393939,1.8775843131148369,0.19630867117470907,0.4367132304800354,0.6556790288961812,0.6740443294508924
mac_robustness-2026-08-17T14:44:27,leave_one_out,-RENT3.SA,19,mac_robustness-2026-08-17T14:44:27-leave_one_out--RENT3.SA,c000,1,perturbation,"O MAC já foi refutado como tese (ver CONCLUSOES.md), mas o achado transferível foi o stop ATR 2.0. A pergunta aqui é sobre a dependência do ambiente: o resultado do 9/21 + ATR 2.0 se sustenta quando um papel sai do universo, quando o período começa três meses antes, quando o custo dobra? Como a tese já é fraca, o veredicto esperado é FRÁGIL — e isso é a calibragem da bancada. Um veredicto ROBUSTA aqui seria motivo para procurar vazamento no Componente 3, não para reabilitar o MAC.
",ITUB4.SA,2018-01-01,2024-01-01,MovingAverageCrossover,AtrStop,9,21,14,2.0,0.01,0.0,5,0.10466050137458294,0.01702320951508063,0.06566289242727381,0.4556575574949803,0.34428640195021804,35,0.42857142857142855,1.8735735962379807,17.75409141016574,29.82857142857143,0.5745387240487341,0.08002500637671339,0.4431910638398989,0.4005026724956395,0.4019551560857395
mac_robustness-2026-08-17T14:44:27,leave_one_out,-RENT3.SA,19,mac_robustness-2026-08-17T14:44:27-leave_one_out--RENT3.SA,c000,1,perturbation,"O MAC já foi refutado como tese (ver CONCLUSOES.md), mas o achado transferível foi o stop ATR 2.0. A pergunta aqui é sobre a dependência do ambiente: o resultado do 9/21 + ATR 2.0 se sustenta quando um papel sai do universo, quando o período começa três meses antes, quando o custo dobra? Como a tese já é fraca, o veredicto esperado é FRÁGIL — e isso é a calibragem da bancada. Um veredicto ROBUSTA aqui seria motivo para procurar vazamento no Componente 3, não para reabilitar o MAC.
",BBDC4.SA,2018-01-01,2024-01-01,MovingAverageCrossover,AtrStop,9,21,14,2.0,0.01,0.0,5,0.16096089165177419,0.025632907264085736,0.05262335885880395,0.7063124856908414,0.5256467759165431,32,0.5,1.9743367169824753,37.841564198759876,29.15625,0.15217602148745657,0.024312645355114126,0.5273594373056437,0.24872486781208933,0.2488330142400787
mac_robustness-2026-08-17T14:44:27,leave_one_out,-RENT3.SA,19,mac_robustness-2026-08-17T14:44:27-leave_one_out--RENT3.SA,c000,1,perturbation,"O MAC já foi refutado como tese (ver CONCLUSOES.md), mas o achado transferível foi o stop ATR 2.0. A pergunta aqui é sobre a dependência do ambiente: o resultado do 9/21 + ATR 2.0 se sustenta quando um papel sai do universo, quando o período começa três meses antes, quando o custo dobra? Como a tese já é fraca, o veredicto esperado é FRÁGIL — e isso é a calibragem da bancada. Um veredicto ROBUSTA aqui seria motivo para procurar vazamento no Componente 3, não para reabilitar o MAC.
",WEGE3.SA,2018-01-01,2024-01-01,MovingAverageCrossover,AtrStop,9,21,14,2.0,0.01,0.0,5,0.31179667090449303,0.047099933474862965,0.07359142588945976,0.9125923132682626,0.6909572166873414,37,0.43243243243243246,3.75490982599887,77.37076387497036,28.135135135135137,3.180570432290809,0.27453229985476724,0.49505712090764803,0.8468094797988444,0.8793642229149276
mac_robustness-2026-08-17T14:44:27,leave_one_out,-RENT3.SA,19,mac_robustness-2026-08-17T14:44:27-leave_one_out--RENT3.SA,c000,1,perturbation,"O MAC já foi refutado como tese (ver CONCLUSOES.md), mas o achado transferível foi o stop ATR 2.0. A pergunta aqui é sobre a dependência do ambiente: o resultado do 9/21 + ATR 2.0 se sustenta quando um papel sai do universo, quando o período começa três meses antes, quando o custo dobra? Como a tese já é fraca, o veredicto esperado é FRÁGIL — e isso é a calibragem da bancada. Um veredicto ROBUSTA aqui seria motivo para procurar vazamento no Componente 3, não para reabilitar o MAC.
",ABEV3.SA,2018-01-01,2024-01-01,MovingAverageCrossover,AtrStop,9,21,14,2.0,0.01,0.0,5,0.02292548797409455,0.0038512700879969053,0.05614259900206262,0.13474177991328581,0.0974820468405308,36,0.4722222222222222,1.1754503500291018,2.0096751556500956,26.27777777777778,-0.20343767995771445,-0.037837175506615695,0.5193113408019147,0.018256859166914927,0.018440769337576535
mac_robustness-2026-08-17T14:44:27,leave_one_out,-RENT3.SA,19,mac_robustness-2026-08-17T14:44:27-leave_one_out--RENT3.SA,c000,1,perturbation,"O MAC já foi refutado como tese (ver CONCLUSOES.md), mas o achado transferível foi o stop ATR 2.0. A pergunta aqui é sobre a dependência do ambiente: o resultado do 9/21 + ATR 2.0 se sustenta quando um papel sai do universo, quando o período começa três meses antes, quando o custo dobra? Como a tese já é fraca, o veredicto esperado é FRÁGIL — e isso é a calibragem da bancada. Um veredicto ROBUSTA aqui seria motivo para procurar vazamento no Componente 3, não para reabilitar o MAC.
",B3SA3.SA,2018-01-01,2024-01-01,MovingAverageCrossover,AtrStop,9,21,14,2.0,0.01,0.0,5,0.06793108996246855,0.011207867945956185,0.08472408253355707,0.319637655503189,0.23809552320269234,40,0.35,2.233225108145922,9.755241582657986,24.25,1.3589346328658616,0.15666127806758157,0.5080759825021006,0.5599165764038782,0.5759032369697461
mac_robustness-2026-08-17T14:44:27,leave_one_out,-RENT3.SA,19,mac_robustness-2026-08-17T14:44:27-leave_one_out--RENT3.SA,c000,1,perturbation,"O MAC já foi refutado como tese (ver CONCLUSOES.md), mas o achado transferível foi o stop ATR 2.0. A pergunta aqui é sobre a dependência do ambiente: o resultado do 9/21 + ATR 2.0 se sustenta quando um papel sai do universo, quando o período começa três meses antes, quando o custo dobra? Como a tese já é fraca, o veredicto esperado é FRÁGIL — e isso é a calibragem da bancada. Um veredicto ROBUSTA aqui seria motivo para procurar vazamento no Componente 3, não para reabilitar o MAC.
",SUZB3.SA,2018-01-01,2024-01-01,MovingAverageCrossover,AtrStop,9,21,14,2.0,0.01,0.0,5,0.009776363963785117,0.0016512129635719575,0.09001228622136363,0.062488667832183445,0.045823784021143045,40,0.325,2.0472847646144032,-0.751369244276777,24.425,2.2628525094571708,0.22207336371369757,0.542505038014361,0.6954335252964217,0.7500215174779433
mac_robustness-2026-08-17T14:44:27,leave_one_out,-RENT3.SA,19,mac_robustness-2026-08-17T14:44:27-leave_one_out--RENT3.SA,c000,1,perturbation,"O MAC já foi refutado como tese (ver CONCLUSOES.md), mas o achado transferível foi o stop ATR 2.0. A pergunta aqui é sobre a dependência do ambiente: o resultado do 9/21 + ATR 2.0 se sustenta quando um papel sai do universo, quando o período começa três meses antes, quando o custo dobra? Como a tese já é fraca, o veredicto esperado é FRÁGIL — e isso é a calibragem da bancada. Um veredicto ROBUSTA aqui seria motivo para procurar vazamento no Componente 3, não para reabilitar o MAC.
",RADL3.SA,2018-01-01,2024-01-01,MovingAverageCrossover,AtrStop,9,21,14,2.0,0.01,0.0,5,-0.00468074384155992,-0.0007953206256853251,0.12182870058418376,-0.0014684528726604,-0.0011086942336080603,39,0.28205128205128205,2.343238424057113,-4.026576862064776,27.743589743589745,0.7846444500822587,0.10321164065927424,0.37378156172421995,0.46764487954317036,0.4781435498006237
mac_robustness-2026-08-17T14:44:27,leave_one_out,-SUZB3.SA,19,mac_robustness-2026-08-17T14:44:27-leave_one_out--SUZB3.SA,c000,1,perturbation,"O MAC já foi refutado como tese (ver CONCLUSOES.md), mas o achado transferível foi o stop ATR 2.0. A pergunta aqui é sobre a dependência do ambiente: o resultado do 9/21 + ATR 2.0 se sustenta quando um papel sai do universo, quando o período começa três meses antes, quando o custo dobra? Como a tese já é fraca, o veredicto esperado é FRÁGIL — e isso é a calibragem da bancada. Um veredicto ROBUSTA aqui seria motivo para procurar vazamento no Componente 3, não para reabilitar o MAC.
",PETR4.SA,2018-01-01,2024-01-01,MovingAverageCrossover,AtrStop,9,21,14,2.0,0.01,0.0,5,0.19252796540703843,0.030309614413773778,0.0557411620957477,0.6762717402958146,0.517498761257912,35,0.4857142857142857,2.1411796706281625,53.882742618286805,36.77142857142857,5.186759379563545,0.3621299060656151,0.6334388149879056,0.9050114357474695,0.8592562656948385
mac_robustness-2026-08-17T14:44:27,leave_one_out,-SUZB3.SA,19,mac_robustness-2026-08-17T14:44:27-leave_one_out--SUZB3.SA,c000,1,perturbation,"O MAC já foi refutado como tese (ver CONCLUSOES.md), mas o achado transferível foi o stop ATR 2.0. A pergunta aqui é sobre a dependência do ambiente: o resultado do 9/21 + ATR 2.0 se sustenta quando um papel sai do universo, quando o período começa três meses antes, quando o custo dobra? Como a tese já é fraca, o veredicto esperado é FRÁGIL — e isso é a calibragem da bancada. Um veredicto ROBUSTA aqui seria motivo para procurar vazamento no Componente 3, não para reabilitar o MAC.
",VALE3.SA,2018-01-01,2024-01-01,MovingAverageCrossover,AtrStop,9,21,14,2.0,0.01,0.0,5,0.0967536812596872,0.01578504013976545,0.0797061469229435,0.4046074515791428,0.2965982458354522,33,0.45454545454545453,1.852020114656909,29.342085582041463,34.39393939393939,1.8775843131148369,0.19630867117470907,0.4367132304800354,0.6556790288961812,0.6740443294508924
mac_robustness-2026-08-17T14:44:27,leave_one_out,-SUZB3.SA,19,mac_robustness-2026-08-17T14:44:27-leave_one_out--SUZB3.SA,c000,1,perturbation,"O MAC já foi refutado como tese (ver CONCLUSOES.md), mas o achado transferível foi o stop ATR 2.0. A pergunta aqui é sobre a dependência do ambiente: o resultado do 9/21 + ATR 2.0 se sustenta quando um papel sai do universo, quando o período começa três meses antes, quando o custo dobra? Como a tese já é fraca, o veredicto esperado é FRÁGIL — e isso é a calibragem da bancada. Um veredicto ROBUSTA aqui seria motivo para procurar vazamento no Componente 3, não para reabilitar o MAC.
",ITUB4.SA,2018-01-01,2024-01-01,MovingAverageCrossover,AtrStop,9,21,14,2.0,0.01,0.0,5,0.10466050137458294,0.01702320951508063,0.06566289242727381,0.4556575574949803,0.34428640195021804,35,0.42857142857142855,1.8735735962379807,17.75409141016574,29.82857142857143,0.5745387240487341,0.08002500637671339,0.4431910638398989,0.4005026724956395,0.4019551560857395
mac_robustness-2026-08-17T14:44:27,leave_one_out,-SUZB3.SA,19,mac_robustness-2026-08-17T14:44:27-leave_one_out--SUZB3.SA,c000,1,perturbation,"O MAC já foi refutado como tese (ver CONCLUSOES.md), mas o achado transferível foi o stop ATR 2.0. A pergunta aqui é sobre a dependência do ambiente: o resultado do 9/21 + ATR 2.0 se sustenta quando um papel sai do universo, quando o período começa três meses antes, quando o custo dobra? Como a tese já é fraca, o veredicto esperado é FRÁGIL — e isso é a calibragem da bancada. Um veredicto ROBUSTA aqui seria motivo para procurar vazamento no Componente 3, não para reabilitar o MAC.
",BBDC4.SA,2018-01-01,2024-01-01,MovingAverageCrossover,AtrStop,9,21,14,2.0,0.01,0.0,5,0.16096089165177419,0.025632907264085736,0.05262335885880395,0.7063124856908414,0.5256467759165431,32,0.5,1.9743367169824753,37.841564198759876,29.15625,0.15217602148745657,0.024312645355114126,0.5273594373056437,0.24872486781208933,0.2488330142400787
mac_robustness-2026-08-17T14:44:27,leave_one_out,-SUZB3.SA,19,mac_robustness-2026-08-17T14:44:27-leave_one_out--SUZB3.SA,c000,1,perturbation,"O MAC já foi refutado como tese (ver CONCLUSOES.md), mas o achado transferível foi o stop ATR 2.0. A pergunta aqui é sobre a dependência do ambiente: o resultado do 9/21 + ATR 2.0 se sustenta quando um papel sai do universo, quando o período começa três meses antes, quando o custo dobra? Como a tese já é fraca, o veredicto esperado é FRÁGIL — e isso é a calibragem da bancada. Um veredicto ROBUSTA aqui seria motivo para procurar vazamento no Componente 3, não para reabilitar o MAC.
",WEGE3.SA,2018-01-01,2024-01-01,MovingAverageCrossover,AtrStop,9,21,14,2.0,0.01,0.0,5,0.31179667090449303,0.047099933474862965,0.07359142588945976,0.9125923132682626,0.6909572166873414,37,0.43243243243243246,3.75490982599887,77.37076387497036,28.135135135135137,3.180570432290809,0.27453229985476724,0.49505712090764803,0.8468094797988444,0.8793642229149276
mac_robustness-2026-08-17T14:44:27,leave_one_out,-SUZB3.SA,19,mac_robustness-2026-08-17T14:44:27-leave_one_out--SUZB3.SA,c000,1,perturbation,"O MAC já foi refutado como tese (ver CONCLUSOES.md), mas o achado transferível foi o stop ATR 2.0. A pergunta aqui é sobre a dependência do ambiente: o resultado do 9/21 + ATR 2.0 se sustenta quando um papel sai do universo, quando o período começa três meses antes, quando o custo dobra? Como a tese já é fraca, o veredicto esperado é FRÁGIL — e isso é a calibragem da bancada. Um veredicto ROBUSTA aqui seria motivo para procurar vazamento no Componente 3, não para reabilitar o MAC.
",ABEV3.SA,2018-01-01,2024-01-01,MovingAverageCrossover,AtrStop,9,21,14,2.0,0.01,0.0,5,0.02292548797409455,0.0038512700879969053,0.05614259900206262,0.13474177991328581,0.0974820468405308,36,0.4722222222222222,1.1754503500291018,2.0096751556500956,26.27777777777778,-0.20343767995771445,-0.037837175506615695,0.5193113408019147,0.018256859166914927,0.018440769337576535
mac_robustness-2026-08-17T14:44:27,leave_one_out,-SUZB3.SA,19,mac_robustness-2026-08-17T14:44:27-leave_one_out--SUZB3.SA,c000,1,perturbation,"O MAC já foi refutado como tese (ver CONCLUSOES.md), mas o achado transferível foi o stop ATR 2.0. A pergunta aqui é sobre a dependência do ambiente: o resultado do 9/21 + ATR 2.0 se sustenta quando um papel sai do universo, quando o período começa três meses antes, quando o custo dobra? Como a tese já é fraca, o veredicto esperado é FRÁGIL — e isso é a calibragem da bancada. Um veredicto ROBUSTA aqui seria motivo para procurar vazamento no Componente 3, não para reabilitar o MAC.
",B3SA3.SA,2018-01-01,2024-01-01,MovingAverageCrossover,AtrStop,9,21,14,2.0,0.01,0.0,5,0.06793108996246855,0.011207867945956185,0.08472408253355707,0.319637655503189,0.23809552320269234,40,0.35,2.233225108145922,9.755241582657986,24.25,1.3589346328658616,0.15666127806758157,0.5080759825021006,0.5599165764038782,0.5759032369697461
mac_robustness-2026-08-17T14:44:27,leave_one_out,-SUZB3.SA,19,mac_robustness-2026-08-17T14:44:27-leave_one_out--SUZB3.SA,c000,1,perturbation,"O MAC já foi refutado como tese (ver CONCLUSOES.md), mas o achado transferível foi o stop ATR 2.0. A pergunta aqui é sobre a dependência do ambiente: o resultado do 9/21 + ATR 2.0 se sustenta quando um papel sai do universo, quando o período começa três meses antes, quando o custo dobra? Como a tese já é fraca, o veredicto esperado é FRÁGIL — e isso é a calibragem da bancada. Um veredicto ROBUSTA aqui seria motivo para procurar vazamento no Componente 3, não para reabilitar o MAC.
",RENT3.SA,2018-01-01,2024-01-01,MovingAverageCrossover,AtrStop,9,21,14,2.0,0.01,0.0,5,0.19416737975467324,0.030549675564468526,0.057104716742613804,0.8107081106449143,0.6749430354071683,30,0.4666666666666667,2.6731935012785564,54.89775361413639,38.833333333333336,2.2054468780501906,0.21840027589301458,0.5788070457072199,0.6633285053406202,0.7007424198425506
mac_robustness-2026-08-17T14:44:27,leave_one_out,-SUZB3.SA,19,mac_robustness-2026-08-17T14:44:27-leave_one_out--SUZB3.SA,c000,1,perturbation,"O MAC já foi refutado como tese (ver CONCLUSOES.md), mas o achado transferível foi o stop ATR 2.0. A pergunta aqui é sobre a dependência do ambiente: o resultado do 9/21 + ATR 2.0 se sustenta quando um papel sai do universo, quando o período começa três meses antes, quando o custo dobra? Como a tese já é fraca, o veredicto esperado é FRÁGIL — e isso é a calibragem da bancada. Um veredicto ROBUSTA aqui seria motivo para procurar vazamento no Componente 3, não para reabilitar o MAC.
",RADL3.SA,2018-01-01,2024-01-01,MovingAverageCrossover,AtrStop,9,21,14,2.0,0.01,0.0,5,-0.00468074384155992,-0.0007953206256853251,0.12182870058418376,-0.0014684528726604,-0.0011086942336080603,39,0.28205128205128205,2.343238424057113,-4.026576862064776,27.743589743589745,0.7846444500822587,0.10321164065927424,0.37378156172421995,0.46764487954317036,0.4781435498006237
mac_robustness-2026-08-17T14:44:27,leave_one_out,-RADL3.SA,19,mac_robustness-2026-08-17T14:44:27-leave_one_out--RADL3.SA,c000,1,perturbation,"O MAC já foi refutado como tese (ver CONCLUSOES.md), mas o achado transferível foi o stop ATR 2.0. A pergunta aqui é sobre a dependência do ambiente: o resultado do 9/21 + ATR 2.0 se sustenta quando um papel sai do universo, quando o período começa três meses antes, quando o custo dobra? Como a tese já é fraca, o veredicto esperado é FRÁGIL — e isso é a calibragem da bancada. Um veredicto ROBUSTA aqui seria motivo para procurar vazamento no Componente 3, não para reabilitar o MAC.
",PETR4.SA,2018-01-01,2024-01-01,MovingAverageCrossover,AtrStop,9,21,14,2.0,0.01,0.0,5,0.19252796540703843,0.030309614413773778,0.0557411620957477,0.6762717402958146,0.517498761257912,35,0.4857142857142857,2.1411796706281625,53.882742618286805,36.77142857142857,5.186759379563545,0.3621299060656151,0.6334388149879056,0.9050114357474695,0.8592562656948385
mac_robustness-2026-08-17T14:44:27,leave_one_out,-RADL3.SA,19,mac_robustness-2026-08-17T14:44:27-leave_one_out--RADL3.SA,c000,1,perturbation,"O MAC já foi refutado como tese (ver CONCLUSOES.md), mas o achado transferível foi o stop ATR 2.0. A pergunta aqui é sobre a dependência do ambiente: o resultado do 9/21 + ATR 2.0 se sustenta quando um papel sai do universo, quando o período começa três meses antes, quando o custo dobra? Como a tese já é fraca, o veredicto esperado é FRÁGIL — e isso é a calibragem da bancada. Um veredicto ROBUSTA aqui seria motivo para procurar vazamento no Componente 3, não para reabilitar o MAC.
",VALE3.SA,2018-01-01,2024-01-01,MovingAverageCrossover,AtrStop,9,21,14,2.0,0.01,0.0,5,0.0967536812596872,0.01578504013976545,0.0797061469229435,0.4046074515791428,0.2965982458354522,33,0.45454545454545453,1.852020114656909,29.342085582041463,34.39393939393939,1.8775843131148369,0.19630867117470907,0.4367132304800354,0.6556790288961812,0.6740443294508924
mac_robustness-2026-08-17T14:44:27,leave_one_out,-RADL3.SA,19,mac_robustness-2026-08-17T14:44:27-leave_one_out--RADL3.SA,c000,1,perturbation,"O MAC já foi refutado como tese (ver CONCLUSOES.md), mas o achado transferível foi o stop ATR 2.0. A pergunta aqui é sobre a dependência do ambiente: o resultado do 9/21 + ATR 2.0 se sustenta quando um papel sai do universo, quando o período começa três meses antes, quando o custo dobra? Como a tese já é fraca, o veredicto esperado é FRÁGIL — e isso é a calibragem da bancada. Um veredicto ROBUSTA aqui seria motivo para procurar vazamento no Componente 3, não para reabilitar o MAC.
",ITUB4.SA,2018-01-01,2024-01-01,MovingAverageCrossover,AtrStop,9,21,14,2.0,0.01,0.0,5,0.10466050137458294,0.01702320951508063,0.06566289242727381,0.4556575574949803,0.34428640195021804,35,0.42857142857142855,1.8735735962379807,17.75409141016574,29.82857142857143,0.5745387240487341,0.08002500637671339,0.4431910638398989,0.4005026724956395,0.4019551560857395
mac_robustness-2026-08-17T14:44:27,leave_one_out,-RADL3.SA,19,mac_robustness-2026-08-17T14:44:27-leave_one_out--RADL3.SA,c000,1,perturbation,"O MAC já foi refutado como tese (ver CONCLUSOES.md), mas o achado transferível foi o stop ATR 2.0. A pergunta aqui é sobre a dependência do ambiente: o resultado do 9/21 + ATR 2.0 se sustenta quando um papel sai do universo, quando o período começa três meses antes, quando o custo dobra? Como a tese já é fraca, o veredicto esperado é FRÁGIL — e isso é a calibragem da bancada. Um veredicto ROBUSTA aqui seria motivo para procurar vazamento no Componente 3, não para reabilitar o MAC.
",BBDC4.SA,2018-01-01,2024-01-01,MovingAverageCrossover,AtrStop,9,21,14,2.0,0.01,0.0,5,0.16096089165177419,0.025632907264085736,0.05262335885880395,0.7063124856908414,0.5256467759165431,32,0.5,1.9743367169824753,37.841564198759876,29.15625,0.15217602148745657,0.024312645355114126,0.5273594373056437,0.24872486781208933,0.2488330142400787
mac_robustness-2026-08-17T14:44:27,leave_one_out,-RADL3.SA,19,mac_robustness-2026-08-17T14:44:27-leave_one_out--RADL3.SA,c000,1,perturbation,"O MAC já foi refutado como tese (ver CONCLUSOES.md), mas o achado transferível foi o stop ATR 2.0. A pergunta aqui é sobre a dependência do ambiente: o resultado do 9/21 + ATR 2.0 se sustenta quando um papel sai do universo, quando o período começa três meses antes, quando o custo dobra? Como a tese já é fraca, o veredicto esperado é FRÁGIL — e isso é a calibragem da bancada. Um veredicto ROBUSTA aqui seria motivo para procurar vazamento no Componente 3, não para reabilitar o MAC.
",WEGE3.SA,2018-01-01,2024-01-01,MovingAverageCrossover,AtrStop,9,21,14,2.0,0.01,0.0,5,0.31179667090449303,0.047099933474862965,0.07359142588945976,0.9125923132682626,0.6909572166873414,37,0.43243243243243246,3.75490982599887,77.37076387497036,28.135135135135137,3.180570432290809,0.27453229985476724,0.49505712090764803,0.8468094797988444,0.8793642229149276
mac_robustness-2026-08-17T14:44:27,leave_one_out,-RADL3.SA,19,mac_robustness-2026-08-17T14:44:27-leave_one_out--RADL3.SA,c000,1,perturbation,"O MAC já foi refutado como tese (ver CONCLUSOES.md), mas o achado transferível foi o stop ATR 2.0. A pergunta aqui é sobre a dependência do ambiente: o resultado do 9/21 + ATR 2.0 se sustenta quando um papel sai do universo, quando o período começa três meses antes, quando o custo dobra? Como a tese já é fraca, o veredicto esperado é FRÁGIL — e isso é a calibragem da bancada. Um veredicto ROBUSTA aqui seria motivo para procurar vazamento no Componente 3, não para reabilitar o MAC.
",ABEV3.SA,2018-01-01,2024-01-01,MovingAverageCrossover,AtrStop,9,21,14,2.0,0.01,0.0,5,0.02292548797409455,0.0038512700879969053,0.05614259900206262,0.13474177991328581,0.0974820468405308,36,0.4722222222222222,1.1754503500291018,2.0096751556500956,26.27777777777778,-0.20343767995771445,-0.037837175506615695,0.5193113408019147,0.018256859166914927,0.018440769337576535
mac_robustness-2026-08-17T14:44:27,leave_one_out,-RADL3.SA,19,mac_robustness-2026-08-17T14:44:27-leave_one_out--RADL3.SA,c000,1,perturbation,"O MAC já foi refutado como tese (ver CONCLUSOES.md), mas o achado transferível foi o stop ATR 2.0. A pergunta aqui é sobre a dependência do ambiente: o resultado do 9/21 + ATR 2.0 se sustenta quando um papel sai do universo, quando o período começa três meses antes, quando o custo dobra? Como a tese já é fraca, o veredicto esperado é FRÁGIL — e isso é a calibragem da bancada. Um veredicto ROBUSTA aqui seria motivo para procurar vazamento no Componente 3, não para reabilitar o MAC.
",B3SA3.SA,2018-01-01,2024-01-01,MovingAverageCrossover,AtrStop,9,21,14,2.0,0.01,0.0,5,0.06793108996246855,0.011207867945956185,0.08472408253355707,0.319637655503189,0.23809552320269234,40,0.35,2.233225108145922,9.755241582657986,24.25,1.3589346328658616,0.15666127806758157,0.5080759825021006,0.5599165764038782,0.5759032369697461
mac_robustness-2026-08-17T14:44:27,leave_one_out,-RADL3.SA,19,mac_robustness-2026-08-17T14:44:27-leave_one_out--RADL3.SA,c000,1,perturbation,"O MAC já foi refutado como tese (ver CONCLUSOES.md), mas o achado transferível foi o stop ATR 2.0. A pergunta aqui é sobre a dependência do ambiente: o resultado do 9/21 + ATR 2.0 se sustenta quando um papel sai do universo, quando o período começa três meses antes, quando o custo dobra? Como a tese já é fraca, o veredicto esperado é FRÁGIL — e isso é a calibragem da bancada. Um veredicto ROBUSTA aqui seria motivo para procurar vazamento no Componente 3, não para reabilitar o MAC.
",RENT3.SA,2018-01-01,2024-01-01,MovingAverageCrossover,AtrStop,9,21,14,2.0,0.01,0.0,5,0.19416737975467324,0.030549675564468526,0.057104716742613804,0.8107081106449143,0.6749430354071683,30,0.4666666666666667,2.6731935012785564,54.89775361413639,38.833333333333336,2.2054468780501906,0.21840027589301458,0.5788070457072199,0.6633285053406202,0.7007424198425506
mac_robustness-2026-08-17T14:44:27,leave_one_out,-RADL3.SA,19,mac_robustness-2026-08-17T14:44:27-leave_one_out--RADL3.SA,c000,1,perturbation,"O MAC já foi refutado como tese (ver CONCLUSOES.md), mas o achado transferível foi o stop ATR 2.0. A pergunta aqui é sobre a dependência do ambiente: o resultado do 9/21 + ATR 2.0 se sustenta quando um papel sai do universo, quando o período começa três meses antes, quando o custo dobra? Como a tese já é fraca, o veredicto esperado é FRÁGIL — e isso é a calibragem da bancada. Um veredicto ROBUSTA aqui seria motivo para procurar vazamento no Componente 3, não para reabilitar o MAC.
",SUZB3.SA,2018-01-01,2024-01-01,MovingAverageCrossover,AtrStop,9,21,14,2.0,0.01,0.0,5,0.009776363963785117,0.0016512129635719575,0.09001228622136363,0.062488667832183445,0.045823784021143045,40,0.325,2.0472847646144032,-0.751369244276777,24.425,2.2628525094571708,0.22207336371369757,0.542505038014361,0.6954335252964217,0.7500215174779433
mac_robustness-2026-08-17T14:44:27,start_shift,-3m,19,mac_robustness-2026-08-17T14:44:27-start_shift--3m,c000,1,perturbation,"O MAC já foi refutado como tese (ver CONCLUSOES.md), mas o achado transferível foi o stop ATR 2.0. A pergunta aqui é sobre a dependência do ambiente: o resultado do 9/21 + ATR 2.0 se sustenta quando um papel sai do universo, quando o período começa três meses antes, quando o custo dobra? Como a tese já é fraca, o veredicto esperado é FRÁGIL — e isso é a calibragem da bancada. Um veredicto ROBUSTA aqui seria motivo para procurar vazamento no Componente 3, não para reabilitar o MAC.
",PETR4.SA,2017-10-01,2024-01-01,MovingAverageCrossover,AtrStop,9,21,14,2.0,0.01,0.0,5,0.2981394012498477,0.04330665235908837,0.055694593931349484,0.8973458192628732,0.7071261575184082,36,0.5,2.4638601246790395,81.62874529964287,38.22222222222222,5.650156622087505,0.3604741212345328,0.6335214802224508,0.9078476674701721,0.8575176983865551
mac_robustness-2026-08-17T14:44:27,start_shift,-3m,19,mac_robustness-2026-08-17T14:44:27-start_shift--3m,c000,1,perturbation,"O MAC já foi refutado como tese (ver CONCLUSOES.md), mas o achado transferível foi o stop ATR 2.0. A pergunta aqui é sobre a dependência do ambiente: o resultado do 9/21 + ATR 2.0 se sustenta quando um papel sai do universo, quando o período começa três meses antes, quando o custo dobra? Como a tese já é fraca, o veredicto esperado é FRÁGIL — e isso é a calibragem da bancada. Um veredicto ROBUSTA aqui seria motivo para procurar vazamento no Componente 3, não para reabilitar o MAC.
",VALE3.SA,2017-10-01,2024-01-01,MovingAverageCrossover,AtrStop,9,21,14,2.0,0.01,0.0,5,0.1433443676070112,0.022003457641775137,0.08001985487160904,0.5445079381951364,0.40386972462873266,34,0.47058823529411764,1.9944604107493498,42.18305767269268,35.3235294117647,2.806534230596421,0.24257338371685466,0.4371093581737572,0.756110642633676,0.7781105411831986
mac_robustness-2026-08-17T14:44:27,start_shift,-3m,19,mac_robustness-2026-08-17T14:44:27-start_shift--3m,c000,1,perturbation,"O MAC já foi refutado como tese (ver CONCLUSOES.md), mas o achado transferível foi o stop ATR 2.0. A pergunta aqui é sobre a dependência do ambiente: o resultado do 9/21 + ATR 2.0 se sustenta quando um papel sai do universo, quando o período começa três meses antes, quando o custo dobra? Como a tese já é fraca, o veredicto esperado é FRÁGIL — e isso é a calibragem da bancada. Um veredicto ROBUSTA aqui seria motivo para procurar vazamento no Componente 3, não para reabilitar o MAC.
",ITUB4.SA,2017-10-01,2024-01-01,MovingAverageCrossover,AtrStop,9,21,14,2.0,0.01,0.0,5,0.16278243936543668,0.02480660738053908,0.06580107082861102,0.6118981547932367,0.47784444804528364,37,0.43243243243243246,2.213753450877577,31.91371752622992,30.594594594594593,0.5988177870638767,0.07922601454470501,0.4431532145374549,0.3990140950639133,0.40138670691696177
mac_robustness-2026-08-17T14:44:27,start_shift,-3m,19,mac_robustness-2026-08-17T14:44:27-start_shift--3m,c000,1,perturbation,"O MAC já foi refutado como tese (ver CONCLUSOES.md), mas o achado transferível foi o stop ATR 2.0. A pergunta aqui é sobre a dependência do ambiente: o resultado do 9/21 + ATR 2.0 se sustenta quando um papel sai do universo, quando o período começa três meses antes, quando o custo dobra? Como a tese já é fraca, o veredicto esperado é FRÁGIL — e isso é a calibragem da bancada. Um veredicto ROBUSTA aqui seria motivo para procurar vazamento no Componente 3, não para reabilitar o MAC.
",BBDC4.SA,2017-10-01,2024-01-01,MovingAverageCrossover,AtrStop,9,21,14,2.0,0.01,0.0,5,0.18850208154369952,0.028455909542398183,0.052585699605283025,0.7665435162574348,0.5721660462704582,34,0.5,2.0728850506944823,43.41528255107111,29.029411764705884,0.1561642553360636,0.0238566403325271,0.5274071532377398,0.24605216628061496,0.24644223013845398
mac_robustness-2026-08-17T14:44:27,start_shift,-3m,19,mac_robustness-2026-08-17T14:44:27-start_shift--3m,c000,1,perturbation,"O MAC já foi refutado como tese (ver CONCLUSOES.md), mas o achado transferível foi o stop ATR 2.0. A pergunta aqui é sobre a dependência do ambiente: o resultado do 9/21 + ATR 2.0 se sustenta quando um papel sai do universo, quando o período começa três meses antes, quando o custo dobra? Como a tese já é fraca, o veredicto esperado é FRÁGIL — e isso é a calibragem da bancada. Um veredicto ROBUSTA aqui seria motivo para procurar vazamento no Componente 3, não para reabilitar o MAC.
",WEGE3.SA,2017-10-01,2024-01-01,MovingAverageCrossover,AtrStop,9,21,14,2.0,0.01,0.0,5,0.32636104193685656,0.04695874748092921,0.07345821621178521,0.9174157257947351,0.6998714000289102,38,0.4473684210526316,3.621382771649141,79.16744559752243,29.263157894736842,3.9306393986922146,0.29592546479712056,0.4950891204816537,0.8967495365801589,0.9300026663932365
mac_robustness-2026-08-17T14:44:27,start_shift,-3m,19,mac_robustness-2026-08-17T14:44:27-start_shift--3m,c000,1,perturbation,"O MAC já foi refutado como tese (ver CONCLUSOES.md), mas o achado transferível foi o stop ATR 2.0. A pergunta aqui é sobre a dependência do ambiente: o resultado do 9/21 + ATR 2.0 se sustenta quando um papel sai do universo, quando o período começa três meses antes, quando o custo dobra? Como a tese já é fraca, o veredicto esperado é FRÁGIL — e isso é a calibragem da bancada. Um veredicto ROBUSTA aqui seria motivo para procurar vazamento no Componente 3, não para reabilitar o MAC.
",ABEV3.SA,2017-10-01,2024-01-01,MovingAverageCrossover,AtrStop,9,21,14,2.0,0.01,0.0,5,0.04317740127331904,0.006891695124681574,0.05628135795829104,0.2264126645160167,0.16576327333822913,37,0.4864864864864865,1.2562556101206963,7.333772228796382,27.675675675675677,-0.1528952108259931,-0.026599584908743146,0.5194427898864441,0.05378531137515165,0.05424360259655767
mac_robustness-2026-08-17T14:44:27,start_shift,-3m,19,mac_robustness-2026-08-17T14:44:27-start_shift--3m,c000,1,perturbation,"O MAC já foi refutado como tese (ver CONCLUSOES.md), mas o achado transferível foi o stop ATR 2.0. A pergunta aqui é sobre a dependência do ambiente: o resultado do 9/21 + ATR 2.0 se sustenta quando um papel sai do universo, quando o período começa três meses antes, quando o custo dobra? Como a tese já é fraca, o veredicto esperado é FRÁGIL — e isso é a calibragem da bancada. Um veredicto ROBUSTA aqui seria motivo para procurar vazamento no Componente 3, não para reabilitar o MAC.
",B3SA3.SA,2017-10-01,2024-01-01,MovingAverageCrossover,AtrStop,9,21,14,2.0,0.01,0.0,5,0.08316634021619818,0.013064562867840968,0.08480316888318758,0.3624084900037186,0.27105093797635826,42,0.35714285714285715,2.2703207510561243,12.821198077927631,24.333333333333332,1.2931121220612218,0.14435400871531057,0.5080886600423985,0.5355555598783558,0.5505597290916833
mac_robustness-2026-08-17T14:44:27,start_shift,-3m,19,mac_robustness-2026-08-17T14:44:27-start_shift--3m,c000,1,perturbation,"O MAC já foi refutado como tese (ver CONCLUSOES.md), mas o achado transferível foi o stop ATR 2.0. A pergunta aqui é sobre a dependência do ambiente: o resultado do 9/21 + ATR 2.0 se sustenta quando um papel sai do universo, quando o período começa três meses antes, quando o custo dobra? Como a tese já é fraca, o veredicto esperado é FRÁGIL — e isso é a calibragem da bancada. Um veredicto ROBUSTA aqui seria motivo para procurar vazamento no Componente 3, não para reabilitar o MAC.
",RENT3.SA,2017-10-01,2024-01-01,MovingAverageCrossover,AtrStop,9,21,14,2.0,0.01,0.0,5,0.2606161575077095,0.03834645461838959,0.05718485010331727,0.9508402481879094,0.8446736658283013,31,0.4838709677419355,2.951986589600905,74.09815892543686,43.193548387096776,2.7665683172041873,0.24044432131861004,0.5790978488692154,0.7067318060060405,0.7462538525583918
mac_robustness-2026-08-17T14:44:27,start_shift,-3m,19,mac_robustness-2026-08-17T14:44:27-start_shift--3m,c000,1,perturbation,"O MAC já foi refutado como tese (ver CONCLUSOES.md), mas o achado transferível foi o stop ATR 2.0. A pergunta aqui é sobre a dependência do ambiente: o resultado do 9/21 + ATR 2.0 se sustenta quando um papel sai do universo, quando o período começa três meses antes, quando o custo dobra? Como a tese já é fraca, o veredicto esperado é FRÁGIL — e isso é a calibragem da bancada. Um veredicto ROBUSTA aqui seria motivo para procurar vazamento no Componente 3, não para reabilitar o MAC.
",SUZB3.SA,2017-10-01,2024-01-01,MovingAverageCrossover,AtrStop,9,21,14,2.0,0.01,0.0,5,0.015366012156864395,0.002480690112264039,0.0903829964399593,0.08404416749172282,0.061570637249613966,42,0.3333333333333333,2.023063592371949,0.6152788609455787,24.523809523809526,2.0943322659129233,0.20144879952368222,0.5424201573893995,0.6572086855025879,0.7012509565313642
mac_robustness-2026-08-17T14:44:27,start_shift,-3m,19,mac_robustness-2026-08-17T14:44:27-start_shift--3m,c000,1,perturbation,"O MAC já foi refutado como tese (ver CONCLUSOES.md), mas o achado transferível foi o stop ATR 2.0. A pergunta aqui é sobre a dependência do ambiente: o resultado do 9/21 + ATR 2.0 se sustenta quando um papel sai do universo, quando o período começa três meses antes, quando o custo dobra? Como a tese já é fraca, o veredicto esperado é FRÁGIL — e isso é a calibragem da bancada. Um veredicto ROBUSTA aqui seria motivo para procurar vazamento no Componente 3, não para reabilitar o MAC.
",RADL3.SA,2017-10-01,2024-01-01,MovingAverageCrossover,AtrStop,9,21,14,2.0,0.01,0.0,5,0.0038566215669761927,0.0006255981675544753,0.12185520095644299,0.035459389043097776,0.02684079476908132,41,0.2926829268292683,2.334235176291738,-1.7478775625140326,27.75609756097561,1.1373557236437213,0.13135006369788593,0.38292448087001074,0.5493887584858591,0.5609440979510587
mac_robustness-2026-08-17T14:44:27,start_shift,-1m,19,mac_robustness-2026-08-17T14:44:27-start_shift--1m,c000,1,perturbation,"O MAC já foi refutado como tese (ver CONCLUSOES.md), mas o achado transferível foi o stop ATR 2.0. A pergunta aqui é sobre a dependência do ambiente: o resultado do 9/21 + ATR 2.0 se sustenta quando um papel sai do universo, quando o período começa três meses antes, quando o custo dobra? Como a tese já é fraca, o veredicto esperado é FRÁGIL — e isso é a calibragem da bancada. Um veredicto ROBUSTA aqui seria motivo para procurar vazamento no Componente 3, não para reabilitar o MAC.
",PETR4.SA,2017-12-01,2024-01-01,MovingAverageCrossover,AtrStop,9,21,14,2.0,0.01,0.0,5,0.19252805542331708,0.029881015885889983,0.05574121512734223,0.6715380249843295,0.5102876305215426,35,0.4857142857142857,2.1411802469665697,53.88276261517759,36.77142857142857,5.560169213744669,0.3696330920554496,0.6334930840748242,0.9191675371485702,0.8723408925407112
mac_robustness-2026-08-17T14:44:27,start_shift,-1m,19,mac_robustness-2026-08-17T14:44:27-start_shift--1m,c000,1,perturbation,"O MAC já foi refutado como tese (ver CONCLUSOES.md), mas o achado transferível foi o stop ATR 2.0. A pergunta aqui é sobre a dependência do ambiente: o resultado do 9/21 + ATR 2.0 se sustenta quando um papel sai do universo, quando o período começa três meses antes, quando o custo dobra? Como a tese já é fraca, o veredicto esperado é FRÁGIL — e isso é a calibragem da bancada. Um veredicto ROBUSTA aqui seria motivo para procurar vazamento no Componente 3, não para reabilitar o MAC.
",VALE3.SA,2017-12-01,2024-01-01,MovingAverageCrossover,AtrStop,9,21,14,2.0,0.01,0.0,5,0.09679099849223283,0.015569151404816184,0.07970366399706386,0.4017594155251813,0.29241270787966767,33,0.45454545454545453,1.8524077917434614,29.353376020090142,34.39393939393939,2.4232187320171747,0.2284796611995843,0.4371640180094154,0.7246449065588743,0.743651481453096
mac_robustness-2026-08-17T14:44:27,start_shift,-1m,19,mac_robustness-2026-08-17T14:44:27-start_shift--1m,c000,1,perturbation,"O MAC já foi refutado como tese (ver CONCLUSOES.md), mas o achado transferível foi o stop ATR 2.0. A pergunta aqui é sobre a dependência do ambiente: o resultado do 9/21 + ATR 2.0 se sustenta quando um papel sai do universo, quando o período começa três meses antes, quando o custo dobra? Como a tese já é fraca, o veredicto esperado é FRÁGIL — e isso é a calibragem da bancada. Um veredicto ROBUSTA aqui seria motivo para procurar vazamento no Componente 3, não para reabilitar o MAC.
",ITUB4.SA,2017-12-01,2024-01-01,MovingAverageCrossover,AtrStop,9,21,14,2.0,0.01,0.0,5,0.10466795163773868,0.016785158708115366,0.06566231621811543,0.4525063908356244,0.3395183337415018,35,0.42857142857142855,1.8736660991531104,17.756239166616016,29.82857142857143,0.6825785923431675,0.09090647268377805,0.44336628486408486,0.4317911787110428,0.43346794557397267
mac_robustness-2026-08-17T14:44:27,start_shift,-1m,19,mac_robustness-2026-08-17T14:44:27-start_shift--1m,c000,1,perturbation,"O MAC já foi refutado como tese (ver CONCLUSOES.md), mas o achado transferível foi o stop ATR 2.0. A pergunta aqui é sobre a dependência do ambiente: o resultado do 9/21 + ATR 2.0 se sustenta quando um papel sai do universo, quando o período começa três meses antes, quando o custo dobra? Como a tese já é fraca, o veredicto esperado é FRÁGIL — e isso é a calibragem da bancada. Um veredicto ROBUSTA aqui seria motivo para procurar vazamento no Componente 3, não para reabilitar o MAC.
",BBDC4.SA,2017-12-01,2024-01-01,MovingAverageCrossover,AtrStop,9,21,14,2.0,0.01,0.0,5,0.16097522684785126,0.02527335486002391,0.052622856543861674,0.7014271961507379,0.5183593774914043,32,0.5,1.9745663243795413,37.84607295704559,29.15625,0.2551691901737563,0.038735461459914244,0.527436648555554,0.2867375371082585,0.2863743059257215
mac_robustness-2026-08-17T14:44:27,start_shift,-1m,19,mac_robustness-2026-08-17T14:44:27-start_shift--1m,c000,1,perturbation,"O MAC já foi refutado como tese (ver CONCLUSOES.md), mas o achado transferível foi o stop ATR 2.0. A pergunta aqui é sobre a dependência do ambiente: o resultado do 9/21 + ATR 2.0 se sustenta quando um papel sai do universo, quando o período começa três meses antes, quando o custo dobra? Como a tese já é fraca, o veredicto esperado é FRÁGIL — e isso é a calibragem da bancada. Um veredicto ROBUSTA aqui seria motivo para procurar vazamento no Componente 3, não para reabilitar o MAC.
",WEGE3.SA,2017-12-01,2024-01-01,MovingAverageCrossover,AtrStop,9,21,14,2.0,0.01,0.0,5,0.3117958300487065,0.046428480865852606,0.07359138509195921,0.9061630179145844,0.6813074688821328,37,0.43243243243243246,3.754886713136517,77.37054067347633,28.135135135135137,3.6262347988342567,0.29193044518347544,0.49503991916980106,0.8850679629178824,0.9182357343711717
mac_robustness-2026-08-17T14:44:27,start_shift,-1m,19,mac_robustness-2026-08-17T14:44:27-start_shift--1m,c000,1,perturbation,"O MAC já foi refutado como tese (ver CONCLUSOES.md), mas o achado transferível foi o stop ATR 2.0. A pergunta aqui é sobre a dependência do ambiente: o resultado do 9/21 + ATR 2.0 se sustenta quando um papel sai do universo, quando o período começa três meses antes, quando o custo dobra? Como a tese já é fraca, o veredicto esperado é FRÁGIL — e isso é a calibragem da bancada. Um veredicto ROBUSTA aqui seria motivo para procurar vazamento no Componente 3, não para reabilitar o MAC.
",ABEV3.SA,2017-12-01,2024-01-01,MovingAverageCrossover,AtrStop,9,21,14,2.0,0.01,0.0,5,0.024017499194696645,0.003976612508805211,0.056370245796593346,0.13881551702041717,0.09969303271858873,36,0.4722222222222222,1.1835306482813193,2.2934845506996435,26.27777777777778,-0.1426411985963324,-0.025406578237241018,0.5197169828016891,0.060665954172271226,0.06114403103854658
mac_robustness-2026-08-17T14:44:27,start_shift,-1m,19,mac_robustness-2026-08-17T14:44:27-start_shift--1m,c000,1,perturbation,"O MAC já foi refutado como tese (ver CONCLUSOES.md), mas o achado transferível foi o stop ATR 2.0. A pergunta aqui é sobre a dependência do ambiente: o resultado do 9/21 + ATR 2.0 se sustenta quando um papel sai do universo, quando o período começa três meses antes, quando o custo dobra? Como a tese já é fraca, o veredicto esperado é FRÁGIL — e isso é a calibragem da bancada. Um veredicto ROBUSTA aqui seria motivo para procurar vazamento no Componente 3, não para reabilitar o MAC.
",B3SA3.SA,2017-12-01,2024-01-01,MovingAverageCrossover,AtrStop,9,21,14,2.0,0.01,0.0,5,0.06790444359538883,0.011046608343552533,0.0847263221920662,0.3172756095047557,0.23467800520627205,40,0.35,2.232916748027795,9.748583376432183,24.25,1.375816073236455,0.15569513333464036,0.5081095568295209,0.5587147656942396,0.5736851798402658
mac_robustness-2026-08-17T14:44:27,start_shift,-1m,19,mac_robustness-2026-08-17T14:44:27-start_shift--1m,c000,1,perturbation,"O MAC já foi refutado como tese (ver CONCLUSOES.md), mas o achado transferível foi o stop ATR 2.0. A pergunta aqui é sobre a dependência do ambiente: o resultado do 9/21 + ATR 2.0 se sustenta quando um papel sai do universo, quando o período começa três meses antes, quando o custo dobra? Como a tese já é fraca, o veredicto esperado é FRÁGIL — e isso é a calibragem da bancada. Um veredicto ROBUSTA aqui seria motivo para procurar vazamento no Componente 3, não para reabilitar o MAC.
",RENT3.SA,2017-12-01,2024-01-01,MovingAverageCrossover,AtrStop,9,21,14,2.0,0.01,0.0,5,0.19416739451278908,0.030117622062395766,0.057104843899283,0.805029396210091,0.6655381874286537,30,0.4666666666666667,2.67319096539091,54.897768754570585,38.833333333333336,2.5631789641613896,0.23673910089773909,0.5788715795742018,0.6977936199428699,0.736398375179469
mac_robustness-2026-08-17T14:44:27,start_shift,-1m,19,mac_robustness-2026-08-17T14:44:27-start_shift--1m,c000,1,perturbation,"O MAC já foi refutado como tese (ver CONCLUSOES.md), mas o achado transferível foi o stop ATR 2.0. A pergunta aqui é sobre a dependência do ambiente: o resultado do 9/21 + ATR 2.0 se sustenta quando um papel sai do universo, quando o período começa três meses antes, quando o custo dobra? Como a tese já é fraca, o veredicto esperado é FRÁGIL — e isso é a calibragem da bancada. Um veredicto ROBUSTA aqui seria motivo para procurar vazamento no Componente 3, não para reabilitar o MAC.
",SUZB3.SA,2017-12-01,2024-01-01,MovingAverageCrossover,AtrStop,9,21,14,2.0,0.01,0.0,5,0.009761054473017783,0.001625645232696371,0.090013608991387,0.06198356721463921,0.045133956491526836,40,0.325,2.047136142123221,-0.7551921346993999,24.425,2.4575172055552206,0.2305293635940393,0.5426258488922292,0.7133521304534957,0.7694041268013962
mac_robustness-2026-08-17T14:44:27,start_shift,-1m,19,mac_robustness-2026-08-17T14:44:27-start_shift--1m,c000,1,perturbation,"O MAC já foi refutado como tese (ver CONCLUSOES.md), mas o achado transferível foi o stop ATR 2.0. A pergunta aqui é sobre a dependência do ambiente: o resultado do 9/21 + ATR 2.0 se sustenta quando um papel sai do universo, quando o período começa três meses antes, quando o custo dobra? Como a tese já é fraca, o veredicto esperado é FRÁGIL — e isso é a calibragem da bancada. Um veredicto ROBUSTA aqui seria motivo para procurar vazamento no Componente 3, não para reabilitar o MAC.
",RADL3.SA,2017-12-01,2024-01-01,MovingAverageCrossover,AtrStop,9,21,14,2.0,0.01,0.0,5,-0.004678639042996258,-0.000783888862220472,0.12182829789649749,-0.0014490387534766603,-0.0010863816690974033,39,0.28205128205128205,2.3432629898593405,-4.026044310456266,27.743589743589745,0.8447077851059155,0.10781773824534868,0.3831767029573742,0.48157374098018474,0.49141634645425003
mac_robustness-2026-08-17T14:44:27,start_shift,+1m,19,mac_robustness-2026-08-17T14:44:27-start_shift-+1m,c000,1,perturbation,"O MAC já foi refutado como tese (ver CONCLUSOES.md), mas o achado transferível foi o stop ATR 2.0. A pergunta aqui é sobre a dependência do ambiente: o resultado do 9/21 + ATR 2.0 se sustenta quando um papel sai do universo, quando o período começa três meses antes, quando o custo dobra? Como a tese já é fraca, o veredicto esperado é FRÁGIL — e isso é a calibragem da bancada. Um veredicto ROBUSTA aqui seria motivo para procurar vazamento no Componente 3, não para reabilitar o MAC.
",PETR4.SA,2018-02-01,2024-01-01,MovingAverageCrossover,AtrStop,9,21,14,2.0,0.01,0.0,5,0.19273651282889515,0.030803050471931215,0.05504388891984677,0.6830305384321158,0.5268822336472092,35,0.4857142857142857,2.143603247488112,53.94234481275827,36.77142857142857,3.98935579081782,0.31872790575781673,0.6333581739154951,0.8339000040679414,0.7922171253921112
mac_robustness-2026-08-17T14:44:27,start_shift,+1m,19,mac_robustness-2026-08-17T14:44:27-start_shift-+1m,c000,1,perturbation,"O MAC já foi refutado como tese (ver CONCLUSOES.md), mas o achado transferível foi o stop ATR 2.0. A pergunta aqui é sobre a dependência do ambiente: o resultado do 9/21 + ATR 2.0 se sustenta quando um papel sai do universo, quando o período começa três meses antes, quando o custo dobra? Como a tese já é fraca, o veredicto esperado é FRÁGIL — e isso é a calibragem da bancada. Um veredicto ROBUSTA aqui seria motivo para procurar vazamento no Componente 3, não para reabilitar o MAC.
",VALE3.SA,2018-02-01,2024-01-01,MovingAverageCrossover,AtrStop,9,21,14,2.0,0.01,0.0,5,0.10828473564492014,0.01785493919557868,0.07966123781695927,0.4545047811971193,0.3343024855528401,32,0.46875,1.8567623178682757,33.86291618051237,35.03125,1.8759136436075723,0.1994153759738666,0.4371859652209142,0.660780242534288,0.679601990288853
mac_robustness-2026-08-17T14:44:27,start_shift,+1m,19,mac_robustness-2026-08-17T14:44:27-start_shift-+1m,c000,1,perturbation,"O MAC já foi refutado como tese (ver CONCLUSOES.md), mas o achado transferível foi o stop ATR 2.0. A pergunta aqui é sobre a dependência do ambiente: o resultado do 9/21 + ATR 2.0 se sustenta quando um papel sai do universo, quando o período começa três meses antes, quando o custo dobra? Como a tese já é fraca, o veredicto esperado é FRÁGIL — e isso é a calibragem da bancada. Um veredicto ROBUSTA aqui seria motivo para procurar vazamento no Componente 3, não para reabilitar o MAC.
",ITUB4.SA,2018-02-01,2024-01-01,MovingAverageCrossover,AtrStop,9,21,14,2.0,0.01,0.0,5,0.10472528892884614,0.017291490205740168,0.06565874247340446,0.4593965808374431,0.3497266898720575,35,0.42857142857142855,1.874365308075856,17.772640374141837,29.82857142857143,0.3157089621826632,0.04836163335140142,0.4433438145572861,0.30868059224491856,0.30885008020140536
mac_robustness-2026-08-17T14:44:27,start_shift,+1m,19,mac_robustness-2026-08-17T14:44:27-start_shift-+1m,c000,1,perturbation,"O MAC já foi refutado como tese (ver CONCLUSOES.md), mas o achado transferível foi o stop ATR 2.0. A pergunta aqui é sobre a dependência do ambiente: o resultado do 9/21 + ATR 2.0 se sustenta quando um papel sai do universo, quando o período começa três meses antes, quando o custo dobra? Como a tese já é fraca, o veredicto esperado é FRÁGIL — e isso é a calibragem da bancada. Um veredicto ROBUSTA aqui seria motivo para procurar vazamento no Componente 3, não para reabilitar o MAC.
",BBDC4.SA,2018-02-01,2024-01-01,MovingAverageCrossover,AtrStop,9,21,14,2.0,0.01,0.0,5,0.17260369053950608,0.027786917113533205,0.05262404134410737,0.7615071379077822,0.5707415576328349,31,0.5161290322580645,2.0144409987780305,42.68609769338425,30.0,0.0045098959667604355,0.0007748483517524551,0.5275051126756224,0.18546243112096994,0.1856807468390194
mac_robustness-2026-08-17T14:44:27,start_shift,+1m,19,mac_robustness-2026-08-17T14:44:27-start_shift-+1m,c000,1,perturbation,"O MAC já foi refutado como tese (ver CONCLUSOES.md), mas o achado transferível foi o stop ATR 2.0. A pergunta aqui é sobre a dependência do ambiente: o resultado do 9/21 + ATR 2.0 se sustenta quando um papel sai do universo, quando o período começa três meses antes, quando o custo dobra? Como a tese já é fraca, o veredicto esperado é FRÁGIL — e isso é a calibragem da bancada. Um veredicto ROBUSTA aqui seria motivo para procurar vazamento no Componente 3, não para reabilitar o MAC.
",WEGE3.SA,2018-02-01,2024-01-01,MovingAverageCrossover,AtrStop,9,21,14,2.0,0.01,0.0,5,0.32496800559045,0.0496278713584013,0.07353849366489315,0.9530410202793793,0.7214599260896039,36,0.4444444444444444,3.824364461267251,83.17864228172606,28.72222222222222,3.4511826864709,0.2930723286371839,0.49506645361065404,0.8838294721081159,0.9188702277288985
mac_robustness-2026-08-17T14:44:27,start_shift,+1m,19,mac_robustness-2026-08-17T14:44:27-start_shift-+1m,c000,1,perturbation,"O MAC já foi refutado como tese (ver CONCLUSOES.md), mas o achado transferível foi o stop ATR 2.0. A pergunta aqui é sobre a dependência do ambiente: o resultado do 9/21 + ATR 2.0 se sustenta quando um papel sai do universo, quando o período começa três meses antes, quando o custo dobra? Como a tese já é fraca, o veredicto esperado é FRÁGIL — e isso é a calibragem da bancada. Um veredicto ROBUSTA aqui seria motivo para procurar vazamento no Componente 3, não para reabilitar o MAC.
",ABEV3.SA,2018-02-01,2024-01-01,MovingAverageCrossover,AtrStop,9,21,14,2.0,0.01,0.0,5,0.010441736605622198,0.001789628678096289,0.05618181323747271,0.0721037197736219,0.05152934660018643,35,0.45714285714285713,1.1435653060782498,-1.4594668835670601,25.514285714285716,-0.22524213182426045,-0.04297779248002509,0.5193180180891283,0.002144199073986613,0.002168039119020825
mac_robustness-2026-08-17T14:44:27,start_shift,+1m,19,mac_robustness-2026-08-17T14:44:27-start_shift-+1m,c000,1,perturbation,"O MAC já foi refutado como tese (ver CONCLUSOES.md), mas o achado transferível foi o stop ATR 2.0. A pergunta aqui é sobre a dependência do ambiente: o resultado do 9/21 + ATR 2.0 se sustenta quando um papel sai do universo, quando o período começa três meses antes, quando o custo dobra? Como a tese já é fraca, o veredicto esperado é FRÁGIL — e isso é a calibragem da bancada. Um veredicto ROBUSTA aqui seria motivo para procurar vazamento no Componente 3, não para reabilitar o MAC.
",B3SA3.SA,2018-02-01,2024-01-01,MovingAverageCrossover,AtrStop,9,21,14,2.0,0.01,0.0,5,0.07875146402488764,0.013133785026752776,0.08473943202916547,0.36969877070995655,0.2778421088287527,39,0.358974358974359,2.2661531234605783,12.727624281709288,24.846153846153847,1.0575887005057214,0.132240719404092,0.5081188125463526,0.5073973913006176,0.5222076935978112
mac_robustness-2026-08-17T14:44:27,start_shift,+1m,19,mac_robustness-2026-08-17T14:44:27-start_shift-+1m,c000,1,perturbation,"O MAC já foi refutado como tese (ver CONCLUSOES.md), mas o achado transferível foi o stop ATR 2.0. A pergunta aqui é sobre a dependência do ambiente: o resultado do 9/21 + ATR 2.0 se sustenta quando um papel sai do universo, quando o período começa três meses antes, quando o custo dobra? Como a tese já é fraca, o veredicto esperado é FRÁGIL — e isso é a calibragem da bancada. Um veredicto ROBUSTA aqui seria motivo para procurar vazamento no Componente 3, não para reabilitar o MAC.
",RENT3.SA,2018-02-01,2024-01-01,MovingAverageCrossover,AtrStop,9,21,14,2.0,0.01,0.0,5,0.19416754149922233,0.031015826843554972,0.05710475347547145,0.816789696807216,0.6850866858161865,30,0.4666666666666667,2.6731937481871526,54.897807391801415,38.833333333333336,1.8645704474470182,0.19859973534111464,0.5787752062064951,0.6265522136387007,0.6601309116124572
mac_robustness-2026-08-17T14:44:27,start_shift,+1m,19,mac_robustness-2026-08-17T14:44:27-start_shift-+1m,c000,1,perturbation,"O MAC já foi refutado como tese (ver CONCLUSOES.md), mas o achado transferível foi o stop ATR 2.0. A pergunta aqui é sobre a dependência do ambiente: o resultado do 9/21 + ATR 2.0 se sustenta quando um papel sai do universo, quando o período começa três meses antes, quando o custo dobra? Como a tese já é fraca, o veredicto esperado é FRÁGIL — e isso é a calibragem da bancada. Um veredicto ROBUSTA aqui seria motivo para procurar vazamento no Componente 3, não para reabilitar o MAC.
",SUZB3.SA,2018-02-01,2024-01-01,MovingAverageCrossover,AtrStop,9,21,14,2.0,0.01,0.0,5,0.02094681466303072,0.003574729689427958,0.08993534154481515,0.1128224816442737,0.08325131185588314,39,0.3333333333333333,2.078020512993232,2.023846598994919,24.923076923076923,1.914781500984739,0.20219014837070648,0.5424236540845454,0.6542104213505444,0.7040074028252592
mac_robustness-2026-08-17T14:44:27,start_shift,+1m,19,mac_robustness-2026-08-17T14:44:27-start_shift-+1m,c000,1,perturbation,"O MAC já foi refutado como tese (ver CONCLUSOES.md), mas o achado transferível foi o stop ATR 2.0. A pergunta aqui é sobre a dependência do ambiente: o resultado do 9/21 + ATR 2.0 se sustenta quando um papel sai do universo, quando o período começa três meses antes, quando o custo dobra? Como a tese já é fraca, o veredicto esperado é FRÁGIL — e isso é a calibragem da bancada. Um veredicto ROBUSTA aqui seria motivo para procurar vazamento no Componente 3, não para reabilitar o MAC.
",RADL3.SA,2018-02-01,2024-01-01,MovingAverageCrossover,AtrStop,9,21,14,2.0,0.01,0.0,5,-0.00470389403408733,-0.0008112677554159564,0.12183117642809183,-0.0015815708172241872,-0.0012030369428816827,39,0.28205128205128205,2.3429639220877805,-4.032519879747656,27.743589743589745,0.9524314285142845,0.12206274787124838,0.35158782355814383,0.5201630219982426,0.5326319133971912
mac_robustness-2026-08-17T14:44:27,start_shift,+3m,19,mac_robustness-2026-08-17T14:44:27-start_shift-+3m,c000,1,perturbation,"O MAC já foi refutado como tese (ver CONCLUSOES.md), mas o achado transferível foi o stop ATR 2.0. A pergunta aqui é sobre a dependência do ambiente: o resultado do 9/21 + ATR 2.0 se sustenta quando um papel sai do universo, quando o período começa três meses antes, quando o custo dobra? Como a tese já é fraca, o veredicto esperado é FRÁGIL — e isso é a calibragem da bancada. Um veredicto ROBUSTA aqui seria motivo para procurar vazamento no Componente 3, não para reabilitar o MAC.
",PETR4.SA,2018-04-01,2024-01-01,MovingAverageCrossover,AtrStop,9,21,14,2.0,0.01,0.0,5,0.21122525588748475,0.034469450272616164,0.04766334677113022,0.7942825165381935,0.6282452640815459,34,0.5,2.21072805447472,60.94465656685948,36.85294117647059,3.8991499497282813,0.32447084613381594,0.6334054004333307,0.8413396200204413,0.79827975927571
mac_robustness-2026-08-17T14:44:27,start_shift,+3m,19,mac_robustness-2026-08-17T14:44:27-start_shift-+3m,c000,1,perturbation,"O MAC já foi refutado como tese (ver CONCLUSOES.md), mas o achado transferível foi o stop ATR 2.0. A pergunta aqui é sobre a dependência do ambiente: o resultado do 9/21 + ATR 2.0 se sustenta quando um papel sai do universo, quando o período começa três meses antes, quando o custo dobra? Como a tese já é fraca, o veredicto esperado é FRÁGIL — e isso é a calibragem da bancada. Um veredicto ROBUSTA aqui seria motivo para procurar vazamento no Componente 3, não para reabilitar o MAC.
",VALE3.SA,2018-04-01,2024-01-01,MovingAverageCrossover,AtrStop,9,21,14,2.0,0.01,0.0,5,0.06413758866656072,0.011053984328827982,0.07979935489637753,0.29285327558634017,0.21065664263015987,31,0.45161290322580644,1.6932500919166646,20.71330277008228,34.25806451612903,1.7615540194058505,0.1967805467834638,0.4368428738367836,0.6545848609252894,0.6713931800292428
mac_robustness-2026-08-17T14:44:27,start_shift,+3m,19,mac_robustness-2026-08-17T14:44:27-start_shift-+3m,c000,1,perturbation,"O MAC já foi refutado como tese (ver CONCLUSOES.md), mas o achado transferível foi o stop ATR 2.0. A pergunta aqui é sobre a dependência do ambiente: o resultado do 9/21 + ATR 2.0 se sustenta quando um papel sai do universo, quando o período começa três meses antes, quando o custo dobra? Como a tese já é fraca, o veredicto esperado é FRÁGIL — e isso é a calibragem da bancada. Um veredicto ROBUSTA aqui seria motivo para procurar vazamento no Componente 3, não para reabilitar o MAC.
",ITUB4.SA,2018-04-01,2024-01-01,MovingAverageCrossover,AtrStop,9,21,14,2.0,0.01,0.0,5,0.11946286975082665,0.020156914198502518,0.0657209015167208,0.5290470599350487,0.40632993668901934,33,0.45454545454545453,1.8428215314195913,23.0954169211339,31.151515151515152,0.29472710821739856,0.04673762777059132,0.4430754201421927,0.30401975131822645,0.3041228779953716
mac_robustness-2026-08-17T14:44:27,start_shift,+3m,19,mac_robustness-2026-08-17T14:44:27-start_shift-+3m,c000,1,perturbation,"O MAC já foi refutado como tese (ver CONCLUSOES.md), mas o achado transferível foi o stop ATR 2.0. A pergunta aqui é sobre a dependência do ambiente: o resultado do 9/21 + ATR 2.0 se sustenta quando um papel sai do universo, quando o período começa três meses antes, quando o custo dobra? Como a tese já é fraca, o veredicto esperado é FRÁGIL — e isso é a calibragem da bancada. Um veredicto ROBUSTA aqui seria motivo para procurar vazamento no Componente 3, não para reabilitar o MAC.
",BBDC4.SA,2018-04-01,2024-01-01,MovingAverageCrossover,AtrStop,9,21,14,2.0,0.01,0.0,5,0.18499922269050795,0.030472622309564157,0.05269721921160166,0.823840020186059,0.6260305649616511,30,0.5333333333333333,2.067329963014489,48.10451755290521,30.866666666666667,0.017171375895462804,0.003015382583946291,0.527398581920235,0.19292768945503883,0.19328811273280025
mac_robustness-2026-08-17T14:44:27,start_shift,+3m,19,mac_robustness-2026-08-17T14:44:27-start_shift-+3m,c000,1,perturbation,"O MAC já foi refutado como tese (ver CONCLUSOES.md), mas o achado transferível foi o stop ATR 2.0. A pergunta aqui é sobre a dependência do ambiente: o resultado do 9/21 + ATR 2.0 se sustenta quando um papel sai do universo, quando o período começa três meses antes, quando o custo dobra? Como a tese já é fraca, o veredicto esperado é FRÁGIL — e isso é a calibragem da bancada. Um veredicto ROBUSTA aqui seria motivo para procurar vazamento no Componente 3, não para reabilitar o MAC.
",WEGE3.SA,2018-04-01,2024-01-01,MovingAverageCrossover,AtrStop,9,21,14,2.0,0.01,0.0,5,0.3392051289796967,0.0530085776747633,0.07341746090064183,1.008834022628729,0.766263445873651,34,0.47058823529411764,3.723172808677876,92.17060978551164,29.823529411764707,3.6599796446681996,0.31279960435138254,0.4950863808122499,0.9214135973168662,0.9547271451022514
mac_robustness-2026-08-17T14:44:27,start_shift,+3m,19,mac_robustness-2026-08-17T14:44:27-start_shift-+3m,c000,1,perturbation,"O MAC já foi refutado como tese (ver CONCLUSOES.md), mas o achado transferível foi o stop ATR 2.0. A pergunta aqui é sobre a dependência do ambiente: o resultado do 9/21 + ATR 2.0 se sustenta quando um papel sai do universo, quando o período começa três meses antes, quando o custo dobra? Como a tese já é fraca, o veredicto esperado é FRÁGIL — e isso é a calibragem da bancada. Um veredicto ROBUSTA aqui seria motivo para procurar vazamento no Componente 3, não para reabilitar o MAC.
",ABEV3.SA,2018-04-01,2024-01-01,MovingAverageCrossover,AtrStop,9,21,14,2.0,0.01,0.0,5,0.010442180810027235,0.0018387308752649822,0.05618175443373726,0.07308549994008307,0.052941384109160466,35,0.45714285714285713,1.1435686671755454,-1.459352011567137,25.514285714285716,-0.27800460375939673,-0.05597622836816507,0.5182912727714342,-0.040404787794051565,-0.04086230460533968
mac_robustness-2026-08-17T14:44:27,start_shift,+3m,19,mac_robustness-2026-08-17T14:44:27-start_shift-+3m,c000,1,perturbation,"O MAC já foi refutado como tese (ver CONCLUSOES.md), mas o achado transferível foi o stop ATR 2.0. A pergunta aqui é sobre a dependência do ambiente: o resultado do 9/21 + ATR 2.0 se sustenta quando um papel sai do universo, quando o período começa três meses antes, quando o custo dobra? Como a tese já é fraca, o veredicto esperado é FRÁGIL — e isso é a calibragem da bancada. Um veredicto ROBUSTA aqui seria motivo para procurar vazamento no Componente 3, não para reabilitar o MAC.
",B3SA3.SA,2018-04-01,2024-01-01,MovingAverageCrossover,AtrStop,9,21,14,2.0,0.01,0.0,5,0.0905197009737535,0.0154421583858666,0.08475216779347333,0.42767386347090464,0.32638613598989336,38,0.3684210526315789,2.308715690907211,16.052315859520842,25.31578947368421,1.0405004707427974,0.13442160747689158,0.5081181538332723,0.5113400051466077,0.5253398732635087
mac_robustness-2026-08-17T14:44:27,start_shift,+3m,19,mac_robustness-2026-08-17T14:44:27-start_shift-+3m,c000,1,perturbation,"O MAC já foi refutado como tese (ver CONCLUSOES.md), mas o achado transferível foi o stop ATR 2.0. A pergunta aqui é sobre a dependência do ambiente: o resultado do 9/21 + ATR 2.0 se sustenta quando um papel sai do universo, quando o período começa três meses antes, quando o custo dobra? Como a tese já é fraca, o veredicto esperado é FRÁGIL — e isso é a calibragem da bancada. Um veredicto ROBUSTA aqui seria motivo para procurar vazamento no Componente 3, não para reabilitar o MAC.
",RENT3.SA,2018-04-01,2024-01-01,MovingAverageCrossover,AtrStop,9,21,14,2.0,0.01,0.0,5,0.1941673337587051,0.03187803958908075,0.05710480570855451,0.8279126559674147,0.7038353460633661,30,0.4666666666666667,2.6731921358368336,54.89773300013532,38.833333333333336,1.5739084684284181,0.18198005436831877,0.5789951428609057,0.5945683816361985,0.6236868510827777
mac_robustness-2026-08-17T14:44:27,start_shift,+3m,19,mac_robustness-2026-08-17T14:44:27-start_shift-+3m,c000,1,perturbation,"O MAC já foi refutado como tese (ver CONCLUSOES.md), mas o achado transferível foi o stop ATR 2.0. A pergunta aqui é sobre a dependência do ambiente: o resultado do 9/21 + ATR 2.0 se sustenta quando um papel sai do universo, quando o período começa três meses antes, quando o custo dobra? Como a tese já é fraca, o veredicto esperado é FRÁGIL — e isso é a calibragem da bancada. Um veredicto ROBUSTA aqui seria motivo para procurar vazamento no Componente 3, não para reabilitar o MAC.
",SUZB3.SA,2018-04-01,2024-01-01,MovingAverageCrossover,AtrStop,9,21,14,2.0,0.01,0.0,5,0.020277812942973927,0.003556406513805177,0.08996975740414115,0.11131274853087908,0.08322822984658351,39,0.3333333333333333,2.0739510366574256,1.9220487002970168,24.923076923076923,0.8280148848999991,0.11257435863118848,0.542091569482021,0.4671684788474668,0.48858745639345114
mac_robustness-2026-08-17T14:44:27,start_shift,+3m,19,mac_robustness-2026-08-17T14:44:27-start_shift-+3m,c000,1,perturbation,"O MAC já foi refutado como tese (ver CONCLUSOES.md), mas o achado transferível foi o stop ATR 2.0. A pergunta aqui é sobre a dependência do ambiente: o resultado do 9/21 + ATR 2.0 se sustenta quando um papel sai do universo, quando o período começa três meses antes, quando o custo dobra? Como a tese já é fraca, o veredicto esperado é FRÁGIL — e isso é a calibragem da bancada. Um veredicto ROBUSTA aqui seria motivo para procurar vazamento no Componente 3, não para reabilitar o MAC.
",RADL3.SA,2018-04-01,2024-01-01,MovingAverageCrossover,AtrStop,9,21,14,2.0,0.01,0.0,5,-0.004712543290599003,-0.0008349971239037801,0.121832235432181,-0.0016417277194647768,-0.0012657787366067836,39,0.28205128205128205,2.3428610312199027,-4.0347413468930835,27.743589743589745,1.1643966407683108,0.14630892754658542,0.35160179294322735,0.5853058485363498,0.5973556438150358
mac_robustness-2026-08-17T14:44:27,cost_multiplier,0x,19,mac_robustness-2026-08-17T14:44:27-cost_multiplier-0x,c000,1,perturbation,"O MAC já foi refutado como tese (ver CONCLUSOES.md), mas o achado transferível foi o stop ATR 2.0. A pergunta aqui é sobre a dependência do ambiente: o resultado do 9/21 + ATR 2.0 se sustenta quando um papel sai do universo, quando o período começa três meses antes, quando o custo dobra? Como a tese já é fraca, o veredicto esperado é FRÁGIL — e isso é a calibragem da bancada. Um veredicto ROBUSTA aqui seria motivo para procurar vazamento no Componente 3, não para reabilitar o MAC.
",PETR4.SA,2018-01-01,2024-01-01,MovingAverageCrossover,AtrStop,9,21,14,2.0,0.01,0.0,0.0,0.19852232777709822,0.031186048626947294,0.055660074726725496,0.6958433007359659,0.5324996434304798,35,0.4857142857142857,2.1887574613029193,55.556304246898094,36.77142857142857,5.188609897147768,0.36219898988190047,0.6335514452867176,0.905018701814324,0.859272264148306
mac_robustness-2026-08-17T14:44:27,cost_multiplier,0x,19,mac_robustness-2026-08-17T14:44:27-cost_multiplier-0x,c000,1,perturbation,"O MAC já foi refutado como tese (ver CONCLUSOES.md), mas o achado transferível foi o stop ATR 2.0. A pergunta aqui é sobre a dependência do ambiente: o resultado do 9/21 + ATR 2.0 se sustenta quando um papel sai do universo, quando o período começa três meses antes, quando o custo dobra? Como a tese já é fraca, o veredicto esperado é FRÁGIL — e isso é a calibragem da bancada. Um veredicto ROBUSTA aqui seria motivo para procurar vazamento no Componente 3, não para reabilitar o MAC.
",VALE3.SA,2018-01-01,2024-01-01,MovingAverageCrossover,AtrStop,9,21,14,2.0,0.01,0.0,0.0,0.10190030473709144,0.01659181480448435,0.07744315179274393,0.4249633721371763,0.3113527731497048,33,0.45454545454545453,1.894470328300851,30.85475467637776,34.39393939393939,1.88061725781125,0.19652240410411004,0.4371680181176082,0.6558499858633587,0.6742487783531093
mac_robustness-2026-08-17T14:44:27,cost_multiplier,0x,19,mac_robustness-2026-08-17T14:44:27-cost_multiplier-0x,c000,1,perturbation,"O MAC já foi refutado como tese (ver CONCLUSOES.md), mas o achado transferível foi o stop ATR 2.0. A pergunta aqui é sobre a dependência do ambiente: o resultado do 9/21 + ATR 2.0 se sustenta quando um papel sai do universo, quando o período começa três meses antes, quando o custo dobra? Como a tese já é fraca, o veredicto esperado é FRÁGIL — e isso é a calibragem da bancada. Um veredicto ROBUSTA aqui seria motivo para procurar vazamento no Componente 3, não para reabilitar o MAC.
",ITUB4.SA,2018-01-01,2024-01-01,MovingAverageCrossover,AtrStop,9,21,14,2.0,0.01,0.0,0.0,0.1115637060224608,0.01809821449427984,0.0646932740622551,0.4827766679292951,0.3652878377357704,35,0.42857142857142855,1.9401158981334692,19.588102563947064,29.885714285714286,0.5742516605203816,0.07999161201914906,0.4430433526897004,0.4004409830456222,0.4018881847755564
mac_robustness-2026-08-17T14:44:27,cost_multiplier,0x,19,mac_robustness-2026-08-17T14:44:27-cost_multiplier-0x,c000,1,perturbation,"O MAC já foi refutado como tese (ver CONCLUSOES.md), mas o achado transferível foi o stop ATR 2.0. A pergunta aqui é sobre a dependência do ambiente: o resultado do 9/21 + ATR 2.0 se sustenta quando um papel sai do universo, quando o período começa três meses antes, quando o custo dobra? Como a tese já é fraca, o veredicto esperado é FRÁGIL — e isso é a calibragem da bancada. Um veredicto ROBUSTA aqui seria motivo para procurar vazamento no Componente 3, não para reabilitar o MAC.
",BBDC4.SA,2018-01-01,2024-01-01,MovingAverageCrossover,AtrStop,9,21,14,2.0,0.01,0.0,0.0,0.16656986769305804,0.02647153682074732,0.05098498542438827,0.7289448906516464,0.5430290968114663,32,0.5,2.033975728635937,39.49468731042442,29.15625,0.1522818403836126,0.02432859834533918,0.5275950065883734,0.24884720018282702,0.2489615245569846
mac_robustness-2026-08-17T14:44:27,cost_multiplier,0x,19,mac_robustness-2026-08-17T14:44:27-cost_multiplier-0x,c000,1,perturbation,"O MAC já foi refutado como tese (ver CONCLUSOES.md), mas o achado transferível foi o stop ATR 2.0. A pergunta aqui é sobre a dependência do ambiente: o resultado do 9/21 + ATR 2.0 se sustenta quando um papel sai do universo, quando o período começa três meses antes, quando o custo dobra? Como a tese já é fraca, o veredicto esperado é FRÁGIL — e isso é a calibragem da bancada. Um veredicto ROBUSTA aqui seria motivo para procurar vazamento no Componente 3, não para reabilitar o MAC.
",WEGE3.SA,2018-01-01,2024-01-01,MovingAverageCrossover,AtrStop,9,21,14,2.0,0.01,0.0,0.0,0.3182702823324848,0.04797443757641284,0.07348441575722872,0.9302990930688743,0.7048263503528465,37,0.43243243243243246,3.8607467725417823,79.08454450418671,28.16216216216216,3.1815880340990823,0.2745849053379994,0.49508884786446283,0.8468509065662267,0.879408075732927
mac_robustness-2026-08-17T14:44:27,cost_multiplier,0x,19,mac_robustness-2026-08-17T14:44:27-cost_multiplier-0x,c000,1,perturbation,"O MAC já foi refutado como tese (ver CONCLUSOES.md), mas o achado transferível foi o stop ATR 2.0. A pergunta aqui é sobre a dependência do ambiente: o resultado do 9/21 + ATR 2.0 se sustenta quando um papel sai do universo, quando o período começa três meses antes, quando o custo dobra? Como a tese já é fraca, o veredicto esperado é FRÁGIL — e isso é a calibragem da bancada. Um veredicto ROBUSTA aqui seria motivo para procurar vazamento no Componente 3, não para reabilitar o MAC.
",ABEV3.SA,2018-01-01,2024-01-01,MovingAverageCrossover,AtrStop,9,21,14,2.0,0.01,0.0,0.0,0.029216885970717366,0.004895624589256409,0.05422886463338166,0.1670156863915964,0.12138569071213583,36,0.5,1.0964182448121083,3.6826852472965523,26.333333333333332,-0.2036452968279686,-0.0378797079359956,0.5197834835647834,0.018497399645027283,0.018684276228859438
mac_robustness-2026-08-17T14:44:27,cost_multiplier,0x,19,mac_robustness-2026-08-17T14:44:27-cost_multiplier-0x,c000,1,perturbation,"O MAC já foi refutado como tese (ver CONCLUSOES.md), mas o achado transferível foi o stop ATR 2.0. A pergunta aqui é sobre a dependência do ambiente: o resultado do 9/21 + ATR 2.0 se sustenta quando um papel sai do universo, quando o período começa três meses antes, quando o custo dobra? Como a tese já é fraca, o veredicto esperado é FRÁGIL — e isso é a calibragem da bancada. Um veredicto ROBUSTA aqui seria motivo para procurar vazamento no Componente 3, não para reabilitar o MAC.
",B3SA3.SA,2018-01-01,2024-01-01,MovingAverageCrossover,AtrStop,9,21,14,2.0,0.01,0.0,0.0,0.07285071551828981,0.011996331885389289,0.08271052518878617,0.3407120094587488,0.25444639212244224,40,0.35,2.282530958604895,10.914426691739171,24.275,1.3590129786328138,0.1566677925747919,0.508085192436244,0.559925468483326,0.5759130657328607
mac_robustness-2026-08-17T14:44:27,cost_multiplier,0x,19,mac_robustness-2026-08-17T14:44:27-cost_multiplier-0x,c000,1,perturbation,"O MAC já foi refutado como tese (ver CONCLUSOES.md), mas o achado transferível foi o stop ATR 2.0. A pergunta aqui é sobre a dependência do ambiente: o resultado do 9/21 + ATR 2.0 se sustenta quando um papel sai do universo, quando o período começa três meses antes, quando o custo dobra? Como a tese já é fraca, o veredicto esperado é FRÁGIL — e isso é a calibragem da bancada. Um veredicto ROBUSTA aqui seria motivo para procurar vazamento no Componente 3, não para reabilitar o MAC.
",RENT3.SA,2018-01-01,2024-01-01,MovingAverageCrossover,AtrStop,9,21,14,2.0,0.01,0.0,0.0,0.197691068945256,0.031064728179097223,0.055788995846497,0.823900470299221,0.6853577042742889,30,0.4666666666666667,2.721683696044536,56.038470538274886,38.833333333333336,2.208256465167061,0.21858131301669403,0.579089038162796,0.6634974099052805,0.7009516183461374
mac_robustness-2026-08-17T14:44:27,cost_multiplier,0x,19,mac_robustness-2026-08-17T14:44:27-cost_multiplier-0x,c000,1,perturbation,"O MAC já foi refutado como tese (ver CONCLUSOES.md), mas o achado transferível foi o stop ATR 2.0. A pergunta aqui é sobre a dependência do ambiente: o resultado do 9/21 + ATR 2.0 se sustenta quando um papel sai do universo, quando o período começa três meses antes, quando o custo dobra? Como a tese já é fraca, o veredicto esperado é FRÁGIL — e isso é a calibragem da bancada. Um veredicto ROBUSTA aqui seria motivo para procurar vazamento no Componente 3, não para reabilitar o MAC.
",SUZB3.SA,2018-01-01,2024-01-01,MovingAverageCrossover,AtrStop,9,21,14,2.0,0.01,0.0,0.0,0.014253413311381413,0.002402951576662371,0.08897484382440835,0.08241965526489639,0.06052125121105902,40,0.325,2.09043058177914,0.3385295522187331,24.45,2.2617217060601322,0.22200152952778351,0.5424118086289688,0.695358709734894,0.7499269061530974
mac_robustness-2026-08-17T14:44:27,cost_multiplier,0x,19,mac_robustness-2026-08-17T14:44:27-cost_multiplier-0x,c000,1,perturbation,"O MAC já foi refutado como tese (ver CONCLUSOES.md), mas o achado transferível foi o stop ATR 2.0. A pergunta aqui é sobre a dependência do ambiente: o resultado do 9/21 + ATR 2.0 se sustenta quando um papel sai do universo, quando o período começa três meses antes, quando o custo dobra? Como a tese já é fraca, o veredicto esperado é FRÁGIL — e isso é a calibragem da bancada. Um veredicto ROBUSTA aqui seria motivo para procurar vazamento no Componente 3, não para reabilitar o MAC.
",RADL3.SA,2018-01-01,2024-01-01,MovingAverageCrossover,AtrStop,9,21,14,2.0,0.01,0.0,0.0,0.0006139446556048256,0.00010408790648019917,0.11980439320315857,0.021913344082644406,0.016573008448161095,39,0.28205128205128205,2.408285792573665,-2.693274555281828,27.871794871794872,0.7842523492175011,0.10317053266538334,0.37359477639289257,0.46759548321575434,0.47808610246733624
mac_robustness-2026-08-17T14:44:27,cost_multiplier,2x,19,mac_robustness-2026-08-17T14:44:27-cost_multiplier-2x,c000,1,perturbation,"O MAC já foi refutado como tese (ver CONCLUSOES.md), mas o achado transferível foi o stop ATR 2.0. A pergunta aqui é sobre a dependência do ambiente: o resultado do 9/21 + ATR 2.0 se sustenta quando um papel sai do universo, quando o período começa três meses antes, quando o custo dobra? Como a tese já é fraca, o veredicto esperado é FRÁGIL — e isso é a calibragem da bancada. Um veredicto ROBUSTA aqui seria motivo para procurar vazamento no Componente 3, não para reabilitar o MAC.
",PETR4.SA,2018-01-01,2024-01-01,MovingAverageCrossover,AtrStop,9,21,14,2.0,0.01,0.0,10.0,0.18604865905765466,0.029358152704740403,0.055822263090655716,0.6561456444092277,0.5015237455011865,35,0.4857142857142857,2.094116366497305,52.08096970190434,36.77142857142857,5.187128653555371,0.36214369323122697,0.6334612937783489,0.9050128854660244,0.8592594575802178
mac_robustness-2026-08-17T14:44:27,cost_multiplier,2x,19,mac_robustness-2026-08-17T14:44:27-cost_multiplier-2x,c000,1,perturbation,"O MAC já foi refutado como tese (ver CONCLUSOES.md), mas o achado transferível foi o stop ATR 2.0. A pergunta aqui é sobre a dependência do ambiente: o resultado do 9/21 + ATR 2.0 se sustenta quando um papel sai do universo, quando o período começa três meses antes, quando o custo dobra? Como a tese já é fraca, o veredicto esperado é FRÁGIL — e isso é a calibragem da bancada. Um veredicto ROBUSTA aqui seria motivo para procurar vazamento no Componente 3, não para reabilitar o MAC.
",VALE3.SA,2018-01-01,2024-01-01,MovingAverageCrossover,AtrStop,9,21,14,2.0,0.01,0.0,10.0,0.0916376470925857,0.01497993867629277,0.08136708819529591,0.3846589146514239,0.2817482384789912,33,0.45454545454545453,1.8121965968781035,27.83868597567549,34.39393939393939,1.878522424662393,0.19637480027710685,0.4368539552554162,0.6557319315162072,0.6741075847226137
mac_robustness-2026-08-17T14:44:27,cost_multiplier,2x,19,mac_robustness-2026-08-17T14:44:27-cost_multiplier-2x,c000,1,perturbation,"O MAC já foi refutado como tese (ver CONCLUSOES.md), mas o achado transferível foi o stop ATR 2.0. A pergunta aqui é sobre a dependência do ambiente: o resultado do 9/21 + ATR 2.0 se sustenta quando um papel sai do universo, quando o período começa três meses antes, quando o custo dobra? Como a tese já é fraca, o veredicto esperado é FRÁGIL — e isso é a calibragem da bancada. Um veredicto ROBUSTA aqui seria motivo para procurar vazamento no Componente 3, não para reabilitar o MAC.
",ITUB4.SA,2018-01-01,2024-01-01,MovingAverageCrossover,AtrStop,9,21,14,2.0,0.01,0.0,10.0,0.09776285116123207,0.01594348307196425,0.06686235578416011,0.4283183736150478,0.3243513114793456,35,0.42857142857142855,1.8090566316756302,15.921082556281535,29.82857142857143,0.5748260747218679,0.08005842907503369,0.44333887351707235,0.4005644196586371,0.4020221924073082
mac_robustness-2026-08-17T14:44:27,cost_multiplier,2x,19,mac_robustness-2026-08-17T14:44:27-cost_multiplier-2x,c000,1,perturbation,"O MAC já foi refutado como tese (ver CONCLUSOES.md), mas o achado transferível foi o stop ATR 2.0. A pergunta aqui é sobre a dependência do ambiente: o resultado do 9/21 + ATR 2.0 se sustenta quando um papel sai do universo, quando o período começa três meses antes, quando o custo dobra? Como a tese já é fraca, o veredicto esperado é FRÁGIL — e isso é a calibragem da bancada. Um veredicto ROBUSTA aqui seria motivo para procurar vazamento no Componente 3, não para reabilitar o MAC.
",BBDC4.SA,2018-01-01,2024-01-01,MovingAverageCrossover,AtrStop,9,21,14,2.0,0.01,0.0,10.0,0.1553556404940355,0.02479146663012699,0.05411870270766459,0.6835608239212088,0.5094961569955495,32,0.5,1.9174510338653048,36.189239898326,29.15625,0.15225211712731967,0.0243241174649671,0.5275288498329669,0.2488128384806981,0.2489254267102243
mac_robustness-2026-08-17T14:44:27,cost_multiplier,2x,19,mac_robustness-2026-08-17T14:44:27-cost_multiplier-2x,c000,1,perturbation,"O MAC já foi refutado como tese (ver CONCLUSOES.md), mas o achado transferível foi o stop ATR 2.0. A pergunta aqui é sobre a dependência do ambiente: o resultado do 9/21 + ATR 2.0 se sustenta quando um papel sai do universo, quando o período começa três meses antes, quando o custo dobra? Como a tese já é fraca, o veredicto esperado é FRÁGIL — e isso é a calibragem da bancada. Um veredicto ROBUSTA aqui seria motivo para procurar vazamento no Componente 3, não para reabilitar o MAC.
",WEGE3.SA,2018-01-01,2024-01-01,MovingAverageCrossover,AtrStop,9,21,14,2.0,0.01,0.0,10.0,0.30420434640253924,0.04606972717747082,0.07341648168229549,0.8938003323059469,0.6810146967495081,37,0.43243243243243246,3.6448031894827246,75.43536674394312,28.135135135135137,3.179549205228775,0.27447949627073864,0.4950252645970224,0.8467678873785267,0.8793201956506689
mac_robustness-2026-08-17T14:44:27,cost_multiplier,2x,19,mac_robustness-2026-08-17T14:44:27-cost_multiplier-2x,c000,1,perturbation,"O MAC já foi refutado como tese (ver CONCLUSOES.md), mas o achado transferível foi o stop ATR 2.0. A pergunta aqui é sobre a dependência do ambiente: o resultado do 9/21 + ATR 2.0 se sustenta quando um papel sai do universo, quando o período começa três meses antes, quando o custo dobra? Como a tese já é fraca, o veredicto esperado é FRÁGIL — e isso é a calibragem da bancada. Um veredicto ROBUSTA aqui seria motivo para procurar vazamento no Componente 3, não para reabilitar o MAC.
",ABEV3.SA,2018-01-01,2024-01-01,MovingAverageCrossover,AtrStop,9,21,14,2.0,0.01,0.0,10.0,0.01678014303652775,0.0028259975888291766,0.05825323345538115,0.10302700797195559,0.07412764323845983,36,0.4444444444444444,1.2612750214957245,0.35721696850194995,26.22222222222222,-0.2035393868852573,-0.03785801005568812,0.5195426462602436,0.018374668971604252,0.018560030198657543
mac_robustness-2026-08-17T14:44:27,cost_multiplier,2x,19,mac_robustness-2026-08-17T14:44:27-cost_multiplier-2x,c000,1,perturbation,"O MAC já foi refutado como tese (ver CONCLUSOES.md), mas o achado transferível foi o stop ATR 2.0. A pergunta aqui é sobre a dependência do ambiente: o resultado do 9/21 + ATR 2.0 se sustenta quando um papel sai do universo, quando o período começa três meses antes, quando o custo dobra? Como a tese já é fraca, o veredicto esperado é FRÁGIL — e isso é a calibragem da bancada. Um veredicto ROBUSTA aqui seria motivo para procurar vazamento no Componente 3, não para reabilitar o MAC.
",B3SA3.SA,2018-01-01,2024-01-01,MovingAverageCrossover,AtrStop,9,21,14,2.0,0.01,0.0,10.0,0.06283984973159362,0.010388717156632588,0.08663157889373979,0.29753709933398603,0.22148340672429853,40,0.325,2.440799734292374,8.55287555761224,24.25,1.3588554507893198,0.1566546938380633,0.5080666735158448,0.5599075889932065,0.5758933028605334
mac_robustness-2026-08-17T14:44:27,cost_multiplier,2x,19,mac_robustness-2026-08-17T14:44:27-cost_multiplier-2x,c000,1,perturbation,"O MAC já foi refutado como tese (ver CONCLUSOES.md), mas o achado transferível foi o stop ATR 2.0. A pergunta aqui é sobre a dependência do ambiente: o resultado do 9/21 + ATR 2.0 se sustenta quando um papel sai do universo, quando o período começa três meses antes, quando o custo dobra? Como a tese já é fraca, o veredicto esperado é FRÁGIL — e isso é a calibragem da bancada. Um veredicto ROBUSTA aqui seria motivo para procurar vazamento no Componente 3, não para reabilitar o MAC.
",RENT3.SA,2018-01-01,2024-01-01,MovingAverageCrossover,AtrStop,9,21,14,2.0,0.01,0.0,10.0,0.18718766827297806,0.02952572409264609,0.05899453895231155,0.786306970837677,0.6538463743292795,30,0.4666666666666667,2.5947925472349525,52.843830727059554,38.833333333333336,2.2065493462670265,0.21847132967566152,0.5789177510174109,0.6633948044709393,0.7008245300822952
mac_robustness-2026-08-17T14:44:27,cost_multiplier,2x,19,mac_robustness-2026-08-17T14:44:27-cost_multiplier-2x,c000,1,perturbation,"O MAC já foi refutado como tese (ver CONCLUSOES.md), mas o achado transferível foi o stop ATR 2.0. A pergunta aqui é sobre a dependência do ambiente: o resultado do 9/21 + ATR 2.0 se sustenta quando um papel sai do universo, quando o período começa três meses antes, quando o custo dobra? Como a tese já é fraca, o veredicto esperado é FRÁGIL — e isso é a calibragem da bancada. Um veredicto ROBUSTA aqui seria motivo para procurar vazamento no Componente 3, não para reabilitar o MAC.
",SUZB3.SA,2018-01-01,2024-01-01,MovingAverageCrossover,AtrStop,9,21,14,2.0,0.01,0.0,10.0,0.004603429879913357,0.0007791744342584561,0.09126049996859807,0.039480751851644236,0.0288870046988128,40,0.325,1.9980909826640305,-2.0152392248412396,24.35,2.263984444165781,0.22214524906437605,0.5425982994536735,0.6955083832686884,0.7501161890789545
mac_robustness-2026-08-17T14:44:27,cost_multiplier,2x,19,mac_robustness-2026-08-17T14:44:27-cost_multiplier-2x,c000,1,perturbation,"O MAC já foi refutado como tese (ver CONCLUSOES.md), mas o achado transferível foi o stop ATR 2.0. A pergunta aqui é sobre a dependência do ambiente: o resultado do 9/21 + ATR 2.0 se sustenta quando um papel sai do universo, quando o período começa três meses antes, quando o custo dobra? Como a tese já é fraca, o veredicto esperado é FRÁGIL — e isso é a calibragem da bancada. Um veredicto ROBUSTA aqui seria motivo para procurar vazamento no Componente 3, não para reabilitar o MAC.
",RADL3.SA,2018-01-01,2024-01-01,MovingAverageCrossover,AtrStop,9,21,14,2.0,0.01,0.0,10.0,-0.010584343677412456,-0.0018028618365437676,0.12353710019758937,-0.027824195220705193,-0.0209682885254154,39,0.28205128205128205,2.274342242429841,-5.477625678522942,27.743589743589745,0.7850369432186965,0.10325278226836576,0.3739685339222496,0.4676943185461782,0.4782010512627449
mac_robustness-2026-08-17T14:44:27,subperiod,1/3,19,mac_robustness-2026-08-17T14:44:27-subperiod-1-3,c000,1,perturbation,"O MAC já foi refutado como tese (ver CONCLUSOES.md), mas o achado transferível foi o stop ATR 2.0. A pergunta aqui é sobre a dependência do ambiente: o resultado do 9/21 + ATR 2.0 se sustenta quando um papel sai do universo, quando o período começa três meses antes, quando o custo dobra? Como a tese já é fraca, o veredicto esperado é FRÁGIL — e isso é a calibragem da bancada. Um veredicto ROBUSTA aqui seria motivo para procurar vazamento no Componente 3, não para reabilitar o MAC.
",PETR4.SA,2018-01-01,2019-12-31,MovingAverageCrossover,AtrStop,9,21,14,2.0,0.01,0.0,5,0.045008830206545,0.02275894368011211,0.05574117533302391,0.4788206048621702,0.35761174839801296,10,0.5,1.8806384024198721,44.607260377567755,35.3,0.9651617266951893,0.4124476317719401,0.4694413312252903,1.0298323748529137,1.0231250835202996
mac_robustness-2026-08-17T14:44:27,subperiod,1/3,19,mac_robustness-2026-08-17T14:44:27-subperiod-1-3,c000,1,perturbation,"O MAC já foi refutado como tese (ver CONCLUSOES.md), mas o achado transferível foi o stop ATR 2.0. A pergunta aqui é sobre a dependência do ambiente: o resultado do 9/21 + ATR 2.0 se sustenta quando um papel sai do universo, quando o período começa três meses antes, quando o custo dobra? Como a tese já é fraca, o veredicto esperado é FRÁGIL — e isso é a calibragem da bancada. Um veredicto ROBUSTA aqui seria motivo para procurar vazamento no Componente 3, não para reabilitar o MAC.
",VALE3.SA,2018-01-01,2019-12-31,MovingAverageCrossover,AtrStop,9,21,14,2.0,0.01,0.0,5,0.03375182854285663,0.017112463743295336,0.04631218717961911,0.4229157140986308,0.27977916863136804,12,0.5,1.2401194030883556,11.98447171661463,28.5,0.3638622878790616,0.17189522725365847,0.330950282945685,0.6272306610614523,0.5762841782073314
mac_robustness-2026-08-17T14:44:27,subperiod,1/3,19,mac_robustness-2026-08-17T14:44:27-subperiod-1-3,c000,1,perturbation,"O MAC já foi refutado como tese (ver CONCLUSOES.md), mas o achado transferível foi o stop ATR 2.0. A pergunta aqui é sobre a dependência do ambiente: o resultado do 9/21 + ATR 2.0 se sustenta quando um papel sai do universo, quando o período começa três meses antes, quando o custo dobra? Como a tese já é fraca, o veredicto esperado é FRÁGIL — e isso é a calibragem da bancada. Um veredicto ROBUSTA aqui seria motivo para procurar vazamento no Componente 3, não para reabilitar o MAC.
",ITUB4.SA,2018-01-01,2019-12-31,MovingAverageCrossover,AtrStop,9,21,14,2.0,0.01,0.0,5,0.02209718590385168,0.011234767915637711,0.03761899242221441,0.315704187465598,0.2210247503393511,10,0.5,1.410301912646939,18.49588109479267,31.2,0.46232984910597175,0.21440612542369575,0.28807827885106513,0.846927160867867,0.8737373094389402
mac_robustness-2026-08-17T14:44:27,subperiod,1/3,19,mac_robustness-2026-08-17T14:44:27-subperiod-1-3,c000,1,perturbation,"O MAC já foi refutado como tese (ver CONCLUSOES.md), mas o achado transferível foi o stop ATR 2.0. A pergunta aqui é sobre a dependência do ambiente: o resultado do 9/21 + ATR 2.0 se sustenta quando um papel sai do universo, quando o período começa três meses antes, quando o custo dobra? Como a tese já é fraca, o veredicto esperado é FRÁGIL — e isso é a calibragem da bancada. Um veredicto ROBUSTA aqui seria motivo para procurar vazamento no Componente 3, não para reabilitar o MAC.
",BBDC4.SA,2018-01-01,2019-12-31,MovingAverageCrossover,AtrStop,9,21,14,2.0,0.01,0.0,5,0.07360764757196936,0.03697173157357514,0.03704112704344486,0.9255993447937806,0.7405666745006455,10,0.4,3.0625000989281492,58.26678463812186,31.1,0.49909463794793507,0.22991785718413826,0.3328403478279932,0.846924052981931,0.8991031738544598
mac_robustness-2026-08-17T14:44:27,subperiod,1/3,19,mac_robustness-2026-08-17T14:44:27-subperiod-1-3,c000,1,perturbation,"O MAC já foi refutado como tese (ver CONCLUSOES.md), mas o achado transferível foi o stop ATR 2.0. A pergunta aqui é sobre a dependência do ambiente: o resultado do 9/21 + ATR 2.0 se sustenta quando um papel sai do universo, quando o período começa três meses antes, quando o custo dobra? Como a tese já é fraca, o veredicto esperado é FRÁGIL — e isso é a calibragem da bancada. Um veredicto ROBUSTA aqui seria motivo para procurar vazamento no Componente 3, não para reabilitar o MAC.
",WEGE3.SA,2018-01-01,2019-12-31,MovingAverageCrossover,AtrStop,9,21,14,2.0,0.01,0.0,5,0.11979344990929053,0.05953950304213507,0.029188961371575454,1.4196960166195924,1.137739879488157,11,0.36363636363636365,2.798351745037668,21.32190298417135,27.363636363636363,0.8613225229237047,0.3737920434669739,0.23641533689277977,1.3128081088060004,1.3492280611977325
mac_robustness-2026-08-17T14:44:27,subperiod,1/3,19,mac_robustness-2026-08-17T14:44:27-subperiod-1-3,c000,1,perturbation,"O MAC já foi refutado como tese (ver CONCLUSOES.md), mas o achado transferível foi o stop ATR 2.0. A pergunta aqui é sobre a dependência do ambiente: o resultado do 9/21 + ATR 2.0 se sustenta quando um papel sai do universo, quando o período começa três meses antes, quando o custo dobra? Como a tese já é fraca, o veredicto esperado é FRÁGIL — e isso é a calibragem da bancada. Um veredicto ROBUSTA aqui seria motivo para procurar vazamento no Componente 3, não para reabilitar o MAC.
",ABEV3.SA,2018-01-01,2019-12-31,MovingAverageCrossover,AtrStop,9,21,14,2.0,0.01,0.0,5,0.016120134024798283,0.008207697223815646,0.03229712747937363,0.2679166448324209,0.19394387410123975,10,0.4,1.5896813315543232,2.223840061924694,28.9,-0.08766818866221027,-0.0458165787789272,0.37620032308291024,-0.0708999316035501,-0.07235043909981635
mac_robustness-2026-08-17T14:44:27,subperiod,1/3,19,mac_robustness-2026-08-17T14:44:27-subperiod-1-3,c000,1,perturbation,"O MAC já foi refutado como tese (ver CONCLUSOES.md), mas o achado transferível foi o stop ATR 2.0. A pergunta aqui é sobre a dependência do ambiente: o resultado do 9/21 + ATR 2.0 se sustenta quando um papel sai do universo, quando o período começa três meses antes, quando o custo dobra? Como a tese já é fraca, o veredicto esperado é FRÁGIL — e isso é a calibragem da bancada. Um veredicto ROBUSTA aqui seria motivo para procurar vazamento no Componente 3, não para reabilitar o MAC.
",B3SA3.SA,2018-01-01,2019-12-31,MovingAverageCrossover,AtrStop,9,21,14,2.0,0.01,0.0,5,0.0602914325809889,0.030377282641924852,0.024502175024572144,0.7131883380161906,0.5394875794107055,12,0.4166666666666667,3.016972148606602,50.24286048415757,31.666666666666668,0.9731305513230846,0.4153724046856182,0.2912003798226737,1.1963879587991921,1.210663111213544
mac_robustness-2026-08-17T14:44:27,subperiod,1/3,19,mac_robustness-2026-08-17T14:44:27-subperiod-1-3,c000,1,perturbation,"O MAC já foi refutado como tese (ver CONCLUSOES.md), mas o achado transferível foi o stop ATR 2.0. A pergunta aqui é sobre a dependência do ambiente: o resultado do 9/21 + ATR 2.0 se sustenta quando um papel sai do universo, quando o período começa três meses antes, quando o custo dobra? Como a tese já é fraca, o veredicto esperado é FRÁGIL — e isso é a calibragem da bancada. Um veredicto ROBUSTA aqui seria motivo para procurar vazamento no Componente 3, não para reabilitar o MAC.
",RENT3.SA,2018-01-01,2019-12-31,MovingAverageCrossover,AtrStop,9,21,14,2.0,0.01,0.0,5,0.10456027974544213,0.05214728818166425,0.02453494252059448,1.3575917220354239,1.1285539826638895,7,0.5714285714285714,3.3661452505785596,115.41071348098377,50.0,1.2313138193721982,0.5071932321532309,0.2941924241754593,1.3378634599622992,1.467304453280951
mac_robustness-2026-08-17T14:44:27,subperiod,1/3,19,mac_robustness-2026-08-17T14:44:27-subperiod-1-3,c000,1,perturbation,"O MAC já foi refutado como tese (ver CONCLUSOES.md), mas o achado transferível foi o stop ATR 2.0. A pergunta aqui é sobre a dependência do ambiente: o resultado do 9/21 + ATR 2.0 se sustenta quando um papel sai do universo, quando o período começa três meses antes, quando o custo dobra? Como a tese já é fraca, o veredicto esperado é FRÁGIL — e isso é a calibragem da bancada. Um veredicto ROBUSTA aqui seria motivo para procurar vazamento no Componente 3, não para reabilitar o MAC.
",SUZB3.SA,2018-01-01,2019-12-31,MovingAverageCrossover,AtrStop,9,21,14,2.0,0.01,0.0,5,-0.04544327951245597,-0.023492610098902245,0.08001574650365248,-0.7474737286611414,-0.46046779896960494,14,0.14285714285714285,2.618778368187325,-39.39864191872193,13.214285714285714,1.1444074927517143,0.47689555789570903,0.4797301593316972,1.0859215105406261,1.2400404910955154
mac_robustness-2026-08-17T14:44:27,subperiod,1/3,19,mac_robustness-2026-08-17T14:44:27-subperiod-1-3,c000,1,perturbation,"O MAC já foi refutado como tese (ver CONCLUSOES.md), mas o achado transferível foi o stop ATR 2.0. A pergunta aqui é sobre a dependência do ambiente: o resultado do 9/21 + ATR 2.0 se sustenta quando um papel sai do universo, quando o período começa três meses antes, quando o custo dobra? Como a tese já é fraca, o veredicto esperado é FRÁGIL — e isso é a calibragem da bancada. Um veredicto ROBUSTA aqui seria motivo para procurar vazamento no Componente 3, não para reabilitar o MAC.
",RADL3.SA,2018-01-01,2019-12-31,MovingAverageCrossover,AtrStop,9,21,14,2.0,0.01,0.0,5,0.053323880760268505,0.026910679477101462,0.043763348983464526,0.6665794117502843,0.5145068896174917,12,0.5,2.251013918456524,44.43656730022351,30.083333333333332,0.2554010391830184,0.1232935825260415,0.37378131419448485,0.5281299027338036,0.5717208575144468
mac_robustness-2026-08-17T14:44:27,subperiod,2/3,19,mac_robustness-2026-08-17T14:44:27-subperiod-2-3,c000,1,perturbation,"O MAC já foi refutado como tese (ver CONCLUSOES.md), mas o achado transferível foi o stop ATR 2.0. A pergunta aqui é sobre a dependência do ambiente: o resultado do 9/21 + ATR 2.0 se sustenta quando um papel sai do universo, quando o período começa três meses antes, quando o custo dobra? Como a tese já é fraca, o veredicto esperado é FRÁGIL — e isso é a calibragem da bancada. Um veredicto ROBUSTA aqui seria motivo para procurar vazamento no Componente 3, não para reabilitar o MAC.
",PETR4.SA,2020-01-01,2021-12-30,MovingAverageCrossover,AtrStop,9,21,14,2.0,0.01,0.0,5,0.010848173471594835,0.00551926042038553,0.047713367275548015,0.16092737908479393,0.11328376359843449,11,0.45454545454545453,1.3972816449815109,9.861975883267682,39.18181818181818,0.14014351870613484,0.06919341363495235,0.6333978823918732,0.41668978975444837,0.389522375299293
mac_robustness-2026-08-17T14:44:27,subperiod,2/3,19,mac_robustness-2026-08-17T14:44:27-subperiod-2-3,c000,1,perturbation,"O MAC já foi refutado como tese (ver CONCLUSOES.md), mas o achado transferível foi o stop ATR 2.0. A pergunta aqui é sobre a dependência do ambiente: o resultado do 9/21 + ATR 2.0 se sustenta quando um papel sai do universo, quando o período começa três meses antes, quando o custo dobra? Como a tese já é fraca, o veredicto esperado é FRÁGIL — e isso é a calibragem da bancada. Um veredicto ROBUSTA aqui seria motivo para procurar vazamento no Componente 3, não para reabilitar o MAC.
",VALE3.SA,2020-01-01,2021-12-30,MovingAverageCrossover,AtrStop,9,21,14,2.0,0.01,0.0,5,0.09836458569432915,0.049024605589537806,0.0564085002305764,1.1372454734587256,1.0311715733529154,9,0.4444444444444444,3.5797467087742745,94.79311676505331,45.77777777777778,0.7570410791839535,0.3331177391454072,0.41307396144234676,0.8487354714901164,0.9345598582343072
mac_robustness-2026-08-17T14:44:27,subperiod,2/3,19,mac_robustness-2026-08-17T14:44:27-subperiod-2-3,c000,1,perturbation,"O MAC já foi refutado como tese (ver CONCLUSOES.md), mas o achado transferível foi o stop ATR 2.0. A pergunta aqui é sobre a dependência do ambiente: o resultado do 9/21 + ATR 2.0 se sustenta quando um papel sai do universo, quando o período começa três meses antes, quando o custo dobra? Como a tese já é fraca, o veredicto esperado é FRÁGIL — e isso é a calibragem da bancada. Um veredicto ROBUSTA aqui seria motivo para procurar vazamento no Componente 3, não para reabilitar o MAC.
",ITUB4.SA,2020-01-01,2021-12-30,MovingAverageCrossover,AtrStop,9,21,14,2.0,0.01,0.0,5,0.011481331416149931,0.005840495896549669,0.04403598350415663,0.17287643618769225,0.12762634978009604,11,0.2727272727272727,3.215711982011304,10.437574014681433,28.363636363636363,-0.40564589489752134,-0.23310546648181896,0.4433448593799315,-0.41711552909100286,-0.41169978656767764
mac_robustness-2026-08-17T14:44:27,subperiod,2/3,19,mac_robustness-2026-08-17T14:44:27-subperiod-2-3,c000,1,perturbation,"O MAC já foi refutado como tese (ver CONCLUSOES.md), mas o achado transferível foi o stop ATR 2.0. A pergunta aqui é sobre a dependência do ambiente: o resultado do 9/21 + ATR 2.0 se sustenta quando um papel sai do universo, quando o período começa três meses antes, quando o custo dobra? Como a tese já é fraca, o veredicto esperado é FRÁGIL — e isso é a calibragem da bancada. Um veredicto ROBUSTA aqui seria motivo para procurar vazamento no Componente 3, não para reabilitar o MAC.
",BBDC4.SA,2020-01-01,2021-12-30,MovingAverageCrossover,AtrStop,9,21,14,2.0,0.01,0.0,5,0.021322637027306968,0.010820919810025531,0.030822454030943348,0.34122944565460783,0.2567918433620036,11,0.6363636363636364,1.005824887096316,19.384215479369995,28.0,-0.33456442400865527,-0.18761371492966916,0.5266786397073551,-0.21804638844639873,-0.22638246789145802
mac_robustness-2026-08-17T14:44:27,subperiod,2/3,19,mac_robustness-2026-08-17T14:44:27-subperiod-2-3,c000,1,perturbation,"O MAC já foi refutado como tese (ver CONCLUSOES.md), mas o achado transferível foi o stop ATR 2.0. A pergunta aqui é sobre a dependência do ambiente: o resultado do 9/21 + ATR 2.0 se sustenta quando um papel sai do universo, quando o período começa três meses antes, quando o custo dobra? Como a tese já é fraca, o veredicto esperado é FRÁGIL — e isso é a calibragem da bancada. Um veredicto ROBUSTA aqui seria motivo para procurar vazamento no Componente 3, não para reabilitar o MAC.
",WEGE3.SA,2020-01-01,2021-12-30,MovingAverageCrossover,AtrStop,9,21,14,2.0,0.01,0.0,5,0.09276438233343498,0.04629273604737061,0.032913514471923346,1.1177678418404586,0.9083161138802394,12,0.5,3.019915016847328,77.30365194452884,29.0,0.9073324590128271,0.39011754184094305,0.4662594630744072,0.9314505347089355,0.9492454974347404
mac_robustness-2026-08-17T14:44:27,subperiod,2/3,19,mac_robustness-2026-08-17T14:44:27-subperiod-2-3,c000,1,perturbation,"O MAC já foi refutado como tese (ver CONCLUSOES.md), mas o achado transferível foi o stop ATR 2.0. A pergunta aqui é sobre a dependência do ambiente: o resultado do 9/21 + ATR 2.0 se sustenta quando um papel sai do universo, quando o período começa três meses antes, quando o custo dobra? Como a tese já é fraca, o veredicto esperado é FRÁGIL — e isso é a calibragem da bancada. Um veredicto ROBUSTA aqui seria motivo para procurar vazamento no Componente 3, não para reabilitar o MAC.
",ABEV3.SA,2020-01-01,2021-12-30,MovingAverageCrossover,AtrStop,9,21,14,2.0,0.01,0.0,5,-0.0055013638984926505,-0.0028101557126810617,0.030636686328706933,-0.07946478271702775,-0.054361668084600724,12,0.5833333333333334,0.6570960035256088,-2.7159859296095603,27.416666666666668,-0.13932744235663796,-0.07368340816547947,0.4256418602162616,-0.00038435626593392666,-0.00038436807133206114
mac_robustness-2026-08-17T14:44:27,subperiod,2/3,19,mac_robustness-2026-08-17T14:44:27-subperiod-2-3,c000,1,perturbation,"O MAC já foi refutado como tese (ver CONCLUSOES.md), mas o achado transferível foi o stop ATR 2.0. A pergunta aqui é sobre a dependência do ambiente: o resultado do 9/21 + ATR 2.0 se sustenta quando um papel sai do universo, quando o período começa três meses antes, quando o custo dobra? Como a tese já é fraca, o veredicto esperado é FRÁGIL — e isso é a calibragem da bancada. Um veredicto ROBUSTA aqui seria motivo para procurar vazamento no Componente 3, não para reabilitar o MAC.
",B3SA3.SA,2020-01-01,2021-12-30,MovingAverageCrossover,AtrStop,9,21,14,2.0,0.01,0.0,5,-0.016869977320188134,-0.008641598447241106,0.06792981324752051,-0.3486703805357328,-0.23151065070835303,15,0.26666666666666666,2.0982710803760614,-11.24665154679243,18.266666666666666,-0.1913661343955928,-0.1026904749642269,0.48176300662121463,0.012208828517328308,0.012733981320445339
mac_robustness-2026-08-17T14:44:27,subperiod,2/3,19,mac_robustness-2026-08-17T14:44:27-subperiod-2-3,c000,1,perturbation,"O MAC já foi refutado como tese (ver CONCLUSOES.md), mas o achado transferível foi o stop ATR 2.0. A pergunta aqui é sobre a dependência do ambiente: o resultado do 9/21 + ATR 2.0 se sustenta quando um papel sai do universo, quando o período começa três meses antes, quando o custo dobra? Como a tese já é fraca, o veredicto esperado é FRÁGIL — e isso é a calibragem da bancada. Um veredicto ROBUSTA aqui seria motivo para procurar vazamento no Componente 3, não para reabilitar o MAC.
",RENT3.SA,2020-01-01,2021-12-30,MovingAverageCrossover,AtrStop,9,21,14,2.0,0.01,0.0,5,0.028228508428759236,0.014301774346697549,0.03914215460139174,0.4089895187978125,0.3337056777924973,11,0.36363636363636365,2.7005484390232577,22.80244449317795,30.545454545454547,0.08416420395594115,0.04208404161548329,0.5777033873162575,0.3666438847246697,0.3778581732411734
mac_robustness-2026-08-17T14:44:27,subperiod,2/3,19,mac_robustness-2026-08-17T14:44:27-subperiod-2-3,c000,1,perturbation,"O MAC já foi refutado como tese (ver CONCLUSOES.md), mas o achado transferível foi o stop ATR 2.0. A pergunta aqui é sobre a dependência do ambiente: o resultado do 9/21 + ATR 2.0 se sustenta quando um papel sai do universo, quando o período começa três meses antes, quando o custo dobra? Como a tese já é fraca, o veredicto esperado é FRÁGIL — e isso é a calibragem da bancada. Um veredicto ROBUSTA aqui seria motivo para procurar vazamento no Componente 3, não para reabilitar o MAC.
",SUZB3.SA,2020-01-01,2021-12-30,MovingAverageCrossover,AtrStop,9,21,14,2.0,0.01,0.0,5,0.036412297362714785,0.018411959720874282,0.049050147295368884,0.46305127807442176,0.35444277193530827,12,0.4166666666666667,1.9150630199775533,16.16588165009148,26.416666666666668,0.4729008793492038,0.2183972830358496,0.45151311854092707,0.6616873623024435,0.6858067588123431
mac_robustness-2026-08-17T14:44:27,subperiod,2/3,19,mac_robustness-2026-08-17T14:44:27-subperiod-2-3,c000,1,perturbation,"O MAC já foi refutado como tese (ver CONCLUSOES.md), mas o achado transferível foi o stop ATR 2.0. A pergunta aqui é sobre a dependência do ambiente: o resultado do 9/21 + ATR 2.0 se sustenta quando um papel sai do universo, quando o período começa três meses antes, quando o custo dobra? Como a tese já é fraca, o veredicto esperado é FRÁGIL — e isso é a calibragem da bancada. Um veredicto ROBUSTA aqui seria motivo para procurar vazamento no Componente 3, não para reabilitar o MAC.
",RADL3.SA,2020-01-01,2021-12-30,MovingAverageCrossover,AtrStop,9,21,14,2.0,0.01,0.0,5,-0.07326333910331162,-0.038069440830123424,0.0793998127603762,-1.3105319696217828,-0.7686362802019845,14,0.07142857142857142,0.515005113253692,-52.85251986269439,18.214285714285715,0.07416957340109098,0.0371723389426204,0.2611641050377587,0.28315680812957783,0.27743649902760115
mac_robustness-2026-08-17T14:44:27,subperiod,3/3,19,mac_robustness-2026-08-17T14:44:27-subperiod-3-3,c000,1,perturbation,"O MAC já foi refutado como tese (ver CONCLUSOES.md), mas o achado transferível foi o stop ATR 2.0. A pergunta aqui é sobre a dependência do ambiente: o resultado do 9/21 + ATR 2.0 se sustenta quando um papel sai do universo, quando o período começa três meses antes, quando o custo dobra? Como a tese já é fraca, o veredicto esperado é FRÁGIL — e isso é a calibragem da bancada. Um veredicto ROBUSTA aqui seria motivo para procurar vazamento no Componente 3, não para reabilitar o MAC.
",PETR4.SA,2021-12-31,2024-01-01,MovingAverageCrossover,AtrStop,9,21,14,2.0,0.01,0.0,5,0.11671079554288011,0.05756718800815941,0.04353531461462577,1.2422432241069286,0.9518292682657622,12,0.5,2.9345454209456996,94.195853694512,35.666666666666664,1.6548303155120454,0.6406069935737102,0.3910174599775587,1.5225422304230039,1.4803133243120927
mac_robustness-2026-08-17T14:44:27,subperiod,3/3,19,mac_robustness-2026-08-17T14:44:27-subperiod-3-3,c000,1,perturbation,"O MAC já foi refutado como tese (ver CONCLUSOES.md), mas o achado transferível foi o stop ATR 2.0. A pergunta aqui é sobre a dependência do ambiente: o resultado do 9/21 + ATR 2.0 se sustenta quando um papel sai do universo, quando o período começa três meses antes, quando o custo dobra? Como a tese já é fraca, o veredicto esperado é FRÁGIL — e isso é a calibragem da bancada. Um veredicto ROBUSTA aqui seria motivo para procurar vazamento no Componente 3, não para reabilitar o MAC.
",VALE3.SA,2021-12-31,2024-01-01,MovingAverageCrossover,AtrStop,9,21,14,2.0,0.01,0.0,5,-0.03211426626131875,-0.016414282190733265,0.05712458653032366,-0.5300571792176835,-0.31288569584736203,10,0.3,1.1415445290918673,-32.04798133269361,25.3,0.17666667282467974,0.08598614858731168,0.3450639119635448,0.41294253548990445,0.43881156608517075
mac_robustness-2026-08-17T14:44:27,subperiod,3/3,19,mac_robustness-2026-08-17T14:44:27-subperiod-3-3,c000,1,perturbation,"O MAC já foi refutado como tese (ver CONCLUSOES.md), mas o achado transferível foi o stop ATR 2.0. A pergunta aqui é sobre a dependência do ambiente: o resultado do 9/21 + ATR 2.0 se sustenta quando um papel sai do universo, quando o período começa três meses antes, quando o custo dobra? Como a tese já é fraca, o veredicto esperado é FRÁGIL — e isso é a calibragem da bancada. Um veredicto ROBUSTA aqui seria motivo para procurar vazamento no Componente 3, não para reabilitar o MAC.
",ITUB4.SA,2021-12-31,2024-01-01,MovingAverageCrossover,AtrStop,9,21,14,2.0,0.01,0.0,5,0.06322485166649283,0.03157322298928755,0.0447434934948217,0.8574322459443582,0.6563000224877426,12,0.5,1.5601065207026592,18.449947161227175,28.166666666666668,0.7195103746631919,0.3163160614932834,0.23759620158975459,1.2229249343571216,1.3228377312042203
mac_robustness-2026-08-17T14:44:27,subperiod,3/3,19,mac_robustness-2026-08-17T14:44:27-subperiod-3-3,c000,1,perturbation,"O MAC já foi refutado como tese (ver CONCLUSOES.md), mas o achado transferível foi o stop ATR 2.0. A pergunta aqui é sobre a dependência do ambiente: o resultado do 9/21 + ATR 2.0 se sustenta quando um papel sai do universo, quando o período começa três meses antes, quando o custo dobra? Como a tese já é fraca, o veredicto esperado é FRÁGIL — e isso é a calibragem da bancada. Um veredicto ROBUSTA aqui seria motivo para procurar vazamento no Componente 3, não para reabilitar o MAC.
",BBDC4.SA,2021-12-31,2024-01-01,MovingAverageCrossover,AtrStop,9,21,14,2.0,0.01,0.0,5,0.05987031850816904,0.02992168216643476,0.03144285779919697,0.9430653038013201,0.6434454272925096,9,0.3333333333333333,3.33707888820878,26.086771219890693,26.666666666666668,0.08709248183386498,0.04325060190819441,0.3852207789763972,0.29490939785272124,0.268754112179008
mac_robustness-2026-08-17T14:44:27,subperiod,3/3,19,mac_robustness-2026-08-17T14:44:27-subperiod-3-3,c000,1,perturbation,"O MAC já foi refutado como tese (ver CONCLUSOES.md), mas o achado transferível foi o stop ATR 2.0. A pergunta aqui é sobre a dependência do ambiente: o resultado do 9/21 + ATR 2.0 se sustenta quando um papel sai do universo, quando o período começa três meses antes, quando o custo dobra? Como a tese já é fraca, o veredicto esperado é FRÁGIL — e isso é a calibragem da bancada. Um veredicto ROBUSTA aqui seria motivo para procurar vazamento no Componente 3, não para reabilitar o MAC.
",WEGE3.SA,2021-12-31,2024-01-01,MovingAverageCrossover,AtrStop,9,21,14,2.0,0.01,0.0,5,0.028440026689002584,0.014320616696106514,0.03413768210037642,0.5050620773749265,0.35924378145001845,12,0.4166666666666667,1.7265759085742036,7.18396688079708,20.0,0.19180301426816126,0.09304713692172606,0.35380626687019806,0.43794631658276745,0.48089981469671517
mac_robustness-2026-08-17T14:44:27,subperiod,3/3,19,mac_robustness-2026-08-17T14:44:27-subperiod-3-3,c000,1,perturbation,"O MAC já foi refutado como tese (ver CONCLUSOES.md), mas o achado transferível foi o stop ATR 2.0. A pergunta aqui é sobre a dependência do ambiente: o resultado do 9/21 + ATR 2.0 se sustenta quando um papel sai do universo, quando o período começa três meses antes, quando o custo dobra? Como a tese já é fraca, o veredicto esperado é FRÁGIL — e isso é a calibragem da bancada. Um veredicto ROBUSTA aqui seria motivo para procurar vazamento no Componente 3, não para reabilitar o MAC.
",ABEV3.SA,2021-12-31,2024-01-01,MovingAverageCrossover,AtrStop,9,21,14,2.0,0.01,0.0,5,0.01558803908616091,0.007873660429689178,0.04550624525700569,0.24769600525034638,0.18010263133459384,12,0.4166666666666667,1.3991882740475576,-0.026845157824916772,22.083333333333332,-0.007890966015934864,-0.004008865775465775,0.2269371918149157,0.09671435482568205,0.09935445089951772
mac_robustness-2026-08-17T14:44:27,subperiod,3/3,19,mac_robustness-2026-08-17T14:44:27-subperiod-3-3,c000,1,perturbation,"O MAC já foi refutado como tese (ver CONCLUSOES.md), mas o achado transferível foi o stop ATR 2.0. A pergunta aqui é sobre a dependência do ambiente: o resultado do 9/21 + ATR 2.0 se sustenta quando um papel sai do universo, quando o período começa três meses antes, quando o custo dobra? Como a tese já é fraca, o veredicto esperado é FRÁGIL — e isso é a calibragem da bancada. Um veredicto ROBUSTA aqui seria motivo para procurar vazamento no Componente 3, não para reabilitar o MAC.
",B3SA3.SA,2021-12-31,2024-01-01,MovingAverageCrossover,AtrStop,9,21,14,2.0,0.01,0.0,5,0.02379123066782296,0.011993245730330226,0.04511641582403322,0.3694240003268724,0.26203511291397263,11,0.36363636363636365,1.6178428158483318,-3.543023001567681,20.818181818181817,0.44498710922974705,0.20519629806063033,0.3712201295815316,0.6653947068258621,0.6932504714135176
mac_robustness-2026-08-17T14:44:27,subperiod,3/3,19,mac_robustness-2026-08-17T14:44:27-subperiod-3-3,c000,1,perturbation,"O MAC já foi refutado como tese (ver CONCLUSOES.md), mas o achado transferível foi o stop ATR 2.0. A pergunta aqui é sobre a dependência do ambiente: o resultado do 9/21 + ATR 2.0 se sustenta quando um papel sai do universo, quando o período começa três meses antes, quando o custo dobra? Como a tese já é fraca, o veredicto esperado é FRÁGIL — e isso é a calibragem da bancada. Um veredicto ROBUSTA aqui seria motivo para procurar vazamento no Componente 3, não para reabilitar o MAC.
",RENT3.SA,2021-12-31,2024-01-01,MovingAverageCrossover,AtrStop,9,21,14,2.0,0.01,0.0,5,0.048202590555780356,0.02415713472370773,0.03255740717531414,0.7294914540038426,0.5631784771282804,9,0.4444444444444444,1.975632283881556,24.803180528135506,33.0,0.3183738406491392,0.15044174098894225,0.3275375463848703,0.5726416652455795,0.6220517926013295
mac_robustness-2026-08-17T14:44:27,subperiod,3/3,19,mac_robustness-2026-08-17T14:44:27-subperiod-3-3,c000,1,perturbation,"O MAC já foi refutado como tese (ver CONCLUSOES.md), mas o achado transferível foi o stop ATR 2.0. A pergunta aqui é sobre a dependência do ambiente: o resultado do 9/21 + ATR 2.0 se sustenta quando um papel sai do universo, quando o período começa três meses antes, quando o custo dobra? Como a tese já é fraca, o veredicto esperado é FRÁGIL — e isso é a calibragem da bancada. Um veredicto ROBUSTA aqui seria motivo para procurar vazamento no Componente 3, não para reabilitar o MAC.
",SUZB3.SA,2021-12-31,2024-01-01,MovingAverageCrossover,AtrStop,9,21,14,2.0,0.01,0.0,5,0.023559477235781223,0.011877084616272127,0.04279366708572065,0.3396593705407922,0.24543580694622621,12,0.3333333333333333,2.3314521561837043,8.754735193596797,26.5,0.013230602616537412,0.00668674066613395,0.37834869322965703,0.16746788223893014,0.17377478159889634
mac_robustness-2026-08-17T14:44:27,subperiod,3/3,19,mac_robustness-2026-08-17T14:44:27-subperiod-3-3,c000,1,perturbation,"O MAC já foi refutado como tese (ver CONCLUSOES.md), mas o achado transferível foi o stop ATR 2.0. A pergunta aqui é sobre a dependência do ambiente: o resultado do 9/21 + ATR 2.0 se sustenta quando um papel sai do universo, quando o período começa três meses antes, quando o custo dobra? Como a tese já é fraca, o veredicto esperado é FRÁGIL — e isso é a calibragem da bancada. Um veredicto ROBUSTA aqui seria motivo para procurar vazamento no Componente 3, não para reabilitar o MAC.
",RADL3.SA,2021-12-31,2024-01-01,MovingAverageCrossover,AtrStop,9,21,14,2.0,0.01,0.0,5,0.0143585439789784,0.007254805115950003,0.04007446440638475,0.20399948552031788,0.16640094406678357,11,0.2727272727272727,2.802726923031098,2.895075104691017,36.54545454545455,0.34457673165021596,0.1619791303850575,0.24495653969746897,0.682638291817842,0.7067093348372362
