sweep_id,combo_id,n_combos,train_test,hypothesis,ticker,start,end,strategy,stop,param_fast_window,param_slow_window,param_period,param_multiplier,risk_pct,brokerage,slippage_bps,total_return,annualized_return,max_drawdown,sharpe,sortino,num_trades,win_rate,avg_payoff,expectancy,avg_holding_days,benchmark_total_return,benchmark_annualized_return,benchmark_max_drawdown,benchmark_sharpe,benchmark_sortino
mac_plateau-2026-08-17T14:03:40,c000,16,full,"O 9/21 usado em todos os batches do MAC foi escolhido por convenção, não por teste. Se o resultado dele for um pico isolado numa vizinhança de fracasso, o histórico inteiro do MAC neste projeto está contaminado por sorte de tuning. Se for um platô, a refutação da família fica mais forte: não é questão de calibrar melhor.
",PETR4.SA,2018-01-01,2024-01-01,MovingAverageCrossover,AtrStop,5,21,14,2.0,0.01,0.0,5,0.20046850159312712,0.031469815462499495,0.055684783502163784,0.718146029288692,0.5370746932422685,44,0.5,1.96905809590829,43.5805547423183,28.181818181818183,5.1867600497107365,0.36212993108676206,0.6334388835850931,0.9050114594365248,0.8592563281880093
mac_plateau-2026-08-17T14:03:40,c000,16,full,"O 9/21 usado em todos os batches do MAC foi escolhido por convenção, não por teste. Se o resultado dele for um pico isolado numa vizinhança de fracasso, o histórico inteiro do MAC neste projeto está contaminado por sorte de tuning. Se for um platô, a refutação da família fica mais forte: não é questão de calibrar melhor.
",VALE3.SA,2018-01-01,2024-01-01,MovingAverageCrossover,AtrStop,5,21,14,2.0,0.01,0.0,5,0.14489121074096412,0.023211469354091463,0.04965989131461119,0.5620374039267099,0.43252401856534656,41,0.4634146341463415,1.9894246569786131,32.777880076622324,29.536585365853657,1.8775846747896958,0.1963086966732437,0.4367130336290461,0.6556790786761694,0.6740443765577883
mac_plateau-2026-08-17T14:03:40,c000,16,full,"O 9/21 usado em todos os batches do MAC foi escolhido por convenção, não por teste. Se o resultado dele for um pico isolado numa vizinhança de fracasso, o histórico inteiro do MAC neste projeto está contaminado por sorte de tuning. Se for um platô, a refutação da família fica mais forte: não é questão de calibrar melhor.
",ITUB4.SA,2018-01-01,2024-01-01,MovingAverageCrossover,AtrStop,5,21,14,2.0,0.01,0.0,5,0.11697716431174743,0.018937356314272735,0.07477284022414409,0.5135668507857485,0.4024783497557336,46,0.43478260869565216,1.7788806939211117,13.796084266716075,23.5,0.5745376042707473,0.08002487612175924,0.44319126615785376,0.40050230087181465,0.4019545660938667
mac_plateau-2026-08-17T14:03:40,c000,16,full,"O 9/21 usado em todos os batches do MAC foi escolhido por convenção, não por teste. Se o resultado dele for um pico isolado numa vizinhança de fracasso, o histórico inteiro do MAC neste projeto está contaminado por sorte de tuning. Se for um platô, a refutação da família fica mais forte: não é questão de calibrar melhor.
",BBDC4.SA,2018-01-01,2024-01-01,MovingAverageCrossover,AtrStop,5,21,14,2.0,0.01,0.0,5,0.12440838458048864,0.020083789036174693,0.05031964035931602,0.5706720968312479,0.41597152047450797,38,0.42105263157894735,2.155479701947494,22.57033543520467,24.973684210526315,0.1521753822292864,0.024312548978465465,0.5273596484434712,0.2487246847890184,0.24883284847324946
mac_plateau-2026-08-17T14:03:40,c000,16,full,"O 9/21 usado em todos os batches do MAC foi escolhido por convenção, não por teste. Se o resultado dele for um pico isolado numa vizinhança de fracasso, o histórico inteiro do MAC neste projeto está contaminado por sorte de tuning. Se for um platô, a refutação da família fica mais forte: não é questão de calibrar melhor.
",WEGE3.SA,2018-01-01,2024-01-01,MovingAverageCrossover,AtrStop,5,21,14,2.0,0.01,0.0,5,0.26745168707513,0.04101118208582921,0.06084416368995538,0.861224984165661,0.6915876899425516,49,0.3673469387755102,3.8117036731123664,49.29213872541478,23.285714285714285,3.1805712480912964,0.2745323420322794,0.49505722628962756,0.8468096447271207,0.8793642753696655
mac_plateau-2026-08-17T14:03:40,c000,16,full,"O 9/21 usado em todos os batches do MAC foi escolhido por convenção, não por teste. Se o resultado dele for um pico isolado numa vizinhança de fracasso, o histórico inteiro do MAC neste projeto está contaminado por sorte de tuning. Se for um platô, a refutação da família fica mais forte: não é questão de calibrar melhor.
",ABEV3.SA,2018-01-01,2024-01-01,MovingAverageCrossover,AtrStop,5,21,14,2.0,0.01,0.0,5,-0.05707829421609856,-0.00991722002024542,0.09744062338793588,-0.29149257877270973,-0.20933293900606023,43,0.3023255813953488,1.4662166643008188,-16.860612873030302,21.953488372093023,-0.20343780560544167,-0.03783720124404766,0.519311450588265,0.018256714487198213,0.018440625179170438
mac_plateau-2026-08-17T14:03:40,c000,16,full,"O 9/21 usado em todos os batches do MAC foi escolhido por convenção, não por teste. Se o resultado dele for um pico isolado numa vizinhança de fracasso, o histórico inteiro do MAC neste projeto está contaminado por sorte de tuning. Se for um platô, a refutação da família fica mais forte: não é questão de calibrar melhor.
",B3SA3.SA,2018-01-01,2024-01-01,MovingAverageCrossover,AtrStop,5,21,14,2.0,0.01,0.0,5,0.061330369142265306,0.010145224330931235,0.08200981325867343,0.2847706608547886,0.2181751769386959,46,0.34782608695652173,2.155983467404159,7.092144565869209,22.47826086956522,1.3589340334991258,0.15666122822911133,0.5080759961997996,0.5599164888154703,0.5759033069907431
mac_plateau-2026-08-17T14:03:40,c000,16,full,"O 9/21 usado em todos os batches do MAC foi escolhido por convenção, não por teste. Se o resultado dele for um pico isolado numa vizinhança de fracasso, o histórico inteiro do MAC neste projeto está contaminado por sorte de tuning. Se for um platô, a refutação da família fica mais forte: não é questão de calibrar melhor.
",RENT3.SA,2018-01-01,2024-01-01,MovingAverageCrossover,AtrStop,5,21,14,2.0,0.01,0.0,5,0.185883186464614,0.029333797209495138,0.06876897288870633,0.7727978183873583,0.6756569843919334,36,0.4166666666666667,2.9202368899624647,43.46197919770731,35.30555555555556,2.2054474162671514,0.21840031058590514,0.5788069676078467,0.6633285292131081,0.7007423316785011
mac_plateau-2026-08-17T14:03:40,c000,16,full,"O 9/21 usado em todos os batches do MAC foi escolhido por convenção, não por teste. Se o resultado dele for um pico isolado numa vizinhança de fracasso, o histórico inteiro do MAC neste projeto está contaminado por sorte de tuning. Se for um platô, a refutação da família fica mais forte: não é questão de calibrar melhor.
",SUZB3.SA,2018-01-01,2024-01-01,MovingAverageCrossover,AtrStop,5,21,14,2.0,0.01,0.0,5,0.17562431061190176,0.027818278756466253,0.10115233195517973,0.5993616527276958,0.48771957777547187,42,0.35714285714285715,3.181833924711736,38.33561308822729,26.452380952380953,2.262852274052244,0.2220733487617721,0.5425050449625275,0.6954334740889121,0.7500215331137553
mac_plateau-2026-08-17T14:03:40,c000,16,full,"O 9/21 usado em todos os batches do MAC foi escolhido por convenção, não por teste. Se o resultado dele for um pico isolado numa vizinhança de fracasso, o histórico inteiro do MAC neste projeto está contaminado por sorte de tuning. Se for um platô, a refutação da família fica mais forte: não é questão de calibrar melhor.
",RADL3.SA,2018-01-01,2024-01-01,MovingAverageCrossover,AtrStop,5,21,14,2.0,0.01,0.0,5,-0.0041018891203377095,-0.0006967974238972774,0.1036855507470176,0.0020251280259745777,0.0015815208132126302,50,0.26,2.563434109052951,-4.5830554252169815,23.04,0.7846442028290987,0.10321161473952856,0.37378187117629175,0.4676448099535855,0.47814344541377185
mac_plateau-2026-08-17T14:03:40,c001,16,full,"O 9/21 usado em todos os batches do MAC foi escolhido por convenção, não por teste. Se o resultado dele for um pico isolado numa vizinhança de fracasso, o histórico inteiro do MAC neste projeto está contaminado por sorte de tuning. Se for um platô, a refutação da família fica mais forte: não é questão de calibrar melhor.
",PETR4.SA,2018-01-01,2024-01-01,MovingAverageCrossover,AtrStop,5,21,14,2.5,0.01,0.0,5,0.18613412574408894,0.02937073122651679,0.04500359568468068,0.8068909888855426,0.6240972424604292,44,0.5227272727272727,2.044191034432255,40.742841395694434,29.931818181818183,5.1867600497107365,0.36212993108676206,0.6334388835850931,0.9050114594365248,0.8592563281880093
mac_plateau-2026-08-17T14:03:40,c001,16,full,"O 9/21 usado em todos os batches do MAC foi escolhido por convenção, não por teste. Se o resultado dele for um pico isolado numa vizinhança de fracasso, o histórico inteiro do MAC neste projeto está contaminado por sorte de tuning. Se for um platô, a refutação da família fica mais forte: não é questão de calibrar melhor.
",VALE3.SA,2018-01-01,2024-01-01,MovingAverageCrossover,AtrStop,5,21,14,2.5,0.01,0.0,5,0.10301217788855421,0.01676569871525646,0.04378477624292301,0.5049459856841945,0.3899827741784452,41,0.4634146341463415,1.8577753066138347,23.158101730862796,29.902439024390244,1.8775846747896958,0.1963086966732437,0.4367130336290461,0.6556790786761694,0.6740443765577883
mac_plateau-2026-08-17T14:03:40,c001,16,full,"O 9/21 usado em todos os batches do MAC foi escolhido por convenção, não por teste. Se o resultado dele for um pico isolado numa vizinhança de fracasso, o histórico inteiro do MAC neste projeto está contaminado por sorte de tuning. Se for um platô, a refutação da família fica mais forte: não é questão de calibrar melhor.
",ITUB4.SA,2018-01-01,2024-01-01,MovingAverageCrossover,AtrStop,5,21,14,2.5,0.01,0.0,5,0.1046254731680023,0.017017740521793723,0.05962199848284538,0.5701591869667082,0.4515512299487974,46,0.43478260869565216,1.9320088397520458,13.419214585918182,23.891304347826086,0.5745376042707473,0.08002487612175924,0.44319126615785376,0.40050230087181465,0.4019545660938667
mac_plateau-2026-08-17T14:03:40,c001,16,full,"O 9/21 usado em todos os batches do MAC foi escolhido por convenção, não por teste. Se o resultado dele for um pico isolado numa vizinhança de fracasso, o histórico inteiro do MAC neste projeto está contaminado por sorte de tuning. Se for um platô, a refutação da família fica mais forte: não é questão de calibrar melhor.
",BBDC4.SA,2018-01-01,2024-01-01,MovingAverageCrossover,AtrStop,5,21,14,2.5,0.01,0.0,5,0.09480272260571043,0.015478389760894551,0.04059122646669248,0.5406496382243459,0.3987520162953071,38,0.42105263157894735,2.097214714204326,16.985283073414315,25.86842105263158,0.1521753822292864,0.024312548978465465,0.5273596484434712,0.2487246847890184,0.24883284847324946
mac_plateau-2026-08-17T14:03:40,c001,16,full,"O 9/21 usado em todos os batches do MAC foi escolhido por convenção, não por teste. Se o resultado dele for um pico isolado numa vizinhança de fracasso, o histórico inteiro do MAC neste projeto está contaminado por sorte de tuning. Se for um platô, a refutação da família fica mais forte: não é questão de calibrar melhor.
",WEGE3.SA,2018-01-01,2024-01-01,MovingAverageCrossover,AtrStop,5,21,14,2.5,0.01,0.0,5,0.20801245211152586,0.032566182558464885,0.050696166361226154,0.8477096186549035,0.6828951170557341,49,0.3673469387755102,3.7919435484660626,38.41453903297889,23.448979591836736,3.1805712480912964,0.2745323420322794,0.49505722628962756,0.8468096447271207,0.8793642753696655
mac_plateau-2026-08-17T14:03:40,c001,16,full,"O 9/21 usado em todos os batches do MAC foi escolhido por convenção, não por teste. Se o resultado dele for um pico isolado numa vizinhança de fracasso, o histórico inteiro do MAC neste projeto está contaminado por sorte de tuning. Se for um platô, a refutação da família fica mais forte: não é questão de calibrar melhor.
",ABEV3.SA,2018-01-01,2024-01-01,MovingAverageCrossover,AtrStop,5,21,14,2.5,0.01,0.0,5,-0.0486097756592373,-0.008414869169089179,0.08131144301914515,-0.31044076005443844,-0.22522957126486562,43,0.3023255813953488,1.4414277463743455,-14.202854313598642,22.441860465116278,-0.20343780560544167,-0.03783720124404766,0.519311450588265,0.018256714487198213,0.018440625179170438
mac_plateau-2026-08-17T14:03:40,c001,16,full,"O 9/21 usado em todos os batches do MAC foi escolhido por convenção, não por teste. Se o resultado dele for um pico isolado numa vizinhança de fracasso, o histórico inteiro do MAC neste projeto está contaminado por sorte de tuning. Se for um platô, a refutação da família fica mais forte: não é questão de calibrar melhor.
",B3SA3.SA,2018-01-01,2024-01-01,MovingAverageCrossover,AtrStop,5,21,14,2.5,0.01,0.0,5,0.061684444817791784,0.010202365733607444,0.06088414248878996,0.340827385267404,0.26683289811428346,46,0.3695652173913043,2.0946537726471224,8.408374578432737,23.434782608695652,1.3589340334991258,0.15666122822911133,0.5080759961997996,0.5599164888154703,0.5759033069907431
mac_plateau-2026-08-17T14:03:40,c001,16,full,"O 9/21 usado em todos os batches do MAC foi escolhido por convenção, não por teste. Se o resultado dele for um pico isolado numa vizinhança de fracasso, o histórico inteiro do MAC neste projeto está contaminado por sorte de tuning. Se for um platô, a refutação da família fica mais forte: não é questão de calibrar melhor.
",RENT3.SA,2018-01-01,2024-01-01,MovingAverageCrossover,AtrStop,5,21,14,2.5,0.01,0.0,5,0.14338112741173048,0.02298247657359176,0.05169052310181895,0.7574715561529796,0.6647516845573542,36,0.4166666666666667,2.900091201716793,33.54175305179109,35.638888888888886,2.2054474162671514,0.21840031058590514,0.5788069676078467,0.6633285292131081,0.7007423316785011
mac_plateau-2026-08-17T14:03:40,c001,16,full,"O 9/21 usado em todos os batches do MAC foi escolhido por convenção, não por teste. Se o resultado dele for um pico isolado numa vizinhança de fracasso, o histórico inteiro do MAC neste projeto está contaminado por sorte de tuning. Se for um platô, a refutação da família fica mais forte: não é questão de calibrar melhor.
",SUZB3.SA,2018-01-01,2024-01-01,MovingAverageCrossover,AtrStop,5,21,14,2.5,0.01,0.0,5,0.13624108765243426,0.021896330005862774,0.07922920577797476,0.5821472035594706,0.47478411068772197,42,0.35714285714285715,3.145854044122891,29.746511609540843,26.88095238095238,2.262852274052244,0.2220733487617721,0.5425050449625275,0.6954334740889121,0.7500215331137553
mac_plateau-2026-08-17T14:03:40,c001,16,full,"O 9/21 usado em todos os batches do MAC foi escolhido por convenção, não por teste. Se o resultado dele for um pico isolado numa vizinhança de fracasso, o histórico inteiro do MAC neste projeto está contaminado por sorte de tuning. Se for um platô, a refutação da família fica mais forte: não é questão de calibrar melhor.
",RADL3.SA,2018-01-01,2024-01-01,MovingAverageCrossover,AtrStop,5,21,14,2.5,0.01,0.0,5,-0.00931853373656688,-0.0015864120319637465,0.08784669848820784,-0.03411952855728243,-0.026658304661773807,50,0.26,2.4812443362372805,-4.873848828232969,23.3,0.7846442028290987,0.10321161473952856,0.37378187117629175,0.4676448099535855,0.47814344541377185
mac_plateau-2026-08-17T14:03:40,c002,16,full,"O 9/21 usado em todos os batches do MAC foi escolhido por convenção, não por teste. Se o resultado dele for um pico isolado numa vizinhança de fracasso, o histórico inteiro do MAC neste projeto está contaminado por sorte de tuning. Se for um platô, a refutação da família fica mais forte: não é questão de calibrar melhor.
",PETR4.SA,2018-01-01,2024-01-01,MovingAverageCrossover,AtrStop,5,50,14,2.0,0.01,0.0,5,0.17948852295576723,0.02839041382081975,0.0678112323884073,0.5913197129913552,0.4680114235384166,25,0.36,4.245691737769412,66.5031292664008,56.08,5.1867600497107365,0.36212993108676206,0.6334388835850931,0.9050114594365248,0.8592563281880093
mac_plateau-2026-08-17T14:03:40,c002,16,full,"O 9/21 usado em todos os batches do MAC foi escolhido por convenção, não por teste. Se o resultado dele for um pico isolado numa vizinhança de fracasso, o histórico inteiro do MAC neste projeto está contaminado por sorte de tuning. Se for um platô, a refutação da família fica mais forte: não é questão de calibrar melhor.
",VALE3.SA,2018-01-01,2024-01-01,MovingAverageCrossover,AtrStop,5,50,14,2.0,0.01,0.0,5,0.21819342767856953,0.03403681115174151,0.08795962111624304,0.7274520064599111,0.5545534237463952,23,0.391304347826087,4.23185939065493,77.87598168566356,50.34782608695652,1.8775846747896958,0.1963086966732437,0.4367130336290461,0.6556790786761694,0.6740443765577883
mac_plateau-2026-08-17T14:03:40,c002,16,full,"O 9/21 usado em todos os batches do MAC foi escolhido por convenção, não por teste. Se o resultado dele for um pico isolado numa vizinhança de fracasso, o histórico inteiro do MAC neste projeto está contaminado por sorte de tuning. Se for um platô, a refutação da família fica mais forte: não é questão de calibrar melhor.
",ITUB4.SA,2018-01-01,2024-01-01,MovingAverageCrossover,AtrStop,5,50,14,2.0,0.01,0.0,5,0.07644711442490926,0.012570825980669165,0.07029871919363452,0.35849732624542696,0.25710868803448717,24,0.3333333333333333,2.3671617980133237,8.483224109176989,39.875,0.5745376042707473,0.08002487612175924,0.44319126615785376,0.40050230087181465,0.4019545660938667
mac_plateau-2026-08-17T14:03:40,c002,16,full,"O 9/21 usado em todos os batches do MAC foi escolhido por convenção, não por teste. Se o resultado dele for um pico isolado numa vizinhança de fracasso, o histórico inteiro do MAC neste projeto está contaminado por sorte de tuning. Se for um platô, a refutação da família fica mais forte: não é questão de calibrar melhor.
",BBDC4.SA,2018-01-01,2024-01-01,MovingAverageCrossover,AtrStop,5,50,14,2.0,0.01,0.0,5,0.07453843959863038,0.012266130261453734,0.061849105484567825,0.35481573679749173,0.2522290379968462,22,0.3181818181818182,2.97296093307708,17.06042373113655,44.45454545454545,0.1521753822292864,0.024312548978465465,0.5273596484434712,0.2487246847890184,0.24883284847324946
mac_plateau-2026-08-17T14:03:40,c002,16,full,"O 9/21 usado em todos os batches do MAC foi escolhido por convenção, não por teste. Se o resultado dele for um pico isolado numa vizinhança de fracasso, o histórico inteiro do MAC neste projeto está contaminado por sorte de tuning. Se for um platô, a refutação da família fica mais forte: não é questão de calibrar melhor.
",WEGE3.SA,2018-01-01,2024-01-01,MovingAverageCrossover,AtrStop,5,50,14,2.0,0.01,0.0,5,0.1292680584490653,0.020830104820715345,0.11974188406519691,0.39549527745151164,0.27170382264677256,26,0.3076923076923077,4.333978178925787,42.23924844729174,39.42307692307692,3.1805712480912964,0.2745323420322794,0.49505722628962756,0.8468096447271207,0.8793642753696655
mac_plateau-2026-08-17T14:03:40,c002,16,full,"O 9/21 usado em todos os batches do MAC foi escolhido por convenção, não por teste. Se o resultado dele for um pico isolado numa vizinhança de fracasso, o histórico inteiro do MAC neste projeto está contaminado por sorte de tuning. Se for um platô, a refutação da família fica mais forte: não é questão de calibrar melhor.
",ABEV3.SA,2018-01-01,2024-01-01,MovingAverageCrossover,AtrStop,5,50,14,2.0,0.01,0.0,5,-0.03227511210455869,-0.0055481284057419256,0.07617379825017931,-0.15347184538815903,-0.10400645709899194,23,0.30434782608695654,1.2836152902371487,-20.86028459397224,37.21739130434783,-0.20343780560544167,-0.03783720124404766,0.519311450588265,0.018256714487198213,0.018440625179170438
mac_plateau-2026-08-17T14:03:40,c002,16,full,"O 9/21 usado em todos os batches do MAC foi escolhido por convenção, não por teste. Se o resultado dele for um pico isolado numa vizinhança de fracasso, o histórico inteiro do MAC neste projeto está contaminado por sorte de tuning. Se for um platô, a refutação da família fica mais forte: não é questão de calibrar melhor.
",B3SA3.SA,2018-01-01,2024-01-01,MovingAverageCrossover,AtrStop,5,50,14,2.0,0.01,0.0,5,0.17185698809372196,0.027258983793523317,0.06073642411513714,0.6983204342300765,0.5132073422656678,17,0.5294117647058824,3.26873816144123,84.98005794531873,59.64705882352941,1.3589340334991258,0.15666122822911133,0.5080759961997996,0.5599164888154703,0.5759033069907431
mac_plateau-2026-08-17T14:03:40,c002,16,full,"O 9/21 usado em todos os batches do MAC foi escolhido por convenção, não por teste. Se o resultado dele for um pico isolado numa vizinhança de fracasso, o histórico inteiro do MAC neste projeto está contaminado por sorte de tuning. Se for um platô, a refutação da família fica mais forte: não é questão de calibrar melhor.
",RENT3.SA,2018-01-01,2024-01-01,MovingAverageCrossover,AtrStop,5,50,14,2.0,0.01,0.0,5,0.14881397894759685,0.023805157752786688,0.07800667914021353,0.6937455549961586,0.5556220256440785,18,0.4444444444444444,3.1450239772429613,74.90923905621615,66.44444444444444,2.2054474162671514,0.21840031058590514,0.5788069676078467,0.6633285292131081,0.7007423316785011
mac_plateau-2026-08-17T14:03:40,c002,16,full,"O 9/21 usado em todos os batches do MAC foi escolhido por convenção, não por teste. Se o resultado dele for um pico isolado numa vizinhança de fracasso, o histórico inteiro do MAC neste projeto está contaminado por sorte de tuning. Se for um platô, a refutação da família fica mais forte: não é questão de calibrar melhor.
",SUZB3.SA,2018-01-01,2024-01-01,MovingAverageCrossover,AtrStop,5,50,14,2.0,0.01,0.0,5,0.1172453650599361,0.018978842319046008,0.05325732107569713,0.5447081286829687,0.38171703729933576,22,0.36363636363636365,3.924899767710005,46.865342639173825,40.45454545454545,2.262852274052244,0.2220733487617721,0.5425050449625275,0.6954334740889121,0.7500215331137553
mac_plateau-2026-08-17T14:03:40,c002,16,full,"O 9/21 usado em todos os batches do MAC foi escolhido por convenção, não por teste. Se o resultado dele for um pico isolado numa vizinhança de fracasso, o histórico inteiro do MAC neste projeto está contaminado por sorte de tuning. Se for um platô, a refutação da família fica mais forte: não é questão de calibrar melhor.
",RADL3.SA,2018-01-01,2024-01-01,MovingAverageCrossover,AtrStop,5,50,14,2.0,0.01,0.0,5,0.014097520804223773,0.0023768221097444364,0.1169472482758867,0.07931981197958317,0.05892733626755879,32,0.1875,4.350814951078822,0.2103245865153669,33.5625,0.7846442028290987,0.10321161473952856,0.37378187117629175,0.4676448099535855,0.47814344541377185
mac_plateau-2026-08-17T14:03:40,c003,16,full,"O 9/21 usado em todos os batches do MAC foi escolhido por convenção, não por teste. Se o resultado dele for um pico isolado numa vizinhança de fracasso, o histórico inteiro do MAC neste projeto está contaminado por sorte de tuning. Se for um platô, a refutação da família fica mais forte: não é questão de calibrar melhor.
",PETR4.SA,2018-01-01,2024-01-01,MovingAverageCrossover,AtrStop,5,50,14,2.5,0.01,0.0,5,0.1369917392127704,0.02201078569249537,0.05449299634665658,0.562421664284766,0.4419933937183669,25,0.36,4.020892038910307,50.70472667796439,56.32,5.1867600497107365,0.36212993108676206,0.6334388835850931,0.9050114594365248,0.8592563281880093
mac_plateau-2026-08-17T14:03:40,c003,16,full,"O 9/21 usado em todos os batches do MAC foi escolhido por convenção, não por teste. Se o resultado dele for um pico isolado numa vizinhança de fracasso, o histórico inteiro do MAC neste projeto está contaminado por sorte de tuning. Se for um platô, a refutação da família fica mais forte: não é questão de calibrar melhor.
",VALE3.SA,2018-01-01,2024-01-01,MovingAverageCrossover,AtrStop,5,50,14,2.5,0.01,0.0,5,0.16480109265601417,0.02620743945804871,0.07271036081550444,0.6905686617690494,0.5316934398629186,23,0.391304347826087,3.9218792510061187,58.73969722036566,51.17391304347826,1.8775846747896958,0.1963086966732437,0.4367130336290461,0.6556790786761694,0.6740443765577883
mac_plateau-2026-08-17T14:03:40,c003,16,full,"O 9/21 usado em todos os batches do MAC foi escolhido por convenção, não por teste. Se o resultado dele for um pico isolado numa vizinhança de fracasso, o histórico inteiro do MAC neste projeto está contaminado por sorte de tuning. Se for um platô, a refutação da família fica mais forte: não é questão de calibrar melhor.
",ITUB4.SA,2018-01-01,2024-01-01,MovingAverageCrossover,AtrStop,5,50,14,2.5,0.01,0.0,5,0.08665456482796352,0.014192741745933768,0.04986557809184768,0.46605565138088195,0.3543580713079424,24,0.375,2.4305266021317884,17.09339865700155,43.791666666666664,0.5745376042707473,0.08002487612175924,0.44319126615785376,0.40050230087181465,0.4019545660938667
mac_plateau-2026-08-17T14:03:40,c003,16,full,"O 9/21 usado em todos os batches do MAC foi escolhido por convenção, não por teste. Se o resultado dele for um pico isolado numa vizinhança de fracasso, o histórico inteiro do MAC neste projeto está contaminado por sorte de tuning. Se for um platô, a refutação da família fica mais forte: não é questão de calibrar melhor.
",BBDC4.SA,2018-01-01,2024-01-01,MovingAverageCrossover,AtrStop,5,50,14,2.5,0.01,0.0,5,0.05418994707467406,0.008989497187232631,0.0493166273871592,0.3211747330216155,0.22835965264804275,22,0.3181818181818182,2.792789987119454,11.342523515136605,44.63636363636363,0.1521753822292864,0.024312548978465465,0.5273596484434712,0.2487246847890184,0.24883284847324946
mac_plateau-2026-08-17T14:03:40,c003,16,full,"O 9/21 usado em todos os batches do MAC foi escolhido por convenção, não por teste. Se o resultado dele for um pico isolado numa vizinhança de fracasso, o histórico inteiro do MAC neste projeto está contaminado por sorte de tuning. Se for um platô, a refutação da família fica mais forte: não é questão de calibrar melhor.
",WEGE3.SA,2018-01-01,2024-01-01,MovingAverageCrossover,AtrStop,5,50,14,2.5,0.01,0.0,5,0.14660432077877106,0.02347094614210654,0.09950113133176347,0.5110743256414673,0.3807930671661338,26,0.34615384615384615,4.567469029288064,50.2920852753915,45.84615384615385,3.1805712480912964,0.2745323420322794,0.49505722628962756,0.8468096447271207,0.8793642753696655
mac_plateau-2026-08-17T14:03:40,c003,16,full,"O 9/21 usado em todos os batches do MAC foi escolhido por convenção, não por teste. Se o resultado dele for um pico isolado numa vizinhança de fracasso, o histórico inteiro do MAC neste projeto está contaminado por sorte de tuning. Se for um platô, a refutação da família fica mais forte: não é questão de calibrar melhor.
",ABEV3.SA,2018-01-01,2024-01-01,MovingAverageCrossover,AtrStop,5,50,14,2.5,0.01,0.0,5,-0.03292959223387337,-0.005662214324154258,0.06301111889508385,-0.2033818196286884,-0.13985836865319715,23,0.30434782608695654,1.1864509476583789,-19.766787984241713,38.0,-0.20343780560544167,-0.03783720124404766,0.519311450588265,0.018256714487198213,0.018440625179170438
mac_plateau-2026-08-17T14:03:40,c003,16,full,"O 9/21 usado em todos os batches do MAC foi escolhido por convenção, não por teste. Se o resultado dele for um pico isolado numa vizinhança de fracasso, o histórico inteiro do MAC neste projeto está contaminado por sorte de tuning. Se for um platô, a refutação da família fica mais forte: não é questão de calibrar melhor.
",B3SA3.SA,2018-01-01,2024-01-01,MovingAverageCrossover,AtrStop,5,50,14,2.5,0.01,0.0,5,0.1263180839770215,0.0203773866089898,0.05246663714796033,0.6414449175044661,0.4700290719016747,17,0.5294117647058824,2.726595075727327,61.910687594320144,60.35294117647059,1.3589340334991258,0.15666122822911133,0.5080759961997996,0.5599164888154703,0.5759033069907431
mac_plateau-2026-08-17T14:03:40,c003,16,full,"O 9/21 usado em todos os batches do MAC foi escolhido por convenção, não por teste. Se o resultado dele for um pico isolado numa vizinhança de fracasso, o histórico inteiro do MAC neste projeto está contaminado por sorte de tuning. Se for um platô, a refutação da família fica mais forte: não é questão de calibrar melhor.
",RENT3.SA,2018-01-01,2024-01-01,MovingAverageCrossover,AtrStop,5,50,14,2.5,0.01,0.0,5,0.11280559768113263,0.018291019979204792,0.06666623421830174,0.661370561713852,0.5293244359935987,18,0.4444444444444444,2.955678826848732,56.73168719529249,67.27777777777777,2.2054474162671514,0.21840031058590514,0.5788069676078467,0.6633285292131081,0.7007423316785011
mac_plateau-2026-08-17T14:03:40,c003,16,full,"O 9/21 usado em todos os batches do MAC foi escolhido por convenção, não por teste. Se o resultado dele for um pico isolado numa vizinhança de fracasso, o histórico inteiro do MAC neste projeto está contaminado por sorte de tuning. Se for um platô, a refutação da família fica mais forte: não é questão de calibrar melhor.
",SUZB3.SA,2018-01-01,2024-01-01,MovingAverageCrossover,AtrStop,5,50,14,2.5,0.01,0.0,5,0.09551955921932609,0.01559111435758842,0.04404337658113071,0.5392916932097314,0.39071423299880553,22,0.36363636363636365,4.0709103600645475,38.34974666084856,42.81818181818182,2.262852274052244,0.2220733487617721,0.5425050449625275,0.6954334740889121,0.7500215331137553
mac_plateau-2026-08-17T14:03:40,c003,16,full,"O 9/21 usado em todos os batches do MAC foi escolhido por convenção, não por teste. Se o resultado dele for um pico isolado numa vizinhança de fracasso, o histórico inteiro do MAC neste projeto está contaminado por sorte de tuning. Se for um platô, a refutação da família fica mais forte: não é questão de calibrar melhor.
",RADL3.SA,2018-01-01,2024-01-01,MovingAverageCrossover,AtrStop,5,50,14,2.5,0.01,0.0,5,0.024909097701557137,0.004181118146824314,0.09537337165497359,0.14300203590974647,0.10948249704385406,32,0.21875,3.9662007138061948,4.42797249989286,36.125,0.7846442028290987,0.10321161473952856,0.37378187117629175,0.4676448099535855,0.47814344541377185
mac_plateau-2026-08-17T14:03:40,c004,16,full,"O 9/21 usado em todos os batches do MAC foi escolhido por convenção, não por teste. Se o resultado dele for um pico isolado numa vizinhança de fracasso, o histórico inteiro do MAC neste projeto está contaminado por sorte de tuning. Se for um platô, a refutação da família fica mais forte: não é questão de calibrar melhor.
",PETR4.SA,2018-01-01,2024-01-01,MovingAverageCrossover,AtrStop,9,21,14,2.0,0.01,0.0,5,0.1925280082730907,0.03030962069427634,0.05574120340941941,0.6762718134975345,0.5174989565978992,35,0.4857142857142857,2.1411796655282305,53.88273187622566,36.77142857142857,5.1867600497107365,0.36212993108676206,0.6334388835850931,0.9050114594365248,0.8592563281880093
mac_plateau-2026-08-17T14:03:40,c004,16,full,"O 9/21 usado em todos os batches do MAC foi escolhido por convenção, não por teste. Se o resultado dele for um pico isolado numa vizinhança de fracasso, o histórico inteiro do MAC neste projeto está contaminado por sorte de tuning. Se for um platô, a refutação da família fica mais forte: não é questão de calibrar melhor.
",VALE3.SA,2018-01-01,2024-01-01,MovingAverageCrossover,AtrStop,9,21,14,2.0,0.01,0.0,5,0.09675389323869577,0.01578507343386426,0.07970618721187783,0.404608430113393,0.29659889971905873,33,0.45454545454545453,1.8520213757510582,29.342126172382677,34.39393939393939,1.8775846747896958,0.1963086966732437,0.4367130336290461,0.6556790786761694,0.6740443765577883
mac_plateau-2026-08-17T14:03:40,c004,16,full,"O 9/21 usado em todos os batches do MAC foi escolhido por convenção, não por teste. Se o resultado dele for um pico isolado numa vizinhança de fracasso, o histórico inteiro do MAC neste projeto está contaminado por sorte de tuning. Se for um platô, a refutação da família fica mais forte: não é questão de calibrar melhor.
",ITUB4.SA,2018-01-01,2024-01-01,MovingAverageCrossover,AtrStop,9,21,14,2.0,0.01,0.0,5,0.1046610487146169,0.017023294970752945,0.06566254542771778,0.45566016595970277,0.344288229459985,35,0.42857142857142855,1.8735806249148235,17.754260537761688,29.82857142857143,0.5745376042707473,0.08002487612175924,0.44319126615785376,0.40050230087181465,0.4019545660938667
mac_plateau-2026-08-17T14:03:40,c004,16,full,"O 9/21 usado em todos os batches do MAC foi escolhido por convenção, não por teste. Se o resultado dele for um pico isolado numa vizinhança de fracasso, o histórico inteiro do MAC neste projeto está contaminado por sorte de tuning. Se for um platô, a refutação da família fica mais forte: não é questão de calibrar melhor.
",BBDC4.SA,2018-01-01,2024-01-01,MovingAverageCrossover,AtrStop,9,21,14,2.0,0.01,0.0,5,0.16096142396980584,0.02563298701344152,0.052623549820987006,0.7063144488106414,0.5256478067987197,32,0.5,1.9743419981815007,37.84175379395622,29.15625,0.1521753822292864,0.024312548978465465,0.5273596484434712,0.2487246847890184,0.24883284847324946
mac_plateau-2026-08-17T14:03:40,c004,16,full,"O 9/21 usado em todos os batches do MAC foi escolhido por convenção, não por teste. Se o resultado dele for um pico isolado numa vizinhança de fracasso, o histórico inteiro do MAC neste projeto está contaminado por sorte de tuning. Se for um platô, a refutação da família fica mais forte: não é questão de calibrar melhor.
",WEGE3.SA,2018-01-01,2024-01-01,MovingAverageCrossover,AtrStop,9,21,14,2.0,0.01,0.0,5,0.3117969388847468,0.04709996974975228,0.07359139885003207,0.9125937489858303,0.6909580388768929,37,0.43243243243243246,3.754912266487262,77.37083178106779,28.135135135135137,3.1805712480912964,0.2745323420322794,0.49505722628962756,0.8468096447271207,0.8793642753696655
mac_plateau-2026-08-17T14:03:40,c004,16,full,"O 9/21 usado em todos os batches do MAC foi escolhido por convenção, não por teste. Se o resultado dele for um pico isolado numa vizinhança de fracasso, o histórico inteiro do MAC neste projeto está contaminado por sorte de tuning. Se for um platô, a refutação da família fica mais forte: não é questão de calibrar melhor.
",ABEV3.SA,2018-01-01,2024-01-01,MovingAverageCrossover,AtrStop,9,21,14,2.0,0.01,0.0,5,0.022925216281133087,0.003851224872684078,0.05614269783675691,0.13474036636833825,0.09748101367140488,36,0.4722222222222222,1.1754486527113444,2.00961743646638,26.27777777777778,-0.20343780560544167,-0.03783720124404766,0.519311450588265,0.018256714487198213,0.018440625179170438
mac_plateau-2026-08-17T14:03:40,c004,16,full,"O 9/21 usado em todos os batches do MAC foi escolhido por convenção, não por teste. Se o resultado dele for um pico isolado numa vizinhança de fracasso, o histórico inteiro do MAC neste projeto está contaminado por sorte de tuning. Se for um platô, a refutação da família fica mais forte: não é questão de calibrar melhor.
",B3SA3.SA,2018-01-01,2024-01-01,MovingAverageCrossover,AtrStop,9,21,14,2.0,0.01,0.0,5,0.067930906878364,0.011207838547155458,0.08472426323147637,0.3196370102822698,0.23809513984118472,40,0.35,2.2332235162925316,9.755202627789666,24.25,1.3589340334991258,0.15666122822911133,0.5080759961997996,0.5599164888154703,0.5759033069907431
mac_plateau-2026-08-17T14:03:40,c004,16,full,"O 9/21 usado em todos os batches do MAC foi escolhido por convenção, não por teste. Se o resultado dele for um pico isolado numa vizinhança de fracasso, o histórico inteiro do MAC neste projeto está contaminado por sorte de tuning. Se for um platô, a refutação da família fica mais forte: não é questão de calibrar melhor.
",RENT3.SA,2018-01-01,2024-01-01,MovingAverageCrossover,AtrStop,9,21,14,2.0,0.01,0.0,5,0.19416721797265346,0.03054965188806502,0.0571047551093401,0.8107075618292009,0.6749424426201823,30,0.4666666666666667,2.6731902102913465,54.89770469443905,38.833333333333336,2.2054474162671514,0.21840031058590514,0.5788069676078467,0.6633285292131081,0.7007423316785011
mac_plateau-2026-08-17T14:03:40,c004,16,full,"O 9/21 usado em todos os batches do MAC foi escolhido por convenção, não por teste. Se o resultado dele for um pico isolado numa vizinhança de fracasso, o histórico inteiro do MAC neste projeto está contaminado por sorte de tuning. Se for um platô, a refutação da família fica mais forte: não é questão de calibrar melhor.
",SUZB3.SA,2018-01-01,2024-01-01,MovingAverageCrossover,AtrStop,9,21,14,2.0,0.01,0.0,5,0.009776404156887741,0.0016512197247842142,0.09001225101189982,0.062488849724511464,0.045823923695101465,40,0.325,2.047285161742743,-0.7513591960012669,24.425,2.262852274052244,0.2220733487617721,0.5425050449625275,0.6954334740889121,0.7500215331137553
mac_plateau-2026-08-17T14:03:40,c004,16,full,"O 9/21 usado em todos os batches do MAC foi escolhido por convenção, não por teste. Se o resultado dele for um pico isolado numa vizinhança de fracasso, o histórico inteiro do MAC neste projeto está contaminado por sorte de tuning. Se for um platô, a refutação da família fica mais forte: não é questão de calibrar melhor.
",RADL3.SA,2018-01-01,2024-01-01,MovingAverageCrossover,AtrStop,9,21,14,2.0,0.01,0.0,5,-0.004680443538847112,-0.0007952695007248378,0.12182846185459469,-0.0014671502189949458,-0.0011077105442675117,39,0.28205128205128205,2.3432417756756565,-4.026503500984641,27.743589743589745,0.7846442028290987,0.10321161473952856,0.37378187117629175,0.4676448099535855,0.47814344541377185
mac_plateau-2026-08-17T14:03:40,c005,16,full,"O 9/21 usado em todos os batches do MAC foi escolhido por convenção, não por teste. Se o resultado dele for um pico isolado numa vizinhança de fracasso, o histórico inteiro do MAC neste projeto está contaminado por sorte de tuning. Se for um platô, a refutação da família fica mais forte: não é questão de calibrar melhor.
",PETR4.SA,2018-01-01,2024-01-01,MovingAverageCrossover,AtrStop,9,21,14,2.5,0.01,0.0,5,0.1495505159868855,0.023916440629664804,0.04484974782196579,0.6603996639971536,0.5075193886549897,35,0.4857142857142857,2.1142619438077443,41.86065304874184,37.17142857142857,5.1867600497107365,0.36212993108676206,0.6334388835850931,0.9050114594365248,0.8592563281880093
mac_plateau-2026-08-17T14:03:40,c005,16,full,"O 9/21 usado em todos os batches do MAC foi escolhido por convenção, não por teste. Se o resultado dele for um pico isolado numa vizinhança de fracasso, o histórico inteiro do MAC neste projeto está contaminado por sorte de tuning. Se for um platô, a refutação da família fica mais forte: não é questão de calibrar melhor.
",VALE3.SA,2018-01-01,2024-01-01,MovingAverageCrossover,AtrStop,9,21,14,2.5,0.01,0.0,5,0.0610127028622387,0.010093945271453686,0.07470722585463216,0.3201283618533699,0.23873517731459837,33,0.45454545454545453,1.6741259401370636,18.506552413433756,35.72727272727273,1.8775846747896958,0.1963086966732437,0.4367130336290461,0.6556790786761694,0.6740443765577883
mac_plateau-2026-08-17T14:03:40,c005,16,full,"O 9/21 usado em todos os batches do MAC foi escolhido por convenção, não por teste. Se o resultado dele for um pico isolado numa vizinhança de fracasso, o histórico inteiro do MAC neste projeto está contaminado por sorte de tuning. Se for um platô, a refutação da família fica mais forte: não é questão de calibrar melhor.
",ITUB4.SA,2018-01-01,2024-01-01,MovingAverageCrossover,AtrStop,9,21,14,2.5,0.01,0.0,5,0.08223272598986675,0.013491692366839558,0.04990504414021206,0.44404296016842754,0.3386667339830997,35,0.42857142857142855,1.8615757090526246,13.94208633022913,30.62857142857143,0.5745376042707473,0.08002487612175924,0.44319126615785376,0.40050230087181465,0.4019545660938667
mac_plateau-2026-08-17T14:03:40,c005,16,full,"O 9/21 usado em todos os batches do MAC foi escolhido por convenção, não por teste. Se o resultado dele for um pico isolado numa vizinhança de fracasso, o histórico inteiro do MAC neste projeto está contaminado por sorte de tuning. Se for um platô, a refutação da família fica mais forte: não é questão de calibrar melhor.
",BBDC4.SA,2018-01-01,2024-01-01,MovingAverageCrossover,AtrStop,9,21,14,2.5,0.01,0.0,5,0.12708908631373506,0.02049580353712921,0.04212876248621732,0.6894324226357932,0.5136888587292566,32,0.5,1.965923224229949,29.940058688011025,30.46875,0.1521753822292864,0.024312548978465465,0.5273596484434712,0.2487246847890184,0.24883284847324946
mac_plateau-2026-08-17T14:03:40,c005,16,full,"O 9/21 usado em todos os batches do MAC foi escolhido por convenção, não por teste. Se o resultado dele for um pico isolado numa vizinhança de fracasso, o histórico inteiro do MAC neste projeto está contaminado por sorte de tuning. Se for um platô, a refutação da família fica mais forte: não é questão de calibrar melhor.
",WEGE3.SA,2018-01-01,2024-01-01,MovingAverageCrossover,AtrStop,9,21,14,2.5,0.01,0.0,5,0.24807188174146932,0.038294558612919305,0.061106724529550224,0.8962023404477917,0.7079822367003805,37,0.43243243243243246,3.8927034174256328,61.85220612132887,30.594594594594593,3.1805712480912964,0.2745323420322794,0.49505722628962756,0.8468096447271207,0.8793642753696655
mac_plateau-2026-08-17T14:03:40,c005,16,full,"O 9/21 usado em todos os batches do MAC foi escolhido por convenção, não por teste. Se o resultado dele for um pico isolado numa vizinhança de fracasso, o histórico inteiro do MAC neste projeto está contaminado por sorte de tuning. Se for um platô, a refutação da família fica mais forte: não é questão de calibrar melhor.
",ABEV3.SA,2018-01-01,2024-01-01,MovingAverageCrossover,AtrStop,9,21,14,2.5,0.01,0.0,5,0.005096760633720221,0.0008624993705663719,0.05031548233675971,0.04597871403410445,0.03314334463229486,36,0.4722222222222222,1.0520122251061894,-2.0241241111292547,26.694444444444443,-0.20343780560544167,-0.03783720124404766,0.519311450588265,0.018256714487198213,0.018440625179170438
mac_plateau-2026-08-17T14:03:40,c005,16,full,"O 9/21 usado em todos os batches do MAC foi escolhido por convenção, não por teste. Se o resultado dele for um pico isolado numa vizinhança de fracasso, o histórico inteiro do MAC neste projeto está contaminado por sorte de tuning. Se for um platô, a refutação da família fica mais forte: não é questão de calibrar melhor.
",B3SA3.SA,2018-01-01,2024-01-01,MovingAverageCrossover,AtrStop,9,21,14,2.5,0.01,0.0,5,0.03920375458626468,0.006542581275346349,0.07078812690061201,0.23245351211057494,0.17419693125409977,40,0.35,2.0426160166635623,4.151254321284895,24.85,1.3589340334991258,0.15666122822911133,0.5080759961997996,0.5599164888154703,0.5759033069907431
mac_plateau-2026-08-17T14:03:40,c005,16,full,"O 9/21 usado em todos os batches do MAC foi escolhido por convenção, não por teste. Se o resultado dele for um pico isolado numa vizinhança de fracasso, o histórico inteiro do MAC neste projeto está contaminado por sorte de tuning. Se for um platô, a refutação da família fica mais forte: não é questão de calibrar melhor.
",RENT3.SA,2018-01-01,2024-01-01,MovingAverageCrossover,AtrStop,9,21,14,2.5,0.01,0.0,5,0.14390512896001062,0.023061965906328696,0.05044990932537677,0.7585011261987986,0.6292793909649321,30,0.4666666666666667,2.4796985027395007,40.53994363244726,39.06666666666667,2.2054474162671514,0.21840031058590514,0.5788069676078467,0.6633285292131081,0.7007423316785011
mac_plateau-2026-08-17T14:03:40,c005,16,full,"O 9/21 usado em todos os batches do MAC foi escolhido por convenção, não por teste. Se o resultado dele for um pico isolado numa vizinhança de fracasso, o histórico inteiro do MAC neste projeto está contaminado por sorte de tuning. Se for um platô, a refutação da família fica mais forte: não é questão de calibrar melhor.
",SUZB3.SA,2018-01-01,2024-01-01,MovingAverageCrossover,AtrStop,9,21,14,2.5,0.01,0.0,5,0.09765587334216863,0.015926692941788945,0.09674886981561173,0.41814242515144723,0.33931821514571786,40,0.35,2.6600986258003703,21.626439194177074,28.0,2.262852274052244,0.2220733487617721,0.5425050449625275,0.6954334740889121,0.7500215331137553
mac_plateau-2026-08-17T14:03:40,c005,16,full,"O 9/21 usado em todos os batches do MAC foi escolhido por convenção, não por teste. Se o resultado dele for um pico isolado numa vizinhança de fracasso, o histórico inteiro do MAC neste projeto está contaminado por sorte de tuning. Se for um platô, a refutação da família fica mais forte: não é questão de calibrar melhor.
",RADL3.SA,2018-01-01,2024-01-01,MovingAverageCrossover,AtrStop,9,21,14,2.5,0.01,0.0,5,-0.02059533373619593,-0.0035228612556489347,0.10884890704428393,-0.09865310440073738,-0.07502757547806664,39,0.28205128205128205,2.1176340241548566,-7.487761887238656,28.358974358974358,0.7846442028290987,0.10321161473952856,0.37378187117629175,0.4676448099535855,0.47814344541377185
mac_plateau-2026-08-17T14:03:40,c006,16,full,"O 9/21 usado em todos os batches do MAC foi escolhido por convenção, não por teste. Se o resultado dele for um pico isolado numa vizinhança de fracasso, o histórico inteiro do MAC neste projeto está contaminado por sorte de tuning. Se for um platô, a refutação da família fica mais forte: não é questão de calibrar melhor.
",PETR4.SA,2018-01-01,2024-01-01,MovingAverageCrossover,AtrStop,9,50,14,2.0,0.01,0.0,5,0.17247670410197502,0.027351089054990174,0.05529177450807638,0.6016357611155627,0.4425578499461383,19,0.42105263157894735,3.2865311214871977,87.67976789933041,64.10526315789474,5.1867600497107365,0.36212993108676206,0.6334388835850931,0.9050114594365248,0.8592563281880093
mac_plateau-2026-08-17T14:03:40,c006,16,full,"O 9/21 usado em todos os batches do MAC foi escolhido por convenção, não por teste. Se o resultado dele for um pico isolado numa vizinhança de fracasso, o histórico inteiro do MAC neste projeto está contaminado por sorte de tuning. Se for um platô, a refutação da família fica mais forte: não é questão de calibrar melhor.
",VALE3.SA,2018-01-01,2024-01-01,MovingAverageCrossover,AtrStop,9,50,14,2.0,0.01,0.0,5,0.20053958241641712,0.03148017234998046,0.09503461785655419,0.6978926034798256,0.49924443978201116,15,0.3333333333333333,5.148453165108945,113.00309713498655,65.86666666666666,1.8775846747896958,0.1963086966732437,0.4367130336290461,0.6556790786761694,0.6740443765577883
mac_plateau-2026-08-17T14:03:40,c006,16,full,"O 9/21 usado em todos os batches do MAC foi escolhido por convenção, não por teste. Se o resultado dele for um pico isolado numa vizinhança de fracasso, o histórico inteiro do MAC neste projeto está contaminado por sorte de tuning. Se for um platô, a refutação da família fica mais forte: não é questão de calibrar melhor.
",ITUB4.SA,2018-01-01,2024-01-01,MovingAverageCrossover,AtrStop,9,50,14,2.0,0.01,0.0,5,0.06502259123690557,0.010740305668117456,0.05860729820960811,0.3071121083037205,0.2177985620192394,18,0.3888888888888889,1.8432567174550016,8.116911974931579,53.0,0.5745376042707473,0.08002487612175924,0.44319126615785376,0.40050230087181465,0.4019545660938667
mac_plateau-2026-08-17T14:03:40,c006,16,full,"O 9/21 usado em todos os batches do MAC foi escolhido por convenção, não por teste. Se o resultado dele for um pico isolado numa vizinhança de fracasso, o histórico inteiro do MAC neste projeto está contaminado por sorte de tuning. Se for um platô, a refutação da família fica mais forte: não é questão de calibrar melhor.
",BBDC4.SA,2018-01-01,2024-01-01,MovingAverageCrossover,AtrStop,9,50,14,2.0,0.01,0.0,5,0.02567117662456586,0.004307700843720896,0.08274799188235334,0.1412638179582419,0.09137454667423141,20,0.3,2.1477437537989306,-4.378500468977506,41.6,0.1521753822292864,0.024312548978465465,0.5273596484434712,0.2487246847890184,0.24883284847324946
mac_plateau-2026-08-17T14:03:40,c006,16,full,"O 9/21 usado em todos os batches do MAC foi escolhido por convenção, não por teste. Se o resultado dele for um pico isolado numa vizinhança de fracasso, o histórico inteiro do MAC neste projeto está contaminado por sorte de tuning. Se for um platô, a refutação da família fica mais forte: não é questão de calibrar melhor.
",WEGE3.SA,2018-01-01,2024-01-01,MovingAverageCrossover,AtrStop,9,50,14,2.0,0.01,0.0,5,-0.036753537952039395,-0.006330071291433259,0.18605633822748435,-0.10788738375776857,-0.0512872852920435,18,0.2777777777777778,1.5631386610531541,-28.0181349569674,35.22222222222222,3.1805712480912964,0.2745323420322794,0.49505722628962756,0.8468096447271207,0.8793642753696655
mac_plateau-2026-08-17T14:03:40,c006,16,full,"O 9/21 usado em todos os batches do MAC foi escolhido por convenção, não por teste. Se o resultado dele for um pico isolado numa vizinhança de fracasso, o histórico inteiro do MAC neste projeto está contaminado por sorte de tuning. Se for um platô, a refutação da família fica mais forte: não é questão de calibrar melhor.
",ABEV3.SA,2018-01-01,2024-01-01,MovingAverageCrossover,AtrStop,9,50,14,2.0,0.01,0.0,5,0.005851176930832924,0.0009898567250565815,0.0532055420787787,0.047138113881339226,0.029373784577117475,16,0.375,1.3698660018192292,-9.491518851875458,45.5,-0.20343780560544167,-0.03783720124404766,0.519311450588265,0.018256714487198213,0.018440625179170438
mac_plateau-2026-08-17T14:03:40,c006,16,full,"O 9/21 usado em todos os batches do MAC foi escolhido por convenção, não por teste. Se o resultado dele for um pico isolado numa vizinhança de fracasso, o histórico inteiro do MAC neste projeto está contaminado por sorte de tuning. Se for um platô, a refutação da família fica mais forte: não é questão de calibrar melhor.
",B3SA3.SA,2018-01-01,2024-01-01,MovingAverageCrossover,AtrStop,9,50,14,2.0,0.01,0.0,5,0.16881628102562907,0.026806471861137382,0.05972817055791955,0.6713099019076668,0.48182709810889307,14,0.42857142857142855,4.150921212241771,101.81795919493777,72.57142857142857,1.3589340334991258,0.15666122822911133,0.5080759961997996,0.5599164888154703,0.5759033069907431
mac_plateau-2026-08-17T14:03:40,c006,16,full,"O 9/21 usado em todos os batches do MAC foi escolhido por convenção, não por teste. Se o resultado dele for um pico isolado numa vizinhança de fracasso, o histórico inteiro do MAC neste projeto está contaminado por sorte de tuning. Se for um platô, a refutação da família fica mais forte: não é questão de calibrar melhor.
",RENT3.SA,2018-01-01,2024-01-01,MovingAverageCrossover,AtrStop,9,50,14,2.0,0.01,0.0,5,0.10007372004637083,0.016305841848107905,0.08263532809881494,0.4716760480964161,0.3643550078424055,15,0.4,2.9771295898159043,61.8437147249109,79.4,2.2054474162671514,0.21840031058590514,0.5788069676078467,0.6633285292131081,0.7007423316785011
mac_plateau-2026-08-17T14:03:40,c006,16,full,"O 9/21 usado em todos os batches do MAC foi escolhido por convenção, não por teste. Se o resultado dele for um pico isolado numa vizinhança de fracasso, o histórico inteiro do MAC neste projeto está contaminado por sorte de tuning. Se for um platô, a refutação da família fica mais forte: não é questão de calibrar melhor.
",SUZB3.SA,2018-01-01,2024-01-01,MovingAverageCrossover,AtrStop,9,50,14,2.0,0.01,0.0,5,0.05215002566491189,0.008658127978847352,0.05953636760277588,0.2909132042461258,0.18955623647613568,16,0.5625,1.3515750649679732,29.530577398761615,47.0625,2.262852274052244,0.2220733487617721,0.5425050449625275,0.6954334740889121,0.7500215331137553
mac_plateau-2026-08-17T14:03:40,c006,16,full,"O 9/21 usado em todos os batches do MAC foi escolhido por convenção, não por teste. Se o resultado dele for um pico isolado numa vizinhança de fracasso, o histórico inteiro do MAC neste projeto está contaminado por sorte de tuning. Se for um platô, a refutação da família fica mais forte: não é questão de calibrar melhor.
",RADL3.SA,2018-01-01,2024-01-01,MovingAverageCrossover,AtrStop,9,50,14,2.0,0.01,0.0,5,-0.048668701059170205,-0.008425284348609008,0.14342719007385232,-0.23780760127253414,-0.1401470440989148,21,0.14285714285714285,3.7532578435510597,-26.177072866891475,32.095238095238095,0.7846442028290987,0.10321161473952856,0.37378187117629175,0.4676448099535855,0.47814344541377185
mac_plateau-2026-08-17T14:03:40,c007,16,full,"O 9/21 usado em todos os batches do MAC foi escolhido por convenção, não por teste. Se o resultado dele for um pico isolado numa vizinhança de fracasso, o histórico inteiro do MAC neste projeto está contaminado por sorte de tuning. Se for um platô, a refutação da família fica mais forte: não é questão de calibrar melhor.
",PETR4.SA,2018-01-01,2024-01-01,MovingAverageCrossover,AtrStop,9,50,14,2.5,0.01,0.0,5,0.15710819777408247,0.025054917962631373,0.0415468372363291,0.66026436902492,0.5087995740109307,19,0.47368421052631576,3.0036992088328027,80.24154376337759,70.21052631578948,5.1867600497107365,0.36212993108676206,0.6334388835850931,0.9050114594365248,0.8592563281880093
mac_plateau-2026-08-17T14:03:40,c007,16,full,"O 9/21 usado em todos os batches do MAC foi escolhido por convenção, não por teste. Se o resultado dele for um pico isolado numa vizinhança de fracasso, o histórico inteiro do MAC neste projeto está contaminado por sorte de tuning. Se for um platô, a refutação da família fica mais forte: não é questão de calibrar melhor.
",VALE3.SA,2018-01-01,2024-01-01,MovingAverageCrossover,AtrStop,9,50,14,2.5,0.01,0.0,5,0.16375159558683916,0.026050580660164302,0.0711630967030093,0.6902080920537185,0.5083048644249629,15,0.4,3.975728563708838,93.12245698810207,72.66666666666667,1.8775846747896958,0.1963086966732437,0.4367130336290461,0.6556790786761694,0.6740443765577883
mac_plateau-2026-08-17T14:03:40,c007,16,full,"O 9/21 usado em todos os batches do MAC foi escolhido por convenção, não por teste. Se o resultado dele for um pico isolado numa vizinhança de fracasso, o histórico inteiro do MAC neste projeto está contaminado por sorte de tuning. Se for um platô, a refutação da família fica mais forte: não é questão de calibrar melhor.
",ITUB4.SA,2018-01-01,2024-01-01,MovingAverageCrossover,AtrStop,9,50,14,2.5,0.01,0.0,5,0.08542394738688719,0.013997874838794111,0.04351473352865846,0.45373123495715684,0.3429786760347581,18,0.4444444444444444,2.199235805794804,24.27974869446423,59.22222222222222,0.5745376042707473,0.08002487612175924,0.44319126615785376,0.40050230087181465,0.4019545660938667
mac_plateau-2026-08-17T14:03:40,c007,16,full,"O 9/21 usado em todos os batches do MAC foi escolhido por convenção, não por teste. Se o resultado dele for um pico isolado numa vizinhança de fracasso, o histórico inteiro do MAC neste projeto está contaminado por sorte de tuning. Se for um platô, a refutação da família fica mais forte: não é questão de calibrar melhor.
",BBDC4.SA,2018-01-01,2024-01-01,MovingAverageCrossover,AtrStop,9,50,14,2.5,0.01,0.0,5,0.0562805920206062,0.009328553990143762,0.04474908699202008,0.31993145743184875,0.22862310487550183,20,0.35,2.5035511531509638,13.877193877259305,48.15,0.1521753822292864,0.024312548978465465,0.5273596484434712,0.2487246847890184,0.24883284847324946
mac_plateau-2026-08-17T14:03:40,c007,16,full,"O 9/21 usado em todos os batches do MAC foi escolhido por convenção, não por teste. Se o resultado dele for um pico isolado numa vizinhança de fracasso, o histórico inteiro do MAC neste projeto está contaminado por sorte de tuning. Se for um platô, a refutação da família fica mais forte: não é questão de calibrar melhor.
",WEGE3.SA,2018-01-01,2024-01-01,MovingAverageCrossover,AtrStop,9,50,14,2.5,0.01,0.0,5,0.043284681387486534,0.00721179520947679,0.12635391770295476,0.18635236846447162,0.11929744921899954,18,0.4444444444444444,1.7207636759390483,17.453358995829085,57.72222222222222,3.1805712480912964,0.2745323420322794,0.49505722628962756,0.8468096447271207,0.8793642753696655
mac_plateau-2026-08-17T14:03:40,c007,16,full,"O 9/21 usado em todos os batches do MAC foi escolhido por convenção, não por teste. Se o resultado dele for um pico isolado numa vizinhança de fracasso, o histórico inteiro do MAC neste projeto está contaminado por sorte de tuning. Se for um platô, a refutação da família fica mais forte: não é questão de calibrar melhor.
",ABEV3.SA,2018-01-01,2024-01-01,MovingAverageCrossover,AtrStop,9,50,14,2.5,0.01,0.0,5,-0.005912681478122961,-0.0010051594334714586,0.04684490218086082,-0.027020371033884924,-0.01726733798952667,16,0.375,1.1862686862560512,-14.125463196086395,46.9375,-0.20343780560544167,-0.03783720124404766,0.519311450588265,0.018256714487198213,0.018440625179170438
mac_plateau-2026-08-17T14:03:40,c007,16,full,"O 9/21 usado em todos os batches do MAC foi escolhido por convenção, não por teste. Se o resultado dele for um pico isolado numa vizinhança de fracasso, o histórico inteiro do MAC neste projeto está contaminado por sorte de tuning. Se for um platô, a refutação da família fica mais forte: não é questão de calibrar melhor.
",B3SA3.SA,2018-01-01,2024-01-01,MovingAverageCrossover,AtrStop,9,50,14,2.5,0.01,0.0,5,0.12430391310556832,0.020067715627656968,0.05218325697804777,0.6209288678421058,0.44377678127070075,14,0.42857142857142855,3.5837713946193466,74.35381806841936,72.78571428571429,1.3589340334991258,0.15666122822911133,0.5080759961997996,0.5599164888154703,0.5759033069907431
mac_plateau-2026-08-17T14:03:40,c007,16,full,"O 9/21 usado em todos os batches do MAC foi escolhido por convenção, não por teste. Se o resultado dele for um pico isolado numa vizinhança de fracasso, o histórico inteiro do MAC neste projeto está contaminado por sorte de tuning. Se for um platô, a refutação da família fica mais forte: não é questão de calibrar melhor.
",RENT3.SA,2018-01-01,2024-01-01,MovingAverageCrossover,AtrStop,9,50,14,2.5,0.01,0.0,5,0.07580876803419101,0.012468972046106863,0.0687825469004478,0.44412231884341113,0.3448090327997801,15,0.4,2.8445473082587904,46.73285162747925,80.93333333333334,2.2054474162671514,0.21840031058590514,0.5788069676078467,0.6633285292131081,0.7007423316785011
mac_plateau-2026-08-17T14:03:40,c007,16,full,"O 9/21 usado em todos os batches do MAC foi escolhido por convenção, não por teste. Se o resultado dele for um pico isolado numa vizinhança de fracasso, o histórico inteiro do MAC neste projeto está contaminado por sorte de tuning. Se for um platô, a refutação da família fica mais forte: não é questão de calibrar melhor.
",SUZB3.SA,2018-01-01,2024-01-01,MovingAverageCrossover,AtrStop,9,50,14,2.5,0.01,0.0,5,0.07913826498786891,0.01299967268852753,0.04903401583956697,0.47668316765801716,0.3374173391985232,16,0.625,1.465739699806325,46.97257484594873,56.8125,2.262852274052244,0.2220733487617721,0.5425050449625275,0.6954334740889121,0.7500215331137553
mac_plateau-2026-08-17T14:03:40,c007,16,full,"O 9/21 usado em todos os batches do MAC foi escolhido por convenção, não por teste. Se o resultado dele for um pico isolado numa vizinhança de fracasso, o histórico inteiro do MAC neste projeto está contaminado por sorte de tuning. Se for um platô, a refutação da família fica mais forte: não é questão de calibrar melhor.
",RADL3.SA,2018-01-01,2024-01-01,MovingAverageCrossover,AtrStop,9,50,14,2.5,0.01,0.0,5,0.02630910878053694,0.004413602497085112,0.08390651733416636,0.1511276316781435,0.10818699068471542,21,0.2857142857142857,3.0118024741136487,9.974631318420697,48.476190476190474,0.7846442028290987,0.10321161473952856,0.37378187117629175,0.4676448099535855,0.47814344541377185
mac_plateau-2026-08-17T14:03:40,c008,16,full,"O 9/21 usado em todos os batches do MAC foi escolhido por convenção, não por teste. Se o resultado dele for um pico isolado numa vizinhança de fracasso, o histórico inteiro do MAC neste projeto está contaminado por sorte de tuning. Se for um platô, a refutação da família fica mais forte: não é questão de calibrar melhor.
",PETR4.SA,2018-01-01,2024-01-01,MovingAverageCrossover,AtrStop,12,21,14,2.0,0.01,0.0,5,0.1835017550833986,0.028982967363414547,0.05775649926956619,0.6364624601930009,0.4748163146029766,33,0.5454545454545454,1.720847596354359,54.80688605108268,38.21212121212121,5.1867600497107365,0.36212993108676206,0.6334388835850931,0.9050114594365248,0.8592563281880093
mac_plateau-2026-08-17T14:03:40,c008,16,full,"O 9/21 usado em todos os batches do MAC foi escolhido por convenção, não por teste. Se o resultado dele for um pico isolado numa vizinhança de fracasso, o histórico inteiro do MAC neste projeto está contaminado por sorte de tuning. Se for um platô, a refutação da família fica mais forte: não é questão de calibrar melhor.
",VALE3.SA,2018-01-01,2024-01-01,MovingAverageCrossover,AtrStop,12,21,14,2.0,0.01,0.0,5,0.10688819762828072,0.017370726786868795,0.07214782104385982,0.4360710937856947,0.31904051961896596,35,0.45714285714285713,1.823043068597967,30.594284128336408,31.857142857142858,1.8775846747896958,0.1963086966732437,0.4367130336290461,0.6556790786761694,0.6740443765577883
mac_plateau-2026-08-17T14:03:40,c008,16,full,"O 9/21 usado em todos os batches do MAC foi escolhido por convenção, não por teste. Se o resultado dele for um pico isolado numa vizinhança de fracasso, o histórico inteiro do MAC neste projeto está contaminado por sorte de tuning. Se for um platô, a refutação da família fica mais forte: não é questão de calibrar melhor.
",ITUB4.SA,2018-01-01,2024-01-01,MovingAverageCrossover,AtrStop,12,21,14,2.0,0.01,0.0,5,0.04974618947204834,0.008266958208981157,0.07708267344265853,0.23694975989025988,0.1710138542220497,38,0.3684210526315789,1.8007717124065146,2.3150729819684424,24.94736842105263,0.5745376042707473,0.08002487612175924,0.44319126615785376,0.40050230087181465,0.4019545660938667
mac_plateau-2026-08-17T14:03:40,c008,16,full,"O 9/21 usado em todos os batches do MAC foi escolhido por convenção, não por teste. Se o resultado dele for um pico isolado numa vizinhança de fracasso, o histórico inteiro do MAC neste projeto está contaminado por sorte de tuning. Se for um platô, a refutação da família fica mais forte: não é questão de calibrar melhor.
",BBDC4.SA,2018-01-01,2024-01-01,MovingAverageCrossover,AtrStop,12,21,14,2.0,0.01,0.0,5,0.1766985766041882,0.02797749105866587,0.047676090437110186,0.726523556272478,0.5495218651352562,34,0.47058823529411764,2.4489273494260937,40.339810446498234,28.264705882352942,0.1521753822292864,0.024312548978465465,0.5273596484434712,0.2487246847890184,0.24883284847324946
mac_plateau-2026-08-17T14:03:40,c008,16,full,"O 9/21 usado em todos os batches do MAC foi escolhido por convenção, não por teste. Se o resultado dele for um pico isolado numa vizinhança de fracasso, o histórico inteiro do MAC neste projeto está contaminado por sorte de tuning. Se for um platô, a refutação da família fica mais forte: não é questão de calibrar melhor.
",WEGE3.SA,2018-01-01,2024-01-01,MovingAverageCrossover,AtrStop,12,21,14,2.0,0.01,0.0,5,0.25675928915249147,0.0395166431126015,0.09465582753600073,0.7611021903759652,0.5794771410781252,37,0.40540540540540543,3.891616867174347,62.57566219542751,29.81081081081081,3.1805712480912964,0.2745323420322794,0.49505722628962756,0.8468096447271207,0.8793642753696655
mac_plateau-2026-08-17T14:03:40,c008,16,full,"O 9/21 usado em todos os batches do MAC foi escolhido por convenção, não por teste. Se o resultado dele for um pico isolado numa vizinhança de fracasso, o histórico inteiro do MAC neste projeto está contaminado por sorte de tuning. Se for um platô, a refutação da família fica mais forte: não é questão de calibrar melhor.
",ABEV3.SA,2018-01-01,2024-01-01,MovingAverageCrossover,AtrStop,12,21,14,2.0,0.01,0.0,5,-0.0055185035036551255,-0.0009379946984208187,0.07790275581914821,-0.010025170461983056,-0.007246205159885103,36,0.4166666666666667,1.185344847345996,-6.7081030548906275,26.833333333333332,-0.20343780560544167,-0.03783720124404766,0.519311450588265,0.018256714487198213,0.018440625179170438
mac_plateau-2026-08-17T14:03:40,c008,16,full,"O 9/21 usado em todos os batches do MAC foi escolhido por convenção, não por teste. Se o resultado dele for um pico isolado numa vizinhança de fracasso, o histórico inteiro do MAC neste projeto está contaminado por sorte de tuning. Se for um platô, a refutação da família fica mais forte: não é questão de calibrar melhor.
",B3SA3.SA,2018-01-01,2024-01-01,MovingAverageCrossover,AtrStop,12,21,14,2.0,0.01,0.0,5,0.03811664950637095,0.006363943453078669,0.10834651447551853,0.18737659037338986,0.1391852306227452,43,0.3023255813953488,2.4484760996680865,3.2293598092306848,22.651162790697676,1.3589340334991258,0.15666122822911133,0.5080759961997996,0.5599164888154703,0.5759033069907431
mac_plateau-2026-08-17T14:03:40,c008,16,full,"O 9/21 usado em todos os batches do MAC foi escolhido por convenção, não por teste. Se o resultado dele for um pico isolado numa vizinhança de fracasso, o histórico inteiro do MAC neste projeto está contaminado por sorte de tuning. Se for um platô, a refutação da família fica mais forte: não é questão de calibrar melhor.
",RENT3.SA,2018-01-01,2024-01-01,MovingAverageCrossover,AtrStop,12,21,14,2.0,0.01,0.0,5,0.16054141136954247,0.02557005328114914,0.07064902840050864,0.7091357762419723,0.5943712889302397,33,0.48484848484848486,2.1589150975544107,40.918268883689784,35.121212121212125,2.2054474162671514,0.21840031058590514,0.5788069676078467,0.6633285292131081,0.7007423316785011
mac_plateau-2026-08-17T14:03:40,c008,16,full,"O 9/21 usado em todos os batches do MAC foi escolhido por convenção, não por teste. Se o resultado dele for um pico isolado numa vizinhança de fracasso, o histórico inteiro do MAC neste projeto está contaminado por sorte de tuning. Se for um platô, a refutação da família fica mais forte: não é questão de calibrar melhor.
",SUZB3.SA,2018-01-01,2024-01-01,MovingAverageCrossover,AtrStop,12,21,14,2.0,0.01,0.0,5,0.10499365154161633,0.017075217428381695,0.10654204552946343,0.36990214640140134,0.29417379019490714,41,0.3170731707317073,3.0491113190000405,24.36300905819561,26.951219512195124,2.262852274052244,0.2220733487617721,0.5425050449625275,0.6954334740889121,0.7500215331137553
mac_plateau-2026-08-17T14:03:40,c008,16,full,"O 9/21 usado em todos os batches do MAC foi escolhido por convenção, não por teste. Se o resultado dele for um pico isolado numa vizinhança de fracasso, o histórico inteiro do MAC neste projeto está contaminado por sorte de tuning. Se for um platô, a refutação da família fica mais forte: não é questão de calibrar melhor.
",RADL3.SA,2018-01-01,2024-01-01,MovingAverageCrossover,AtrStop,12,21,14,2.0,0.01,0.0,5,0.04294938830300876,0.00715689395603869,0.10269732389698773,0.20478560696956558,0.15341335903873266,40,0.4,1.7476830827868401,7.291729996392677,26.475,0.7846442028290987,0.10321161473952856,0.37378187117629175,0.4676448099535855,0.47814344541377185
mac_plateau-2026-08-17T14:03:40,c009,16,full,"O 9/21 usado em todos os batches do MAC foi escolhido por convenção, não por teste. Se o resultado dele for um pico isolado numa vizinhança de fracasso, o histórico inteiro do MAC neste projeto está contaminado por sorte de tuning. Se for um platô, a refutação da família fica mais forte: não é questão de calibrar melhor.
",PETR4.SA,2018-01-01,2024-01-01,MovingAverageCrossover,AtrStop,12,21,14,2.5,0.01,0.0,5,0.14376501339234093,0.023040713792044087,0.04654628529684724,0.6214355034084057,0.466558831500499,33,0.5454545454545454,1.7074763123817338,42.947200629193645,38.96969696969697,5.1867600497107365,0.36212993108676206,0.6334388835850931,0.9050114594365248,0.8592563281880093
mac_plateau-2026-08-17T14:03:40,c009,16,full,"O 9/21 usado em todos os batches do MAC foi escolhido por convenção, não por teste. Se o resultado dele for um pico isolado numa vizinhança de fracasso, o histórico inteiro do MAC neste projeto está contaminado por sorte de tuning. Se for um platô, a refutação da família fica mais forte: não é questão de calibrar melhor.
",VALE3.SA,2018-01-01,2024-01-01,MovingAverageCrossover,AtrStop,12,21,14,2.5,0.01,0.0,5,0.057699959840388226,0.009558426887178229,0.06651936808230324,0.2993166044019689,0.21892171954136577,35,0.45714285714285713,1.5652970078942632,16.5273501212197,32.57142857142857,1.8775846747896958,0.1963086966732437,0.4367130336290461,0.6556790786761694,0.6740443765577883
mac_plateau-2026-08-17T14:03:40,c009,16,full,"O 9/21 usado em todos os batches do MAC foi escolhido por convenção, não por teste. Se o resultado dele for um pico isolado numa vizinhança de fracasso, o histórico inteiro do MAC neste projeto está contaminado por sorte de tuning. Se for um platô, a refutação da família fica mais forte: não é questão de calibrar melhor.
",ITUB4.SA,2018-01-01,2024-01-01,MovingAverageCrossover,AtrStop,12,21,14,2.5,0.01,0.0,5,0.05634331768968215,0.009338718105500243,0.05622862902909236,0.3120008659027798,0.23726457212406155,38,0.39473684210526316,1.7994209050488934,6.130743997441145,27.605263157894736,0.5745376042707473,0.08002487612175924,0.44319126615785376,0.40050230087181465,0.4019545660938667
mac_plateau-2026-08-17T14:03:40,c009,16,full,"O 9/21 usado em todos os batches do MAC foi escolhido por convenção, não por teste. Se o resultado dele for um pico isolado numa vizinhança de fracasso, o histórico inteiro do MAC neste projeto está contaminado por sorte de tuning. Se for um platô, a refutação da família fica mais forte: não é questão de calibrar melhor.
",BBDC4.SA,2018-01-01,2024-01-01,MovingAverageCrossover,AtrStop,12,21,14,2.5,0.01,0.0,5,0.13384533802082177,0.021530617305634214,0.043988797261533076,0.6824560249228359,0.5165087429679243,34,0.47058823529411764,2.3329282008166983,30.339728493933677,29.441176470588236,0.1521753822292864,0.024312548978465465,0.5273596484434712,0.2487246847890184,0.24883284847324946
mac_plateau-2026-08-17T14:03:40,c009,16,full,"O 9/21 usado em todos os batches do MAC foi escolhido por convenção, não por teste. Se o resultado dele for um pico isolado numa vizinhança de fracasso, o histórico inteiro do MAC neste projeto está contaminado por sorte de tuning. Se for um platô, a refutação da família fica mais forte: não é questão de calibrar melhor.
",WEGE3.SA,2018-01-01,2024-01-01,MovingAverageCrossover,AtrStop,12,21,14,2.5,0.01,0.0,5,0.1896294495113815,0.029884510294211353,0.07831644729392781,0.708981817456006,0.5451096820024569,37,0.40540540540540543,3.556253106465545,46.09343748840117,30.54054054054054,3.1805712480912964,0.2745323420322794,0.49505722628962756,0.8468096447271207,0.8793642753696655
mac_plateau-2026-08-17T14:03:40,c009,16,full,"O 9/21 usado em todos os batches do MAC foi escolhido por convenção, não por teste. Se o resultado dele for um pico isolado numa vizinhança de fracasso, o histórico inteiro do MAC neste projeto está contaminado por sorte de tuning. Se for um platô, a refutação da família fica mais forte: não é questão de calibrar melhor.
",ABEV3.SA,2018-01-01,2024-01-01,MovingAverageCrossover,AtrStop,12,21,14,2.5,0.01,0.0,5,-0.007688378698313514,-0.0013079983563973885,0.07023210997418705,-0.0328703694094834,-0.023864857859808783,36,0.4166666666666667,1.1555866535299646,-6.2849283509742655,27.305555555555557,-0.20343780560544167,-0.03783720124404766,0.519311450588265,0.018256714487198213,0.018440625179170438
mac_plateau-2026-08-17T14:03:40,c009,16,full,"O 9/21 usado em todos os batches do MAC foi escolhido por convenção, não por teste. Se o resultado dele for um pico isolado numa vizinhança de fracasso, o histórico inteiro do MAC neste projeto está contaminado por sorte de tuning. Se for um platô, a refutação da família fica mais forte: não é questão de calibrar melhor.
",B3SA3.SA,2018-01-01,2024-01-01,MovingAverageCrossover,AtrStop,12,21,14,2.5,0.01,0.0,5,0.01174412578015227,0.001981958855857613,0.09794403119937983,0.0800539515594933,0.059568062485847256,43,0.3023255813953488,2.2234661729956704,-1.6787901813622346,23.441860465116278,1.3589340334991258,0.15666122822911133,0.5080759961997996,0.5599164888154703,0.5759033069907431
mac_plateau-2026-08-17T14:03:40,c009,16,full,"O 9/21 usado em todos os batches do MAC foi escolhido por convenção, não por teste. Se o resultado dele for um pico isolado numa vizinhança de fracasso, o histórico inteiro do MAC neste projeto está contaminado por sorte de tuning. Se for um platô, a refutação da família fica mais forte: não é questão de calibrar melhor.
",RENT3.SA,2018-01-01,2024-01-01,MovingAverageCrossover,AtrStop,12,21,14,2.5,0.01,0.0,5,0.12235329858372723,0.019767376762618083,0.06274789521080855,0.6806774884840138,0.57006027302399,33,0.48484848484848486,2.0963754931490337,31.130108183095086,35.78787878787879,2.2054474162671514,0.21840031058590514,0.5788069676078467,0.6633285292131081,0.7007423316785011
mac_plateau-2026-08-17T14:03:40,c009,16,full,"O 9/21 usado em todos os batches do MAC foi escolhido por convenção, não por teste. Se o resultado dele for um pico isolado numa vizinhança de fracasso, o histórico inteiro do MAC neste projeto está contaminado por sorte de tuning. Se for um platô, a refutação da família fica mais forte: não é questão de calibrar melhor.
",SUZB3.SA,2018-01-01,2024-01-01,MovingAverageCrossover,AtrStop,12,21,14,2.5,0.01,0.0,5,0.08212470418581641,0.013474536578186536,0.08358912797389954,0.35646353217113114,0.2867157544611084,41,0.34146341463414637,2.7209048134414284,19.059160719869638,27.926829268292682,2.262852274052244,0.2220733487617721,0.5425050449625275,0.6954334740889121,0.7500215331137553
mac_plateau-2026-08-17T14:03:40,c009,16,full,"O 9/21 usado em todos os batches do MAC foi escolhido por convenção, não por teste. Se o resultado dele for um pico isolado numa vizinhança de fracasso, o histórico inteiro do MAC neste projeto está contaminado por sorte de tuning. Se for um platô, a refutação da família fica mais forte: não é questão de calibrar melhor.
",RADL3.SA,2018-01-01,2024-01-01,MovingAverageCrossover,AtrStop,12,21,14,2.5,0.01,0.0,5,0.032611992860686057,0.005457002329583682,0.08506229630793585,0.188926217646914,0.14451612749670828,40,0.4,1.7282521402407645,5.423353515938756,27.925,0.7846442028290987,0.10321161473952856,0.37378187117629175,0.4676448099535855,0.47814344541377185
mac_plateau-2026-08-17T14:03:40,c010,16,full,"O 9/21 usado em todos os batches do MAC foi escolhido por convenção, não por teste. Se o resultado dele for um pico isolado numa vizinhança de fracasso, o histórico inteiro do MAC neste projeto está contaminado por sorte de tuning. Se for um platô, a refutação da família fica mais forte: não é questão de calibrar melhor.
",PETR4.SA,2018-01-01,2024-01-01,MovingAverageCrossover,AtrStop,12,50,14,2.0,0.01,0.0,5,0.0758395993043286,0.012473892607143267,0.04917881761153028,0.32112814093864206,0.21762813604837147,17,0.47058823529411764,1.838154534246508,44.61152900254634,61.1764705882353,5.1867600497107365,0.36212993108676206,0.6334388835850931,0.9050114594365248,0.8592563281880093
mac_plateau-2026-08-17T14:03:40,c010,16,full,"O 9/21 usado em todos os batches do MAC foi escolhido por convenção, não por teste. Se o resultado dele for um pico isolado numa vizinhança de fracasso, o histórico inteiro do MAC neste projeto está contaminado por sorte de tuning. Se for um platô, a refutação da família fica mais forte: não é questão de calibrar melhor.
",VALE3.SA,2018-01-01,2024-01-01,MovingAverageCrossover,AtrStop,12,50,14,2.0,0.01,0.0,5,0.171274724695043,0.027172408061646003,0.10063749143025393,0.6134281879220121,0.42521269307026766,17,0.35294117647058826,3.9800895476959006,80.53696422579296,56.470588235294116,1.8775846747896958,0.1963086966732437,0.4367130336290461,0.6556790786761694,0.6740443765577883
mac_plateau-2026-08-17T14:03:40,c010,16,full,"O 9/21 usado em todos os batches do MAC foi escolhido por convenção, não por teste. Se o resultado dele for um pico isolado numa vizinhança de fracasso, o histórico inteiro do MAC neste projeto está contaminado por sorte de tuning. Se for um platô, a refutação da família fica mais forte: não é questão de calibrar melhor.
",ITUB4.SA,2018-01-01,2024-01-01,MovingAverageCrossover,AtrStop,12,50,14,2.0,0.01,0.0,5,0.017745439250764994,0.0029873850298580695,0.07482350609434509,0.10372937534005486,0.06854303908990438,17,0.35294117647058826,1.292109633166855,-18.292810332220963,50.470588235294116,0.5745376042707473,0.08002487612175924,0.44319126615785376,0.40050230087181465,0.4019545660938667
mac_plateau-2026-08-17T14:03:40,c010,16,full,"O 9/21 usado em todos os batches do MAC foi escolhido por convenção, não por teste. Se o resultado dele for um pico isolado numa vizinhança de fracasso, o histórico inteiro do MAC neste projeto está contaminado por sorte de tuning. Se for um platô, a refutação da família fica mais forte: não é questão de calibrar melhor.
",BBDC4.SA,2018-01-01,2024-01-01,MovingAverageCrossover,AtrStop,12,50,14,2.0,0.01,0.0,5,0.02336931431400391,0.003925118634585445,0.10238888191940673,0.13062396636277862,0.08440627037613065,17,0.23529411764705882,2.7211247848583855,-8.726422373155,49.23529411764706,0.1521753822292864,0.024312548978465465,0.5273596484434712,0.2487246847890184,0.24883284847324946
mac_plateau-2026-08-17T14:03:40,c010,16,full,"O 9/21 usado em todos os batches do MAC foi escolhido por convenção, não por teste. Se o resultado dele for um pico isolado numa vizinhança de fracasso, o histórico inteiro do MAC neste projeto está contaminado por sorte de tuning. Se for um platô, a refutação da família fica mais forte: não é questão de calibrar melhor.
",WEGE3.SA,2018-01-01,2024-01-01,MovingAverageCrossover,AtrStop,12,50,14,2.0,0.01,0.0,5,-0.03991224662549708,-0.00688340627833528,0.068084571668025,-0.21977058768286922,-0.12475371319376308,18,0.2777777777777778,1.4163602026094875,-27.4630400175557,35.111111111111114,3.1805712480912964,0.2745323420322794,0.49505722628962756,0.8468096447271207,0.8793642753696655
mac_plateau-2026-08-17T14:03:40,c010,16,full,"O 9/21 usado em todos os batches do MAC foi escolhido por convenção, não por teste. Se o resultado dele for um pico isolado numa vizinhança de fracasso, o histórico inteiro do MAC neste projeto está contaminado por sorte de tuning. Se for um platô, a refutação da família fica mais forte: não é questão de calibrar melhor.
",ABEV3.SA,2018-01-01,2024-01-01,MovingAverageCrossover,AtrStop,12,50,14,2.0,0.01,0.0,5,-0.018523193556606588,-0.003165650236835238,0.06320381619152633,-0.08896986958287752,-0.05433120256171755,15,0.3333333333333333,1.2540233752820213,-21.604218337952183,46.4,-0.20343780560544167,-0.03783720124404766,0.519311450588265,0.018256714487198213,0.018440625179170438
mac_plateau-2026-08-17T14:03:40,c010,16,full,"O 9/21 usado em todos os batches do MAC foi escolhido por convenção, não por teste. Se o resultado dele for um pico isolado numa vizinhança de fracasso, o histórico inteiro do MAC neste projeto está contaminado por sorte de tuning. Se for um platô, a refutação da família fica mais forte: não é questão de calibrar melhor.
",B3SA3.SA,2018-01-01,2024-01-01,MovingAverageCrossover,AtrStop,12,50,14,2.0,0.01,0.0,5,0.060787649394199006,0.010057608454816291,0.058853197583362604,0.337907991375752,0.20196414149547767,12,0.3333333333333333,3.26936975113085,35.99449483558814,56.416666666666664,1.3589340334991258,0.15666122822911133,0.5080759961997996,0.5599164888154703,0.5759033069907431
mac_plateau-2026-08-17T14:03:40,c010,16,full,"O 9/21 usado em todos os batches do MAC foi escolhido por convenção, não por teste. Se o resultado dele for um pico isolado numa vizinhança de fracasso, o histórico inteiro do MAC neste projeto está contaminado por sorte de tuning. Se for um platô, a refutação da família fica mais forte: não é questão de calibrar melhor.
",RENT3.SA,2018-01-01,2024-01-01,MovingAverageCrossover,AtrStop,12,50,14,2.0,0.01,0.0,5,0.09593731315957132,0.015656779106965724,0.06803360934793908,0.4382932532856156,0.3254158046746447,13,0.38461538461538464,3.268624525785287,66.61862546872952,89.92307692307692,2.2054474162671514,0.21840031058590514,0.5788069676078467,0.6633285292131081,0.7007423316785011
mac_plateau-2026-08-17T14:03:40,c010,16,full,"O 9/21 usado em todos os batches do MAC foi escolhido por convenção, não por teste. Se o resultado dele for um pico isolado numa vizinhança de fracasso, o histórico inteiro do MAC neste projeto está contaminado por sorte de tuning. Se for um platô, a refutação da família fica mais forte: não é questão de calibrar melhor.
",SUZB3.SA,2018-01-01,2024-01-01,MovingAverageCrossover,AtrStop,12,50,14,2.0,0.01,0.0,5,0.09020342332226616,0.014753675103966746,0.05045469841058328,0.44300063245462684,0.3099838672345039,14,0.5714285714285714,1.8348983070954232,61.90265469565218,63.07142857142857,2.262852274052244,0.2220733487617721,0.5425050449625275,0.6954334740889121,0.7500215331137553
mac_plateau-2026-08-17T14:03:40,c010,16,full,"O 9/21 usado em todos os batches do MAC foi escolhido por convenção, não por teste. Se o resultado dele for um pico isolado numa vizinhança de fracasso, o histórico inteiro do MAC neste projeto está contaminado por sorte de tuning. Se for um platô, a refutação da família fica mais forte: não é questão de calibrar melhor.
",RADL3.SA,2018-01-01,2024-01-01,MovingAverageCrossover,AtrStop,12,50,14,2.0,0.01,0.0,5,0.021190466277730025,0.0035623231640697917,0.1288618681423609,0.11442480901999706,0.07065731395603164,19,0.21052631578947367,4.127933155943182,7.1439633681537655,41.578947368421055,0.7846442028290987,0.10321161473952856,0.37378187117629175,0.4676448099535855,0.47814344541377185
mac_plateau-2026-08-17T14:03:40,c011,16,full,"O 9/21 usado em todos os batches do MAC foi escolhido por convenção, não por teste. Se o resultado dele for um pico isolado numa vizinhança de fracasso, o histórico inteiro do MAC neste projeto está contaminado por sorte de tuning. Se for um platô, a refutação da família fica mais forte: não é questão de calibrar melhor.
",PETR4.SA,2018-01-01,2024-01-01,MovingAverageCrossover,AtrStop,12,50,14,2.5,0.01,0.0,5,0.17756371584335384,0.028105621871155506,0.039865586879847016,0.7497130506655507,0.5751568354070918,16,0.5,1.7388377853170025,41.013275649711375,65.0625,5.1867600497107365,0.36212993108676206,0.6334388835850931,0.9050114594365248,0.8592563281880093
mac_plateau-2026-08-17T14:03:40,c011,16,full,"O 9/21 usado em todos os batches do MAC foi escolhido por convenção, não por teste. Se o resultado dele for um pico isolado numa vizinhança de fracasso, o histórico inteiro do MAC neste projeto está contaminado por sorte de tuning. Se for um platô, a refutação da família fica mais forte: não é questão de calibrar melhor.
",VALE3.SA,2018-01-01,2024-01-01,MovingAverageCrossover,AtrStop,12,50,14,2.5,0.01,0.0,5,0.14282201367156055,0.02289762746839319,0.07241901213968956,0.6126486412282312,0.44344884127779133,17,0.4117647058823529,3.15787123444753,68.01109076972429,62.64705882352941,1.8775846747896958,0.1963086966732437,0.4367130336290461,0.6556790786761694,0.6740443765577883
mac_plateau-2026-08-17T14:03:40,c011,16,full,"O 9/21 usado em todos os batches do MAC foi escolhido por convenção, não por teste. Se o resultado dele for um pico isolado numa vizinhança de fracasso, o histórico inteiro do MAC neste projeto está contaminado por sorte de tuning. Se for um platô, a refutação da família fica mais forte: não é questão de calibrar melhor.
",ITUB4.SA,2018-01-01,2024-01-01,MovingAverageCrossover,AtrStop,12,50,14,2.5,0.01,0.0,5,0.017209018966082956,0.0028977168628663286,0.05872595479646781,0.1136526135142682,0.07837734132286582,17,0.35294117647058826,1.3363307012142007,-13.111928300489708,56.1764705882353,0.5745376042707473,0.08002487612175924,0.44319126615785376,0.40050230087181465,0.4019545660938667
mac_plateau-2026-08-17T14:03:40,c011,16,full,"O 9/21 usado em todos os batches do MAC foi escolhido por convenção, não por teste. Se o resultado dele for um pico isolado numa vizinhança de fracasso, o histórico inteiro do MAC neste projeto está contaminado por sorte de tuning. Se for um platô, a refutação da família fica mais forte: não é questão de calibrar melhor.
",BBDC4.SA,2018-01-01,2024-01-01,MovingAverageCrossover,AtrStop,12,50,14,2.5,0.01,0.0,5,0.012063199582768469,0.0020355391666853073,0.08767908848636924,0.08681657402466042,0.05611079787886085,17,0.23529411764705882,2.4968567803619277,-10.855867168610317,49.705882352941174,0.1521753822292864,0.024312548978465465,0.5273596484434712,0.2487246847890184,0.24883284847324946
mac_plateau-2026-08-17T14:03:40,c011,16,full,"O 9/21 usado em todos os batches do MAC foi escolhido por convenção, não por teste. Se o resultado dele for um pico isolado numa vizinhança de fracasso, o histórico inteiro do MAC neste projeto está contaminado por sorte de tuning. Se for um platô, a refutação da família fica mais forte: não é questão de calibrar melhor.
",WEGE3.SA,2018-01-01,2024-01-01,MovingAverageCrossover,AtrStop,12,50,14,2.5,0.01,0.0,5,-0.016864814267531836,-0.002880217310465949,0.1537779190060495,-0.04598908138037006,-0.026431774284157734,18,0.3888888888888889,1.1106051486457573,-13.647669669345138,48.833333333333336,3.1805712480912964,0.2745323420322794,0.49505722628962756,0.8468096447271207,0.8793642753696655
mac_plateau-2026-08-17T14:03:40,c011,16,full,"O 9/21 usado em todos os batches do MAC foi escolhido por convenção, não por teste. Se o resultado dele for um pico isolado numa vizinhança de fracasso, o histórico inteiro do MAC neste projeto está contaminado por sorte de tuning. Se for um platô, a refutação da família fica mais forte: não é questão de calibrar melhor.
",ABEV3.SA,2018-01-01,2024-01-01,MovingAverageCrossover,AtrStop,12,50,14,2.5,0.01,0.0,5,-0.028107747977127673,-0.004823192102787255,0.05965661978205652,-0.18257893875001233,-0.11629299627077624,15,0.3333333333333333,1.0532024043970536,-26.077600299165375,50.266666666666666,-0.20343780560544167,-0.03783720124404766,0.519311450588265,0.018256714487198213,0.018440625179170438
mac_plateau-2026-08-17T14:03:40,c011,16,full,"O 9/21 usado em todos os batches do MAC foi escolhido por convenção, não por teste. Se o resultado dele for um pico isolado numa vizinhança de fracasso, o histórico inteiro do MAC neste projeto está contaminado por sorte de tuning. Se for um platô, a refutação da família fica mais forte: não é questão de calibrar melhor.
",B3SA3.SA,2018-01-01,2024-01-01,MovingAverageCrossover,AtrStop,12,50,14,2.5,0.01,0.0,5,0.06498067731967927,0.010733559955366623,0.051996062454830676,0.374309776939724,0.2479596945040126,12,0.4166666666666667,2.682514008675518,42.37488155686938,73.16666666666667,1.3589340334991258,0.15666122822911133,0.5080759961997996,0.5599164888154703,0.5759033069907431
mac_plateau-2026-08-17T14:03:40,c011,16,full,"O 9/21 usado em todos os batches do MAC foi escolhido por convenção, não por teste. Se o resultado dele for um pico isolado numa vizinhança de fracasso, o histórico inteiro do MAC neste projeto está contaminado por sorte de tuning. Se for um platô, a refutação da família fica mais forte: não é questão de calibrar melhor.
",RENT3.SA,2018-01-01,2024-01-01,MovingAverageCrossover,AtrStop,12,50,14,2.5,0.01,0.0,5,0.06508370485485893,0.010750141025461568,0.060053789184850756,0.3702885678634649,0.27362586047931087,13,0.38461538461538464,2.8228529605633548,44.57432949681941,91.3076923076923,2.2054474162671514,0.21840031058590514,0.5788069676078467,0.6633285292131081,0.7007423316785011
mac_plateau-2026-08-17T14:03:40,c011,16,full,"O 9/21 usado em todos os batches do MAC foi escolhido por convenção, não por teste. Se o resultado dele for um pico isolado numa vizinhança de fracasso, o histórico inteiro do MAC neste projeto está contaminado por sorte de tuning. Se for um platô, a refutação da família fica mais forte: não é questão de calibrar melhor.
",SUZB3.SA,2018-01-01,2024-01-01,MovingAverageCrossover,AtrStop,12,50,14,2.5,0.01,0.0,5,0.06066760826926543,0.010038224165443976,0.047858434332198184,0.37703271264329546,0.26464153868865886,14,0.5714285714285714,1.512802467642751,41.36188357539343,63.57142857142857,2.262852274052244,0.2220733487617721,0.5425050449625275,0.6954334740889121,0.7500215331137553
mac_plateau-2026-08-17T14:03:40,c011,16,full,"O 9/21 usado em todos os batches do MAC foi escolhido por convenção, não por teste. Se o resultado dele for um pico isolado numa vizinhança de fracasso, o histórico inteiro do MAC neste projeto está contaminado por sorte de tuning. Se for um platô, a refutação da família fica mais forte: não é questão de calibrar melhor.
",RADL3.SA,2018-01-01,2024-01-01,MovingAverageCrossover,AtrStop,12,50,14,2.5,0.01,0.0,5,0.005812576731138774,0.0009833423291152332,0.11123240257072975,0.047669346894640606,0.029594002883482098,19,0.21052631578947367,3.7424086325560912,-0.12591333500120522,43.10526315789474,0.7846442028290987,0.10321161473952856,0.37378187117629175,0.4676448099535855,0.47814344541377185
mac_plateau-2026-08-17T14:03:40,c012,16,full,"O 9/21 usado em todos os batches do MAC foi escolhido por convenção, não por teste. Se o resultado dele for um pico isolado numa vizinhança de fracasso, o histórico inteiro do MAC neste projeto está contaminado por sorte de tuning. Se for um platô, a refutação da família fica mais forte: não é questão de calibrar melhor.
",PETR4.SA,2018-01-01,2024-01-01,MovingAverageCrossover,AtrStop,20,21,14,2.0,0.01,0.0,5,0.11423063712716752,0.018512039396911595,0.07559947920481339,0.4178206655502119,0.3140414486242956,79,0.46835443037974683,1.6440119016917059,14.4595743198945,15.367088607594937,5.1867600497107365,0.36212993108676206,0.6334388835850931,0.9050114594365248,0.8592563281880093
mac_plateau-2026-08-17T14:03:40,c012,16,full,"O 9/21 usado em todos os batches do MAC foi escolhido por convenção, não por teste. Se o resultado dele for um pico isolado numa vizinhança de fracasso, o histórico inteiro do MAC neste projeto está contaminado por sorte de tuning. Se for um platô, a refutação da família fica mais forte: não é questão de calibrar melhor.
",VALE3.SA,2018-01-01,2024-01-01,MovingAverageCrossover,AtrStop,20,21,14,2.0,0.01,0.0,5,0.19452053576259765,0.030601352736121523,0.06714186637052785,0.6707616099967658,0.5119755383443414,84,0.5,1.7518893546903083,23.181866229662653,13.5,1.8775846747896958,0.1963086966732437,0.4367130336290461,0.6556790786761694,0.6740443765577883
mac_plateau-2026-08-17T14:03:40,c012,16,full,"O 9/21 usado em todos os batches do MAC foi escolhido por convenção, não por teste. Se o resultado dele for um pico isolado numa vizinhança de fracasso, o histórico inteiro do MAC neste projeto está contaminado por sorte de tuning. Se for um platô, a refutação da família fica mais forte: não é questão de calibrar melhor.
",ITUB4.SA,2018-01-01,2024-01-01,MovingAverageCrossover,AtrStop,20,21,14,2.0,0.01,0.0,5,0.05222246772555095,0.008669904755374436,0.09547050718226603,0.253234230145974,0.19340505002790323,84,0.4166666666666667,1.4807755169893912,1.5768959590244935,11.535714285714286,0.5745376042707473,0.08002487612175924,0.44319126615785376,0.40050230087181465,0.4019545660938667
mac_plateau-2026-08-17T14:03:40,c012,16,full,"O 9/21 usado em todos os batches do MAC foi escolhido por convenção, não por teste. Se o resultado dele for um pico isolado numa vizinhança de fracasso, o histórico inteiro do MAC neste projeto está contaminado por sorte de tuning. Se for um platô, a refutação da família fica mais forte: não é questão de calibrar melhor.
",BBDC4.SA,2018-01-01,2024-01-01,MovingAverageCrossover,AtrStop,20,21,14,2.0,0.01,0.0,5,-0.019073638083839217,-0.003260478849527293,0.12901923028694343,-0.07348636852074858,-0.049654335138420595,78,0.44871794871794873,0.985923466683776,-5.841923986226861,10.871794871794872,0.1521753822292864,0.024312548978465465,0.5273596484434712,0.2487246847890184,0.24883284847324946
mac_plateau-2026-08-17T14:03:40,c012,16,full,"O 9/21 usado em todos os batches do MAC foi escolhido por convenção, não por teste. Se o resultado dele for um pico isolado numa vizinhança de fracasso, o histórico inteiro do MAC neste projeto está contaminado por sorte de tuning. Se for um platô, a refutação da família fica mais forte: não é questão de calibrar melhor.
",WEGE3.SA,2018-01-01,2024-01-01,MovingAverageCrossover,AtrStop,20,21,14,2.0,0.01,0.0,5,0.1343479372113825,0.021607392543016468,0.13023007853385138,0.42153430578030143,0.30087958413441807,89,0.43820224719101125,1.8794651325205676,12.41267614678249,11.584269662921349,3.1805712480912964,0.2745323420322794,0.49505722628962756,0.8468096447271207,0.8793642753696655
mac_plateau-2026-08-17T14:03:40,c012,16,full,"O 9/21 usado em todos os batches do MAC foi escolhido por convenção, não por teste. Se o resultado dele for um pico isolado numa vizinhança de fracasso, o histórico inteiro do MAC neste projeto está contaminado por sorte de tuning. Se for um platô, a refutação da família fica mais forte: não é questão de calibrar melhor.
",ABEV3.SA,2018-01-01,2024-01-01,MovingAverageCrossover,AtrStop,20,21,14,2.0,0.01,0.0,5,-0.03654375848292435,-0.006293376014473773,0.10537760829107642,-0.1602687821776405,-0.12001149938309053,78,0.4358974358974359,1.0052868061775933,-6.409703863726943,11.76923076923077,-0.20343780560544167,-0.03783720124404766,0.519311450588265,0.018256714487198213,0.018440625179170438
mac_plateau-2026-08-17T14:03:40,c012,16,full,"O 9/21 usado em todos os batches do MAC foi escolhido por convenção, não por teste. Se o resultado dele for um pico isolado numa vizinhança de fracasso, o histórico inteiro do MAC neste projeto está contaminado por sorte de tuning. Se for um platô, a refutação da família fica mais forte: não é questão de calibrar melhor.
",B3SA3.SA,2018-01-01,2024-01-01,MovingAverageCrossover,AtrStop,20,21,14,2.0,0.01,0.0,5,0.03042338757651919,0.005095294398897554,0.06767870383312435,0.1523335273045934,0.11606921200033993,93,0.43010752688172044,1.360943434570851,0.7823001851266731,10.580645161290322,1.3589340334991258,0.15666122822911133,0.5080759961997996,0.5599164888154703,0.5759033069907431
mac_plateau-2026-08-17T14:03:40,c012,16,full,"O 9/21 usado em todos os batches do MAC foi escolhido por convenção, não por teste. Se o resultado dele for um pico isolado numa vizinhança de fracasso, o histórico inteiro do MAC neste projeto está contaminado por sorte de tuning. Se for um platô, a refutação da família fica mais forte: não é questão de calibrar melhor.
",RENT3.SA,2018-01-01,2024-01-01,MovingAverageCrossover,AtrStop,20,21,14,2.0,0.01,0.0,5,0.05975994025091835,0.00989159457114197,0.07644961760248625,0.2911124730861877,0.2352872653273255,82,0.4634146341463415,1.4337064507241544,7.547210024505723,13.865853658536585,2.2054474162671514,0.21840031058590514,0.5788069676078467,0.6633285292131081,0.7007423316785011
mac_plateau-2026-08-17T14:03:40,c012,16,full,"O 9/21 usado em todos os batches do MAC foi escolhido por convenção, não por teste. Se o resultado dele for um pico isolado numa vizinhança de fracasso, o histórico inteiro do MAC neste projeto está contaminado por sorte de tuning. Se for um platô, a refutação da família fica mais forte: não é questão de calibrar melhor.
",SUZB3.SA,2018-01-01,2024-01-01,MovingAverageCrossover,AtrStop,20,21,14,2.0,0.01,0.0,5,0.2072662385531694,0.032457988659859494,0.05693797278366469,0.7231770566981326,0.592770192843179,87,0.4482758620689655,2.088203578271238,23.732889069000855,11.770114942528735,2.262852274052244,0.2220733487617721,0.5425050449625275,0.6954334740889121,0.7500215331137553
mac_plateau-2026-08-17T14:03:40,c012,16,full,"O 9/21 usado em todos os batches do MAC foi escolhido por convenção, não por teste. Se o resultado dele for um pico isolado numa vizinhança de fracasso, o histórico inteiro do MAC neste projeto está contaminado por sorte de tuning. Se for um platô, a refutação da família fica mais forte: não é questão de calibrar melhor.
",RADL3.SA,2018-01-01,2024-01-01,MovingAverageCrossover,AtrStop,20,21,14,2.0,0.01,0.0,5,0.005941356366898409,0.0010050751262351554,0.10951512739738772,0.045861357120346224,0.03427823609953514,110,0.4727272727272727,1.13657821771765,0.5401233060815549,8.845454545454546,0.7846442028290987,0.10321161473952856,0.37378187117629175,0.4676448099535855,0.47814344541377185
mac_plateau-2026-08-17T14:03:40,c013,16,full,"O 9/21 usado em todos os batches do MAC foi escolhido por convenção, não por teste. Se o resultado dele for um pico isolado numa vizinhança de fracasso, o histórico inteiro do MAC neste projeto está contaminado por sorte de tuning. Se for um platô, a refutação da família fica mais forte: não é questão de calibrar melhor.
",PETR4.SA,2018-01-01,2024-01-01,MovingAverageCrossover,AtrStop,20,21,14,2.5,0.01,0.0,5,0.08482602751224477,0.013903128656015173,0.0632195845292024,0.3839658974644578,0.28990430407549517,79,0.4810126582278481,1.510857549196397,10.737471836992938,15.670886075949367,5.1867600497107365,0.36212993108676206,0.6334388835850931,0.9050114594365248,0.8592563281880093
mac_plateau-2026-08-17T14:03:40,c013,16,full,"O 9/21 usado em todos os batches do MAC foi escolhido por convenção, não por teste. Se o resultado dele for um pico isolado numa vizinhança de fracasso, o histórico inteiro do MAC neste projeto está contaminado por sorte de tuning. Se for um platô, a refutação da família fica mais forte: não é questão de calibrar melhor.
",VALE3.SA,2018-01-01,2024-01-01,MovingAverageCrossover,AtrStop,20,21,14,2.5,0.01,0.0,5,0.14024579920877378,0.022506224439133415,0.059677560225255555,0.6053657872849497,0.46306282298368107,84,0.5,1.6497980289991692,16.71465150022729,13.678571428571429,1.8775846747896958,0.1963086966732437,0.4367130336290461,0.6556790786761694,0.6740443765577883
mac_plateau-2026-08-17T14:03:40,c013,16,full,"O 9/21 usado em todos os batches do MAC foi escolhido por convenção, não por teste. Se o resultado dele for um pico isolado numa vizinhança de fracasso, o histórico inteiro do MAC neste projeto está contaminado por sorte de tuning. Se for um platô, a refutação da família fica mais forte: não é questão de calibrar melhor.
",ITUB4.SA,2018-01-01,2024-01-01,MovingAverageCrossover,AtrStop,20,21,14,2.5,0.01,0.0,5,0.04080351357176526,0.006805178611397622,0.07514416861057585,0.2387928661153714,0.1857400188300991,84,0.4166666666666667,1.4741736344119323,1.1693047543856392,12.357142857142858,0.5745376042707473,0.08002487612175924,0.44319126615785376,0.40050230087181465,0.4019545660938667
mac_plateau-2026-08-17T14:03:40,c013,16,full,"O 9/21 usado em todos os batches do MAC foi escolhido por convenção, não por teste. Se o resultado dele for um pico isolado numa vizinhança de fracasso, o histórico inteiro do MAC neste projeto está contaminado por sorte de tuning. Se for um platô, a refutação da família fica mais forte: não é questão de calibrar melhor.
",BBDC4.SA,2018-01-01,2024-01-01,MovingAverageCrossover,AtrStop,20,21,14,2.5,0.01,0.0,5,0.029897616919349446,0.005008305940035207,0.0674777360234742,0.17666545785679952,0.13254449734400853,78,0.46153846153846156,1.219446497840987,0.9657800819555629,12.525641025641026,0.1521753822292864,0.024312548978465465,0.5273596484434712,0.2487246847890184,0.24883284847324946
mac_plateau-2026-08-17T14:03:40,c013,16,full,"O 9/21 usado em todos os batches do MAC foi escolhido por convenção, não por teste. Se o resultado dele for um pico isolado numa vizinhança de fracasso, o histórico inteiro do MAC neste projeto está contaminado por sorte de tuning. Se for um platô, a refutação da família fica mais forte: não é questão de calibrar melhor.
",WEGE3.SA,2018-01-01,2024-01-01,MovingAverageCrossover,AtrStop,20,21,14,2.5,0.01,0.0,5,0.1384467188586298,0.022232455315789323,0.10279851671787588,0.5144613168936722,0.3793298138332611,89,0.47191011235955055,1.8985841533093053,13.409732949956599,12.370786516853933,3.1805712480912964,0.2745323420322794,0.49505722628962756,0.8468096447271207,0.8793642753696655
mac_plateau-2026-08-17T14:03:40,c013,16,full,"O 9/21 usado em todos os batches do MAC foi escolhido por convenção, não por teste. Se o resultado dele for um pico isolado numa vizinhança de fracasso, o histórico inteiro do MAC neste projeto está contaminado por sorte de tuning. Se for um platô, a refutação da família fica mais forte: não é questão de calibrar melhor.
",ABEV3.SA,2018-01-01,2024-01-01,MovingAverageCrossover,AtrStop,20,21,14,2.5,0.01,0.0,5,-0.041034049996034105,-0.007080284906982093,0.09300376576305783,-0.23288139731964924,-0.17584477089492148,78,0.4358974358974359,0.9417571878157702,-6.637367473584923,12.166666666666666,-0.20343780560544167,-0.03783720124404766,0.519311450588265,0.018256714487198213,0.018440625179170438
mac_plateau-2026-08-17T14:03:40,c013,16,full,"O 9/21 usado em todos os batches do MAC foi escolhido por convenção, não por teste. Se o resultado dele for um pico isolado numa vizinhança de fracasso, o histórico inteiro do MAC neste projeto está contaminado por sorte de tuning. Se for um platô, a refutação da família fica mais forte: não é questão de calibrar melhor.
",B3SA3.SA,2018-01-01,2024-01-01,MovingAverageCrossover,AtrStop,20,21,14,2.5,0.01,0.0,5,0.025658120113522198,0.0043055327911494246,0.0550462146952419,0.15502732863694174,0.12022079844073436,93,0.43010752688172044,1.3691800398901477,0.7637613525899484,11.03225806451613,1.3589340334991258,0.15666122822911133,0.5080759961997996,0.5599164888154703,0.5759033069907431
mac_plateau-2026-08-17T14:03:40,c013,16,full,"O 9/21 usado em todos os batches do MAC foi escolhido por convenção, não por teste. Se o resultado dele for um pico isolado numa vizinhança de fracasso, o histórico inteiro do MAC neste projeto está contaminado por sorte de tuning. Se for um platô, a refutação da família fica mais forte: não é questão de calibrar melhor.
",RENT3.SA,2018-01-01,2024-01-01,MovingAverageCrossover,AtrStop,20,21,14,2.5,0.01,0.0,5,0.06904471867101658,0.011386611915926714,0.06662104915739205,0.39395309492266783,0.3307052365069911,82,0.4878048780487805,1.4131431186066568,8.627617589151003,14.75609756097561,2.2054474162671514,0.21840031058590514,0.5788069676078467,0.6633285292131081,0.7007423316785011
mac_plateau-2026-08-17T14:03:40,c013,16,full,"O 9/21 usado em todos os batches do MAC foi escolhido por convenção, não por teste. Se o resultado dele for um pico isolado numa vizinhança de fracasso, o histórico inteiro do MAC neste projeto está contaminado por sorte de tuning. Se for um platô, a refutação da família fica mais forte: não é questão de calibrar melhor.
",SUZB3.SA,2018-01-01,2024-01-01,MovingAverageCrossover,AtrStop,20,21,14,2.5,0.01,0.0,5,0.15421965514776392,0.02462052350401578,0.05565089589912447,0.6730099387197417,0.5597812224960531,87,0.45977011494252873,1.9217798289935117,17.65788644151946,12.310344827586206,2.262852274052244,0.2220733487617721,0.5425050449625275,0.6954334740889121,0.7500215331137553
mac_plateau-2026-08-17T14:03:40,c013,16,full,"O 9/21 usado em todos os batches do MAC foi escolhido por convenção, não por teste. Se o resultado dele for um pico isolado numa vizinhança de fracasso, o histórico inteiro do MAC neste projeto está contaminado por sorte de tuning. Se for um platô, a refutação da família fica mais forte: não é questão de calibrar melhor.
",RADL3.SA,2018-01-01,2024-01-01,MovingAverageCrossover,AtrStop,20,21,14,2.5,0.01,0.0,5,0.03190126150398109,0.005339610547899998,0.0721591309509989,0.1881342983573984,0.14778810778983534,110,0.4818181818181818,1.2130594562638537,2.900114682180075,9.818181818181818,0.7846442028290987,0.10321161473952856,0.37378187117629175,0.4676448099535855,0.47814344541377185
mac_plateau-2026-08-17T14:03:40,c014,16,full,"O 9/21 usado em todos os batches do MAC foi escolhido por convenção, não por teste. Se o resultado dele for um pico isolado numa vizinhança de fracasso, o histórico inteiro do MAC neste projeto está contaminado por sorte de tuning. Se for um platô, a refutação da família fica mais forte: não é questão de calibrar melhor.
",PETR4.SA,2018-01-01,2024-01-01,MovingAverageCrossover,AtrStop,20,50,14,2.0,0.01,0.0,5,0.050701229787444735,0.008422458308129821,0.04743975084393221,0.23645199843517967,0.14557184940404336,16,0.4375,1.9573640985230911,31.688268617153213,51.5,5.1867600497107365,0.36212993108676206,0.6334388835850931,0.9050114594365248,0.8592563281880093
mac_plateau-2026-08-17T14:03:40,c014,16,full,"O 9/21 usado em todos os batches do MAC foi escolhido por convenção, não por teste. Se o resultado dele for um pico isolado numa vizinhança de fracasso, o histórico inteiro do MAC neste projeto está contaminado por sorte de tuning. Se for um platô, a refutação da família fica mais forte: não é questão de calibrar melhor.
",VALE3.SA,2018-01-01,2024-01-01,MovingAverageCrossover,AtrStop,20,50,14,2.0,0.01,0.0,5,0.22746969030015163,0.035367895534363925,0.0504668154109523,0.7601478067154731,0.553296150964211,13,0.5384615384615384,3.295003273689701,151.20634569992546,76.92307692307692,1.8775846747896958,0.1963086966732437,0.4367130336290461,0.6556790786761694,0.6740443765577883
mac_plateau-2026-08-17T14:03:40,c014,16,full,"O 9/21 usado em todos os batches do MAC foi escolhido por convenção, não por teste. Se o resultado dele for um pico isolado numa vizinhança de fracasso, o histórico inteiro do MAC neste projeto está contaminado por sorte de tuning. Se for um platô, a refutação da família fica mais forte: não é questão de calibrar melhor.
",ITUB4.SA,2018-01-01,2024-01-01,MovingAverageCrossover,AtrStop,20,50,14,2.0,0.01,0.0,5,0.06872765405986647,0.011335736928068219,0.05583868231653127,0.3367120867941601,0.23476167867895098,14,0.42857142857142855,1.574768076148716,8.95920714084766,64.14285714285714,0.5745376042707473,0.08002487612175924,0.44319126615785376,0.40050230087181465,0.4019545660938667
mac_plateau-2026-08-17T14:03:40,c014,16,full,"O 9/21 usado em todos os batches do MAC foi escolhido por convenção, não por teste. Se o resultado dele for um pico isolado numa vizinhança de fracasso, o histórico inteiro do MAC neste projeto está contaminado por sorte de tuning. Se for um platô, a refutação da família fica mais forte: não é questão de calibrar melhor.
",BBDC4.SA,2018-01-01,2024-01-01,MovingAverageCrossover,AtrStop,20,50,14,2.0,0.01,0.0,5,0.017284722894189253,0.0029103739324207734,0.09360119592546151,0.10693848162632723,0.06225355613270298,15,0.26666666666666666,2.2685854760444553,-12.53889876932257,46.666666666666664,0.1521753822292864,0.024312548978465465,0.5273596484434712,0.2487246847890184,0.24883284847324946
mac_plateau-2026-08-17T14:03:40,c014,16,full,"O 9/21 usado em todos os batches do MAC foi escolhido por convenção, não por teste. Se o resultado dele for um pico isolado numa vizinhança de fracasso, o histórico inteiro do MAC neste projeto está contaminado por sorte de tuning. Se for um platô, a refutação da família fica mais forte: não é questão de calibrar melhor.
",WEGE3.SA,2018-01-01,2024-01-01,MovingAverageCrossover,AtrStop,20,50,14,2.0,0.01,0.0,5,0.2245164274729261,0.034945030261519294,0.14810989189734688,0.618439808004797,0.3971993779399357,14,0.5,3.670256775316063,147.88103552630807,74.07142857142857,3.1805712480912964,0.2745323420322794,0.49505722628962756,0.8468096447271207,0.8793642753696655
mac_plateau-2026-08-17T14:03:40,c014,16,full,"O 9/21 usado em todos os batches do MAC foi escolhido por convenção, não por teste. Se o resultado dele for um pico isolado numa vizinhança de fracasso, o histórico inteiro do MAC neste projeto está contaminado por sorte de tuning. Se for um platô, a refutação da família fica mais forte: não é questão de calibrar melhor.
",ABEV3.SA,2018-01-01,2024-01-01,MovingAverageCrossover,AtrStop,20,50,14,2.0,0.01,0.0,5,-0.01858825627897276,-0.003176856707801101,0.057360942742399654,-0.08627554981301636,-0.05239676131440411,14,0.35714285714285715,1.1147970155134193,-24.80715083395677,49.57142857142857,-0.20343780560544167,-0.03783720124404766,0.519311450588265,0.018256714487198213,0.018440625179170438
mac_plateau-2026-08-17T14:03:40,c014,16,full,"O 9/21 usado em todos os batches do MAC foi escolhido por convenção, não por teste. Se o resultado dele for um pico isolado numa vizinhança de fracasso, o histórico inteiro do MAC neste projeto está contaminado por sorte de tuning. Se for um platô, a refutação da família fica mais forte: não é questão de calibrar melhor.
",B3SA3.SA,2018-01-01,2024-01-01,MovingAverageCrossover,AtrStop,20,50,14,2.0,0.01,0.0,5,0.010770709621632957,0.001818411678993881,0.06373814286074912,0.08652133114124452,0.045623173372162394,12,0.25,2.8028395279060847,-4.796561076406381,41.916666666666664,1.3589340334991258,0.15666122822911133,0.5080759961997996,0.5599164888154703,0.5759033069907431
mac_plateau-2026-08-17T14:03:40,c014,16,full,"O 9/21 usado em todos os batches do MAC foi escolhido por convenção, não por teste. Se o resultado dele for um pico isolado numa vizinhança de fracasso, o histórico inteiro do MAC neste projeto está contaminado por sorte de tuning. Se for um platô, a refutação da família fica mais forte: não é questão de calibrar melhor.
",RENT3.SA,2018-01-01,2024-01-01,MovingAverageCrossover,AtrStop,20,50,14,2.0,0.01,0.0,5,0.10040902797901996,0.016358367715746835,0.059987000716071964,0.4451845271650337,0.3190289522576123,12,0.4166666666666667,3.032748681470663,73.39017741702575,95.08333333333333,2.2054474162671514,0.21840031058590514,0.5788069676078467,0.6633285292131081,0.7007423316785011
mac_plateau-2026-08-17T14:03:40,c014,16,full,"O 9/21 usado em todos os batches do MAC foi escolhido por convenção, não por teste. Se o resultado dele for um pico isolado numa vizinhança de fracasso, o histórico inteiro do MAC neste projeto está contaminado por sorte de tuning. Se for um platô, a refutação da família fica mais forte: não é questão de calibrar melhor.
",SUZB3.SA,2018-01-01,2024-01-01,MovingAverageCrossover,AtrStop,20,50,14,2.0,0.01,0.0,5,0.07201432282845355,0.011862496107836629,0.062384611523892665,0.3733477704018221,0.2465373657792728,14,0.42857142857142855,2.733956732628728,50.94374960625021,57.357142857142854,2.262852274052244,0.2220733487617721,0.5425050449625275,0.6954334740889121,0.7500215331137553
mac_plateau-2026-08-17T14:03:40,c014,16,full,"O 9/21 usado em todos os batches do MAC foi escolhido por convenção, não por teste. Se o resultado dele for um pico isolado numa vizinhança de fracasso, o histórico inteiro do MAC neste projeto está contaminado por sorte de tuning. Se for um platô, a refutação da família fica mais forte: não é questão de calibrar melhor.
",RADL3.SA,2018-01-01,2024-01-01,MovingAverageCrossover,AtrStop,20,50,14,2.0,0.01,0.0,5,0.04473820997979483,0.007449628253127116,0.07447716836257814,0.23137584319682805,0.15956460228314856,17,0.29411764705882354,3.2691726945057313,22.212311506690632,57.8235294117647,0.7846442028290987,0.10321161473952856,0.37378187117629175,0.4676448099535855,0.47814344541377185
mac_plateau-2026-08-17T14:03:40,c015,16,full,"O 9/21 usado em todos os batches do MAC foi escolhido por convenção, não por teste. Se o resultado dele for um pico isolado numa vizinhança de fracasso, o histórico inteiro do MAC neste projeto está contaminado por sorte de tuning. Se for um platô, a refutação da família fica mais forte: não é questão de calibrar melhor.
",PETR4.SA,2018-01-01,2024-01-01,MovingAverageCrossover,AtrStop,20,50,14,2.5,0.01,0.0,5,0.17125471335785014,0.02716943197551913,0.03679129234321402,0.7359824948560737,0.5576475387057886,15,0.5333333333333333,1.6105786830856912,39.399375852182644,64.8,5.1867600497107365,0.36212993108676206,0.6334388835850931,0.9050114594365248,0.8592563281880093
mac_plateau-2026-08-17T14:03:40,c015,16,full,"O 9/21 usado em todos os batches do MAC foi escolhido por convenção, não por teste. Se o resultado dele for um pico isolado numa vizinhança de fracasso, o histórico inteiro do MAC neste projeto está contaminado por sorte de tuning. Se for um platô, a refutação da família fica mais forte: não é questão de calibrar melhor.
",VALE3.SA,2018-01-01,2024-01-01,MovingAverageCrossover,AtrStop,20,50,14,2.5,0.01,0.0,5,0.16512117239286161,0.02625525551454877,0.044364805723731214,0.6965954841275827,0.5189570911150477,13,0.5384615384615384,2.6811041923195855,108.9684363634518,80.23076923076923,1.8775846747896958,0.1963086966732437,0.4367130336290461,0.6556790786761694,0.6740443765577883
mac_plateau-2026-08-17T14:03:40,c015,16,full,"O 9/21 usado em todos os batches do MAC foi escolhido por convenção, não por teste. Se o resultado dele for um pico isolado numa vizinhança de fracasso, o histórico inteiro do MAC neste projeto está contaminado por sorte de tuning. Se for um platô, a refutação da família fica mais forte: não é questão de calibrar melhor.
",ITUB4.SA,2018-01-01,2024-01-01,MovingAverageCrossover,AtrStop,20,50,14,2.5,0.01,0.0,5,0.04301981794228715,0.007168427397475696,0.04818397069363082,0.26419088147117814,0.18335974978388925,14,0.42857142857142855,1.3093489072084459,-0.8508171022144028,64.85714285714286,0.5745376042707473,0.08002487612175924,0.44319126615785376,0.40050230087181465,0.4019545660938667
mac_plateau-2026-08-17T14:03:40,c015,16,full,"O 9/21 usado em todos os batches do MAC foi escolhido por convenção, não por teste. Se o resultado dele for um pico isolado numa vizinhança de fracasso, o histórico inteiro do MAC neste projeto está contaminado por sorte de tuning. Se for um platô, a refutação da família fica mais forte: não é questão de calibrar melhor.
",BBDC4.SA,2018-01-01,2024-01-01,MovingAverageCrossover,AtrStop,20,50,14,2.5,0.01,0.0,5,-0.013472039738099517,-0.002297511435311983,0.09894502526015865,-0.07218352243455109,-0.04350159450160548,15,0.26666666666666666,1.7275670774992304,-27.72908998130162,52.6,0.1521753822292864,0.024312548978465465,0.5273596484434712,0.2487246847890184,0.24883284847324946
mac_plateau-2026-08-17T14:03:40,c015,16,full,"O 9/21 usado em todos os batches do MAC foi escolhido por convenção, não por teste. Se o resultado dele for um pico isolado numa vizinhança de fracasso, o histórico inteiro do MAC neste projeto está contaminado por sorte de tuning. Se for um platô, a refutação da família fica mais forte: não é questão de calibrar melhor.
",WEGE3.SA,2018-01-01,2024-01-01,MovingAverageCrossover,AtrStop,20,50,14,2.5,0.01,0.0,5,0.16863942329421833,0.026780122177027854,0.1222975627204547,0.5822093382871699,0.37791424555841857,14,0.5,3.295322933834607,110.86241387414611,76.21428571428571,3.1805712480912964,0.2745323420322794,0.49505722628962756,0.8468096447271207,0.8793642753696655
mac_plateau-2026-08-17T14:03:40,c015,16,full,"O 9/21 usado em todos os batches do MAC foi escolhido por convenção, não por teste. Se o resultado dele for um pico isolado numa vizinhança de fracasso, o histórico inteiro do MAC neste projeto está contaminado por sorte de tuning. Se for um platô, a refutação da família fica mais forte: não é questão de calibrar melhor.
",ABEV3.SA,2018-01-01,2024-01-01,MovingAverageCrossover,AtrStop,20,50,14,2.5,0.01,0.0,5,-0.03048605062371823,-0.005236594201917688,0.05703409441888205,-0.19403545310683665,-0.11641827109266277,14,0.35714285714285715,0.9180182076229443,-30.901484212301973,50.07142857142857,-0.20343780560544167,-0.03783720124404766,0.519311450588265,0.018256714487198213,0.018440625179170438
mac_plateau-2026-08-17T14:03:40,c015,16,full,"O 9/21 usado em todos os batches do MAC foi escolhido por convenção, não por teste. Se o resultado dele for um pico isolado numa vizinhança de fracasso, o histórico inteiro do MAC neste projeto está contaminado por sorte de tuning. Se for um platô, a refutação da família fica mais forte: não é questão de calibrar melhor.
",B3SA3.SA,2018-01-01,2024-01-01,MovingAverageCrossover,AtrStop,20,50,14,2.5,0.01,0.0,5,0.04792765776339358,0.00797053893538524,0.0562790194988006,0.3264037724697381,0.19720128968831982,12,0.3333333333333333,2.903214801007822,28.4812839829258,55.666666666666664,1.3589340334991258,0.15666122822911133,0.5080759961997996,0.5599164888154703,0.5759033069907431
mac_plateau-2026-08-17T14:03:40,c015,16,full,"O 9/21 usado em todos os batches do MAC foi escolhido por convenção, não por teste. Se o resultado dele for um pico isolado numa vizinhança de fracasso, o histórico inteiro do MAC neste projeto está contaminado por sorte de tuning. Se for um platô, a refutação da família fica mais forte: não é questão de calibrar melhor.
",RENT3.SA,2018-01-01,2024-01-01,MovingAverageCrossover,AtrStop,20,50,14,2.5,0.01,0.0,5,0.08261674082440651,0.013552669259268901,0.048989456129770834,0.45217756516826185,0.32757532571645814,12,0.5,2.212215727715925,60.84860758051203,97.58333333333333,2.2054474162671514,0.21840031058590514,0.5788069676078467,0.6633285292131081,0.7007423316785011
mac_plateau-2026-08-17T14:03:40,c015,16,full,"O 9/21 usado em todos os batches do MAC foi escolhido por convenção, não por teste. Se o resultado dele for um pico isolado numa vizinhança de fracasso, o histórico inteiro do MAC neste projeto está contaminado por sorte de tuning. Se for um platô, a refutação da família fica mais forte: não é questão de calibrar melhor.
",SUZB3.SA,2018-01-01,2024-01-01,MovingAverageCrossover,AtrStop,20,50,14,2.5,0.01,0.0,5,0.048645762655366465,0.008087640478565916,0.05791328748693559,0.31482658658792717,0.20746490032365314,14,0.42857142857142855,2.3492423638884836,34.36083244228424,57.57142857142857,2.262852274052244,0.2220733487617721,0.5425050449625275,0.6954334740889121,0.7500215331137553
mac_plateau-2026-08-17T14:03:40,c015,16,full,"O 9/21 usado em todos os batches do MAC foi escolhido por convenção, não por teste. Se o resultado dele for um pico isolado numa vizinhança de fracasso, o histórico inteiro do MAC neste projeto está contaminado por sorte de tuning. Se for um platô, a refutação da família fica mais forte: não é questão de calibrar melhor.
",RADL3.SA,2018-01-01,2024-01-01,MovingAverageCrossover,AtrStop,20,50,14,2.5,0.01,0.0,5,0.06823310470583555,0.011256358382683684,0.06028109101295951,0.3933061441600643,0.28660727441879114,17,0.35294117647058826,3.2860880433496287,36.795061727382546,66.17647058823529,0.7846442028290987,0.10321161473952856,0.37378187117629175,0.4676448099535855,0.47814344541377185
