run_id,window,chosen_combo_id,sweep_id,combo_id,n_combos,train_test,hypothesis,ticker,start,end,strategy,stop,param_fast_window,param_slow_window,param_period,param_multiplier,risk_pct,brokerage,slippage_bps,total_return,annualized_return,max_drawdown,sharpe,sortino,num_trades,win_rate,avg_payoff,expectancy,avg_holding_days,benchmark_total_return,benchmark_annualized_return,benchmark_max_drawdown,benchmark_sharpe,benchmark_sortino
mac_walkforward-2026-08-17T14:17:31,0,c008,mac_walkforward-2026-08-17T14:17:31-w0-train,c000,16,train,"Escolher os parâmetros do MAC pelo melhor Sharpe de cada janela de treino e aplicá-los na janela seguinte intocada. Duas perguntas: (1) a escolha é estável entre janelas ou cada período elege um parâmetro diferente — o que já seria veredicto negativo sozinho; (2) quanto do retorno in-sample sobrevive out-of-sample (WFE).
",PETR4.SA,2018-01-01,2020-12-31,MovingAverageCrossover,AtrStop,5,21,14,2.0,0.01,0.0,5.0,0.06098648087438674,0.02033651898895128,0.05568477061819313,0.452518008625015,0.3516388869084428,24,0.4583333333333333,1.4275065896685086,9.531198913983475,24.0,0.8454101484955909,0.23166651221330214,0.6334389595560723,0.6682337426994381,0.6380948190749378
mac_walkforward-2026-08-17T14:17:31,0,c008,mac_walkforward-2026-08-17T14:17:31-w0-train,c000,16,train,"Escolher os parâmetros do MAC pelo melhor Sharpe de cada janela de treino e aplicá-los na janela seguinte intocada. Duas perguntas: (1) a escolha é estável entre janelas ou cada período elege um parâmetro diferente — o que já seria veredicto negativo sozinho; (2) quanto do retorno in-sample sobrevive out-of-sample (WFE).
",VALE3.SA,2018-01-01,2020-12-31,MovingAverageCrossover,AtrStop,5,21,14,2.0,0.01,0.0,5.0,0.1065468265900793,0.035030842333025225,0.049659822302050065,0.8240425901546499,0.6303781234607199,18,0.5,1.4242027252950495,17.81318270216694,34.22222222222222,1.3299203300027318,0.3332933355999199,0.43671319769105915,0.8815399015428006,0.8869369947122574
mac_walkforward-2026-08-17T14:17:31,0,c008,mac_walkforward-2026-08-17T14:17:31-w0-train,c000,16,train,"Escolher os parâmetros do MAC pelo melhor Sharpe de cada janela de treino e aplicá-los na janela seguinte intocada. Duas perguntas: (1) a escolha é estável entre janelas ou cada período elege um parâmetro diferente — o que já seria veredicto negativo sozinho; (2) quanto do retorno in-sample sobrevive out-of-sample (WFE).
",ITUB4.SA,2018-01-01,2020-12-31,MovingAverageCrossover,AtrStop,5,21,14,2.0,0.01,0.0,5.0,0.02901238017147434,0.009773594318023271,0.07477326655654544,0.27569780188080295,0.20925486398996787,21,0.42857142857142855,1.059416949149296,-9.467144182089694,21.19047619047619,0.2990652166537997,0.09305930430252318,0.44319133495797625,0.4275422812668474,0.4373487411725101
mac_walkforward-2026-08-17T14:17:31,0,c008,mac_walkforward-2026-08-17T14:17:31-w0-train,c000,16,train,"Escolher os parâmetros do MAC pelo melhor Sharpe de cada janela de treino e aplicá-los na janela seguinte intocada. Duas perguntas: (1) a escolha é estável entre janelas ou cada período elege um parâmetro diferente — o que já seria veredicto negativo sozinho; (2) quanto do retorno in-sample sobrevive out-of-sample (WFE).
",BBDC4.SA,2018-01-01,2020-12-31,MovingAverageCrossover,AtrStop,5,21,14,2.0,0.01,0.0,5.0,0.07376320380130008,0.02449866917989385,0.04692287441824891,0.6476894185107522,0.51094894863777,19,0.42105263157894735,2.2699683437180966,24.822529581024067,25.42105263157895,0.2710986779510052,0.08499912102138785,0.5273591075996285,0.4032463029748291,0.416719461088104
mac_walkforward-2026-08-17T14:17:31,0,c008,mac_walkforward-2026-08-17T14:17:31-w0-train,c000,16,train,"Escolher os parâmetros do MAC pelo melhor Sharpe de cada janela de treino e aplicá-los na janela seguinte intocada. Duas perguntas: (1) a escolha é estável entre janelas ou cada período elege um parâmetro diferente — o que já seria veredicto negativo sozinho; (2) quanto do retorno in-sample sobrevive out-of-sample (WFE).
",WEGE3.SA,2018-01-01,2020-12-31,MovingAverageCrossover,AtrStop,5,21,14,2.0,0.01,0.0,5.0,0.2775458772891948,0.08686755665459578,0.05843879391926417,1.4796381349753067,1.1819420283558686,20,0.45,6.698482323063451,139.02640607406548,31.8,3.099627292890071,0.6157817654292959,0.46659935014370946,1.4023917637339827,1.3677758192091742
mac_walkforward-2026-08-17T14:17:31,0,c008,mac_walkforward-2026-08-17T14:17:31-w0-train,c000,16,train,"Escolher os parâmetros do MAC pelo melhor Sharpe de cada janela de treino e aplicá-los na janela seguinte intocada. Duas perguntas: (1) a escolha é estável entre janelas ou cada período elege um parâmetro diferente — o que já seria veredicto negativo sozinho; (2) quanto do retorno in-sample sobrevive out-of-sample (WFE).
",ABEV3.SA,2018-01-01,2020-12-31,MovingAverageCrossover,AtrStop,5,21,14,2.0,0.01,0.0,5.0,-0.018194758526764776,-0.0062252177364215955,0.051846924419537865,-0.17075371949610377,-0.11992283726458046,18,0.3333333333333333,1.31103229353211,-16.32955822185133,27.166666666666668,-0.21484674490833644,-0.07896527920004814,0.5193115087911396,-0.07904947911044154,-0.07815419963759383
mac_walkforward-2026-08-17T14:17:31,0,c008,mac_walkforward-2026-08-17T14:17:31-w0-train,c000,16,train,"Escolher os parâmetros do MAC pelo melhor Sharpe de cada janela de treino e aplicá-los na janela seguinte intocada. Duas perguntas: (1) a escolha é estável entre janelas ou cada período elege um parâmetro diferente — o que já seria veredicto negativo sozinho; (2) quanto do retorno in-sample sobrevive out-of-sample (WFE).
",B3SA3.SA,2018-01-01,2020-12-31,MovingAverageCrossover,AtrStop,5,21,14,2.0,0.01,0.0,5.0,0.10312616731636925,0.033941613428288386,0.03831491824772199,0.8117694702036379,0.6292122141307269,19,0.47368421052631576,2.198163375467187,43.51322551402849,29.36842105263158,1.964661146986967,0.4471373000105332,0.42679733695243394,1.076700327079813,1.1124940366527623
mac_walkforward-2026-08-17T14:17:31,0,c008,mac_walkforward-2026-08-17T14:17:31-w0-train,c000,16,train,"Escolher os parâmetros do MAC pelo melhor Sharpe de cada janela de treino e aplicá-los na janela seguinte intocada. Duas perguntas: (1) a escolha é estável entre janelas ou cada período elege um parâmetro diferente — o que já seria veredicto negativo sozinho; (2) quanto do retorno in-sample sobrevive out-of-sample (WFE).
",RENT3.SA,2018-01-01,2020-12-31,MovingAverageCrossover,AtrStop,5,21,14,2.0,0.01,0.0,5.0,0.1984918225386605,0.06351175067519654,0.035371368102145535,1.461976528114328,1.390482468577077,16,0.4375,5.843672719549109,119.06190591116214,45.5625,2.268939394596165,0.4960289158043587,0.5788071086564944,1.0350061630518586,1.0845976784009492
mac_walkforward-2026-08-17T14:17:31,0,c008,mac_walkforward-2026-08-17T14:17:31-w0-train,c000,16,train,"Escolher os parâmetros do MAC pelo melhor Sharpe de cada janela de treino e aplicá-los na janela seguinte intocada. Duas perguntas: (1) a escolha é estável entre janelas ou cada período elege um parâmetro diferente — o que já seria veredicto negativo sozinho; (2) quanto do retorno in-sample sobrevive out-of-sample (WFE).
",SUZB3.SA,2018-01-01,2020-12-31,MovingAverageCrossover,AtrStop,5,21,14,2.0,0.01,0.0,5.0,0.11146539529129962,0.03659315769475269,0.10115246550658648,0.6555462411996605,0.5624571645710367,23,0.391304347826087,2.9316811879560825,44.10565745920359,24.82608695652174,2.1633172757106505,0.4794116469980523,0.5425050855314355,1.044381702835388,1.13597645319587
mac_walkforward-2026-08-17T14:17:31,0,c008,mac_walkforward-2026-08-17T14:17:31-w0-train,c000,16,train,"Escolher os parâmetros do MAC pelo melhor Sharpe de cada janela de treino e aplicá-los na janela seguinte intocada. Duas perguntas: (1) a escolha é estável entre janelas ou cada período elege um parâmetro diferente — o que já seria veredicto negativo sozinho; (2) quanto do retorno in-sample sobrevive out-of-sample (WFE).
",RADL3.SA,2018-01-01,2020-12-31,MovingAverageCrossover,AtrStop,5,21,14,2.0,0.01,0.0,5.0,0.02135570752241489,0.0072120894842369054,0.04995468297581295,0.19333319023990292,0.1543950918893586,24,0.2916666666666667,3.073029891243513,11.320422612443444,23.291666666666668,0.4157875476822177,0.12551574962166634,0.37378174741142406,0.5137071191239666,0.5292834319481969
mac_walkforward-2026-08-17T14:17:31,0,c008,mac_walkforward-2026-08-17T14:17:31-w0-train,c001,16,train,"Escolher os parâmetros do MAC pelo melhor Sharpe de cada janela de treino e aplicá-los na janela seguinte intocada. Duas perguntas: (1) a escolha é estável entre janelas ou cada período elege um parâmetro diferente — o que já seria veredicto negativo sozinho; (2) quanto do retorno in-sample sobrevive out-of-sample (WFE).
",PETR4.SA,2018-01-01,2020-12-31,MovingAverageCrossover,AtrStop,5,21,14,2.5,0.01,0.0,5.0,0.049733676149214645,0.016643318990191114,0.04500358509811427,0.4566100125174144,0.3561496963742178,24,0.4583333333333333,1.4458539000891037,8.048318521209362,24.125,0.8454101484955909,0.23166651221330214,0.6334389595560723,0.6682337426994381,0.6380948190749378
mac_walkforward-2026-08-17T14:17:31,0,c008,mac_walkforward-2026-08-17T14:17:31-w0-train,c001,16,train,"Escolher os parâmetros do MAC pelo melhor Sharpe de cada janela de treino e aplicá-los na janela seguinte intocada. Duas perguntas: (1) a escolha é estável entre janelas ou cada período elege um parâmetro diferente — o que já seria veredicto negativo sozinho; (2) quanto do retorno in-sample sobrevive out-of-sample (WFE).
",VALE3.SA,2018-01-01,2020-12-31,MovingAverageCrossover,AtrStop,5,21,14,2.5,0.01,0.0,5.0,0.07538896074659807,0.025025928169883027,0.0437846166021452,0.7305738121562487,0.5594911683656275,18,0.5,1.2356305425925147,9.091455084592907,34.666666666666664,1.3299203300027318,0.3332933355999199,0.43671319769105915,0.8815399015428006,0.8869369947122574
mac_walkforward-2026-08-17T14:17:31,0,c008,mac_walkforward-2026-08-17T14:17:31-w0-train,c001,16,train,"Escolher os parâmetros do MAC pelo melhor Sharpe de cada janela de treino e aplicá-los na janela seguinte intocada. Duas perguntas: (1) a escolha é estável entre janelas ou cada período elege um parâmetro diferente — o que já seria veredicto negativo sozinho; (2) quanto do retorno in-sample sobrevive out-of-sample (WFE).
",ITUB4.SA,2018-01-01,2020-12-31,MovingAverageCrossover,AtrStop,5,21,14,2.5,0.01,0.0,5.0,0.02417480726880772,0.008156675646994183,0.05962235980415538,0.2828745240019322,0.21679151678117348,21,0.42857142857142855,1.0715907116336596,-7.160341749709072,21.523809523809526,0.2990652166537997,0.09305930430252318,0.44319133495797625,0.4275422812668474,0.4373487411725101
mac_walkforward-2026-08-17T14:17:31,0,c008,mac_walkforward-2026-08-17T14:17:31-w0-train,c001,16,train,"Escolher os parâmetros do MAC pelo melhor Sharpe de cada janela de treino e aplicá-los na janela seguinte intocada. Duas perguntas: (1) a escolha é estável entre janelas ou cada período elege um parâmetro diferente — o que já seria veredicto negativo sozinho; (2) quanto do retorno in-sample sobrevive out-of-sample (WFE).
",BBDC4.SA,2018-01-01,2020-12-31,MovingAverageCrossover,AtrStop,5,21,14,2.5,0.01,0.0,5.0,0.0526130607014077,0.017590818155911903,0.0395975974078397,0.5724942304358971,0.4560959129915338,19,0.42105263157894735,2.062455015026283,16.70026609381613,26.31578947368421,0.2710986779510052,0.08499912102138785,0.5273591075996285,0.4032463029748291,0.416719461088104
mac_walkforward-2026-08-17T14:17:31,0,c008,mac_walkforward-2026-08-17T14:17:31-w0-train,c001,16,train,"Escolher os parâmetros do MAC pelo melhor Sharpe de cada janela de treino e aplicá-los na janela seguinte intocada. Duas perguntas: (1) a escolha é estável entre janelas ou cada período elege um parâmetro diferente — o que já seria veredicto negativo sozinho; (2) quanto do retorno in-sample sobrevive out-of-sample (WFE).
",WEGE3.SA,2018-01-01,2020-12-31,MovingAverageCrossover,AtrStop,5,21,14,2.5,0.01,0.0,5.0,0.2173298811015083,0.06916745786060607,0.04745227051778026,1.4683658409264586,1.1811554660963215,20,0.45,6.528210703300825,108.8572261869025,32.1,3.099627292890071,0.6157817654292959,0.46659935014370946,1.4023917637339827,1.3677758192091742
mac_walkforward-2026-08-17T14:17:31,0,c008,mac_walkforward-2026-08-17T14:17:31-w0-train,c001,16,train,"Escolher os parâmetros do MAC pelo melhor Sharpe de cada janela de treino e aplicá-los na janela seguinte intocada. Duas perguntas: (1) a escolha é estável entre janelas ou cada período elege um parâmetro diferente — o que já seria veredicto negativo sozinho; (2) quanto do retorno in-sample sobrevive out-of-sample (WFE).
",ABEV3.SA,2018-01-01,2020-12-31,MovingAverageCrossover,AtrStop,5,21,14,2.5,0.01,0.0,5.0,-0.013149627756267379,-0.004491483648584094,0.04666538475594911,-0.15412219753865997,-0.11008813771790193,18,0.3333333333333333,1.338596968917438,-12.310502267119135,27.72222222222222,-0.21484674490833644,-0.07896527920004814,0.5193115087911396,-0.07904947911044154,-0.07815419963759383
mac_walkforward-2026-08-17T14:17:31,0,c008,mac_walkforward-2026-08-17T14:17:31-w0-train,c001,16,train,"Escolher os parâmetros do MAC pelo melhor Sharpe de cada janela de treino e aplicá-los na janela seguinte intocada. Duas perguntas: (1) a escolha é estável entre janelas ou cada período elege um parâmetro diferente — o que já seria veredicto negativo sozinho; (2) quanto do retorno in-sample sobrevive out-of-sample (WFE).
",B3SA3.SA,2018-01-01,2020-12-31,MovingAverageCrossover,AtrStop,5,21,14,2.5,0.01,0.0,5.0,0.08234516796681302,0.027276016151445814,0.031400385996475495,0.8038550063952584,0.6346122866152989,19,0.47368421052631576,2.217569291523095,34.906144009563256,30.736842105263158,1.964661146986967,0.4471373000105332,0.42679733695243394,1.076700327079813,1.1124940366527623
mac_walkforward-2026-08-17T14:17:31,0,c008,mac_walkforward-2026-08-17T14:17:31-w0-train,c001,16,train,"Escolher os parâmetros do MAC pelo melhor Sharpe de cada janela de treino e aplicá-los na janela seguinte intocada. Duas perguntas: (1) a escolha é estável entre janelas ou cada período elege um parâmetro diferente — o que já seria veredicto negativo sozinho; (2) quanto do retorno in-sample sobrevive out-of-sample (WFE).
",RENT3.SA,2018-01-01,2020-12-31,MovingAverageCrossover,AtrStop,5,21,14,2.5,0.01,0.0,5.0,0.14866942186236232,0.04826526292488742,0.03040070969995035,1.399459565500926,1.341953386464534,16,0.4375,5.126847619643359,89.08851822942512,46.125,2.268939394596165,0.4960289158043587,0.5788071086564944,1.0350061630518586,1.0845976784009492
mac_walkforward-2026-08-17T14:17:31,0,c008,mac_walkforward-2026-08-17T14:17:31-w0-train,c001,16,train,"Escolher os parâmetros do MAC pelo melhor Sharpe de cada janela de treino e aplicá-los na janela seguinte intocada. Duas perguntas: (1) a escolha é estável entre janelas ou cada período elege um parâmetro diferente — o que já seria veredicto negativo sozinho; (2) quanto do retorno in-sample sobrevive out-of-sample (WFE).
",SUZB3.SA,2018-01-01,2020-12-31,MovingAverageCrossover,AtrStop,5,21,14,2.5,0.01,0.0,5.0,0.09240832158147039,0.030514265237796767,0.07922927682473946,0.6723117853292389,0.5799138494123904,23,0.391304347826087,3.075702403600125,36.773189024847696,25.347826086956523,2.1633172757106505,0.4794116469980523,0.5425050855314355,1.044381702835388,1.13597645319587
mac_walkforward-2026-08-17T14:17:31,0,c008,mac_walkforward-2026-08-17T14:17:31-w0-train,c001,16,train,"Escolher os parâmetros do MAC pelo melhor Sharpe de cada janela de treino e aplicá-los na janela seguinte intocada. Duas perguntas: (1) a escolha é estável entre janelas ou cada período elege um parâmetro diferente — o que já seria veredicto negativo sozinho; (2) quanto do retorno in-sample sobrevive out-of-sample (WFE).
",RADL3.SA,2018-01-01,2020-12-31,MovingAverageCrossover,AtrStop,5,21,14,2.5,0.01,0.0,5.0,0.012385952932781441,0.00419512912786546,0.04311912709581657,0.14123846731982878,0.11225604089507504,24,0.2916666666666667,2.9085233298764552,7.0985826378087795,23.458333333333332,0.4157875476822177,0.12551574962166634,0.37378174741142406,0.5137071191239666,0.5292834319481969
mac_walkforward-2026-08-17T14:17:31,0,c008,mac_walkforward-2026-08-17T14:17:31-w0-train,c002,16,train,"Escolher os parâmetros do MAC pelo melhor Sharpe de cada janela de treino e aplicá-los na janela seguinte intocada. Duas perguntas: (1) a escolha é estável entre janelas ou cada período elege um parâmetro diferente — o que já seria veredicto negativo sozinho; (2) quanto do retorno in-sample sobrevive out-of-sample (WFE).
",PETR4.SA,2018-01-01,2020-12-31,MovingAverageCrossover,AtrStop,5,50,14,2.0,0.01,0.0,5.0,0.04269075438028391,0.01431850278036828,0.06781120652200319,0.33347006807531837,0.2530722340367286,11,0.36363636363636365,2.186353313884882,13.678789281292346,52.81818181818182,0.8454101484955909,0.23166651221330214,0.6334389595560723,0.6682337426994381,0.6380948190749378
mac_walkforward-2026-08-17T14:17:31,0,c008,mac_walkforward-2026-08-17T14:17:31-w0-train,c002,16,train,"Escolher os parâmetros do MAC pelo melhor Sharpe de cada janela de treino e aplicá-los na janela seguinte intocada. Duas perguntas: (1) a escolha é estável entre janelas ou cada período elege um parâmetro diferente — o que já seria veredicto negativo sozinho; (2) quanto do retorno in-sample sobrevive out-of-sample (WFE).
",VALE3.SA,2018-01-01,2020-12-31,MovingAverageCrossover,AtrStop,5,50,14,2.0,0.01,0.0,5.0,0.08132745568636524,0.026947419218436686,0.08795959081241564,0.5990466234049499,0.4398574616841586,14,0.35714285714285715,1.8349263486408063,0.9381738890286563,39.142857142857146,1.3299203300027318,0.3332933355999199,0.43671319769105915,0.8815399015428006,0.8869369947122574
mac_walkforward-2026-08-17T14:17:31,0,c008,mac_walkforward-2026-08-17T14:17:31-w0-train,c002,16,train,"Escolher os parâmetros do MAC pelo melhor Sharpe de cada janela de treino e aplicá-los na janela seguinte intocada. Duas perguntas: (1) a escolha é estável entre janelas ou cada período elege um parâmetro diferente — o que já seria veredicto negativo sozinho; (2) quanto do retorno in-sample sobrevive out-of-sample (WFE).
",ITUB4.SA,2018-01-01,2020-12-31,MovingAverageCrossover,AtrStop,5,50,14,2.0,0.01,0.0,5.0,-0.0028747326663310924,-0.0009785706939853256,0.05907272793051341,-0.008331601125108582,-0.005576455226051759,12,0.25,2.863258813621996,-2.395610555275814,38.0,0.2990652166537997,0.09305930430252318,0.44319133495797625,0.4275422812668474,0.4373487411725101
mac_walkforward-2026-08-17T14:17:31,0,c008,mac_walkforward-2026-08-17T14:17:31-w0-train,c002,16,train,"Escolher os parâmetros do MAC pelo melhor Sharpe de cada janela de treino e aplicá-los na janela seguinte intocada. Duas perguntas: (1) a escolha é estável entre janelas ou cada período elege um parâmetro diferente — o que já seria veredicto negativo sozinho; (2) quanto do retorno in-sample sobrevive out-of-sample (WFE).
",BBDC4.SA,2018-01-01,2020-12-31,MovingAverageCrossover,AtrStop,5,50,14,2.0,0.01,0.0,5.0,0.06943659526211232,0.023092909338991108,0.043741372936118884,0.612928863170635,0.44984716386241463,10,0.3,4.057875360918835,33.56155910229903,45.6,0.2710986779510052,0.08499912102138785,0.5273591075996285,0.4032463029748291,0.416719461088104
mac_walkforward-2026-08-17T14:17:31,0,c008,mac_walkforward-2026-08-17T14:17:31-w0-train,c002,16,train,"Escolher os parâmetros do MAC pelo melhor Sharpe de cada janela de treino e aplicá-los na janela seguinte intocada. Duas perguntas: (1) a escolha é estável entre janelas ou cada período elege um parâmetro diferente — o que já seria veredicto negativo sozinho; (2) quanto do retorno in-sample sobrevive out-of-sample (WFE).
",WEGE3.SA,2018-01-01,2020-12-31,MovingAverageCrossover,AtrStop,5,50,14,2.0,0.01,0.0,5.0,0.17369139362235586,0.055975798061612014,0.11974179713138591,0.7761803347238485,0.5715516730306114,12,0.5,4.473485097022377,144.7428280186299,56.166666666666664,3.099627292890071,0.6157817654292959,0.46659935014370946,1.4023917637339827,1.3677758192091742
mac_walkforward-2026-08-17T14:17:31,0,c008,mac_walkforward-2026-08-17T14:17:31-w0-train,c002,16,train,"Escolher os parâmetros do MAC pelo melhor Sharpe de cada janela de treino e aplicá-los na janela seguinte intocada. Duas perguntas: (1) a escolha é estável entre janelas ou cada período elege um parâmetro diferente — o que já seria veredicto negativo sozinho; (2) quanto do retorno in-sample sobrevive out-of-sample (WFE).
",ABEV3.SA,2018-01-01,2020-12-31,MovingAverageCrossover,AtrStop,5,50,14,2.0,0.01,0.0,5.0,0.0019377922760905886,0.0006585853673288788,0.03560279573406712,0.03646438128654091,0.02268168599230716,8,0.25,1.654622185865271,-20.72170836728194,42.125,-0.21484674490833644,-0.07896527920004814,0.5193115087911396,-0.07904947911044154,-0.07815419963759383
mac_walkforward-2026-08-17T14:17:31,0,c008,mac_walkforward-2026-08-17T14:17:31-w0-train,c002,16,train,"Escolher os parâmetros do MAC pelo melhor Sharpe de cada janela de treino e aplicá-los na janela seguinte intocada. Duas perguntas: (1) a escolha é estável entre janelas ou cada período elege um parâmetro diferente — o que já seria veredicto negativo sozinho; (2) quanto do retorno in-sample sobrevive out-of-sample (WFE).
",B3SA3.SA,2018-01-01,2020-12-31,MovingAverageCrossover,AtrStop,5,50,14,2.0,0.01,0.0,5.0,0.12856581365952402,0.041989627938138874,0.02829470490717807,0.9761224415819713,0.7805036737001294,9,0.5555555555555556,3.9180963226109666,126.04134113017062,65.0,1.964661146986967,0.4471373000105332,0.42679733695243394,1.076700327079813,1.1124940366527623
mac_walkforward-2026-08-17T14:17:31,0,c008,mac_walkforward-2026-08-17T14:17:31-w0-train,c002,16,train,"Escolher os parâmetros do MAC pelo melhor Sharpe de cada janela de treino e aplicá-los na janela seguinte intocada. Duas perguntas: (1) a escolha é estável entre janelas ou cada período elege um parâmetro diferente — o que já seria veredicto negativo sozinho; (2) quanto do retorno in-sample sobrevive out-of-sample (WFE).
",RENT3.SA,2018-01-01,2020-12-31,MovingAverageCrossover,AtrStop,5,50,14,2.0,0.01,0.0,5.0,0.17364954935742638,0.05596299471716182,0.02507949170684148,1.4960100603354443,1.2803210702628505,5,0.8,4.35419750548027,331.8176298090796,130.2,2.268939394596165,0.4960289158043587,0.5788071086564944,1.0350061630518586,1.0845976784009492
mac_walkforward-2026-08-17T14:17:31,0,c008,mac_walkforward-2026-08-17T14:17:31-w0-train,c002,16,train,"Escolher os parâmetros do MAC pelo melhor Sharpe de cada janela de treino e aplicá-los na janela seguinte intocada. Duas perguntas: (1) a escolha é estável entre janelas ou cada período elege um parâmetro diferente — o que já seria veredicto negativo sozinho; (2) quanto do retorno in-sample sobrevive out-of-sample (WFE).
",SUZB3.SA,2018-01-01,2020-12-31,MovingAverageCrossover,AtrStop,5,50,14,2.0,0.01,0.0,5.0,0.0646794465010343,0.021542923826809224,0.03421484470402557,0.6237557977829067,0.446010118176914,11,0.2727272727272727,5.780924221813891,36.37373093153778,31.545454545454547,2.1633172757106505,0.4794116469980523,0.5425050855314355,1.044381702835388,1.13597645319587
mac_walkforward-2026-08-17T14:17:31,0,c008,mac_walkforward-2026-08-17T14:17:31-w0-train,c002,16,train,"Escolher os parâmetros do MAC pelo melhor Sharpe de cada janela de treino e aplicá-los na janela seguinte intocada. Duas perguntas: (1) a escolha é estável entre janelas ou cada período elege um parâmetro diferente — o que já seria veredicto negativo sozinho; (2) quanto do retorno in-sample sobrevive out-of-sample (WFE).
",RADL3.SA,2018-01-01,2020-12-31,MovingAverageCrossover,AtrStop,5,50,14,2.0,0.01,0.0,5.0,0.039301100224394814,0.01319590808562543,0.047005437302817414,0.3214860353566317,0.24308664479850003,10,0.3,3.985726657760775,39.3011002243947,54.9,0.4157875476822177,0.12551574962166634,0.37378174741142406,0.5137071191239666,0.5292834319481969
mac_walkforward-2026-08-17T14:17:31,0,c008,mac_walkforward-2026-08-17T14:17:31-w0-train,c003,16,train,"Escolher os parâmetros do MAC pelo melhor Sharpe de cada janela de treino e aplicá-los na janela seguinte intocada. Duas perguntas: (1) a escolha é estável entre janelas ou cada período elege um parâmetro diferente — o que já seria veredicto negativo sozinho; (2) quanto do retorno in-sample sobrevive out-of-sample (WFE).
",PETR4.SA,2018-01-01,2020-12-31,MovingAverageCrossover,AtrStop,5,50,14,2.5,0.01,0.0,5.0,0.034619023190688214,0.011641304631754279,0.0544929730151803,0.32943399657719524,0.2482146988317799,11,0.36363636363636365,2.2065341424518805,11.367049321816602,53.36363636363637,0.8454101484955909,0.23166651221330214,0.6334389595560723,0.6682337426994381,0.6380948190749378
mac_walkforward-2026-08-17T14:17:31,0,c008,mac_walkforward-2026-08-17T14:17:31-w0-train,c003,16,train,"Escolher os parâmetros do MAC pelo melhor Sharpe de cada janela de treino e aplicá-los na janela seguinte intocada. Duas perguntas: (1) a escolha é estável entre janelas ou cada período elege um parâmetro diferente — o que já seria veredicto negativo sozinho; (2) quanto do retorno in-sample sobrevive out-of-sample (WFE).
",VALE3.SA,2018-01-01,2020-12-31,MovingAverageCrossover,AtrStop,5,50,14,2.5,0.01,0.0,5.0,0.06260661116623711,0.020866118001006795,0.07271033506478675,0.5762522625110922,0.42261658370027066,14,0.35714285714285715,1.7845453672060092,-0.34382858882394046,39.142857142857146,1.3299203300027318,0.3332933355999199,0.43671319769105915,0.8815399015428006,0.8869369947122574
mac_walkforward-2026-08-17T14:17:31,0,c008,mac_walkforward-2026-08-17T14:17:31-w0-train,c003,16,train,"Escolher os parâmetros do MAC pelo melhor Sharpe de cada janela de treino e aplicá-los na janela seguinte intocada. Duas perguntas: (1) a escolha é estável entre janelas ou cada período elege um parâmetro diferente — o que já seria veredicto negativo sozinho; (2) quanto do retorno in-sample sobrevive out-of-sample (WFE).
",ITUB4.SA,2018-01-01,2020-12-31,MovingAverageCrossover,AtrStop,5,50,14,2.5,0.01,0.0,5.0,0.041860263451352075,0.014043681585870438,0.04986562763292473,0.4544729076976671,0.3367823085935137,11,0.2727272727272727,2.8713568786733705,3.1020048309874144,41.18181818181818,0.2990652166537997,0.09305930430252318,0.44319133495797625,0.4275422812668474,0.4373487411725101
mac_walkforward-2026-08-17T14:17:31,0,c008,mac_walkforward-2026-08-17T14:17:31-w0-train,c003,16,train,"Escolher os parâmetros do MAC pelo melhor Sharpe de cada janela de treino e aplicá-los na janela seguinte intocada. Duas perguntas: (1) a escolha é estável entre janelas ou cada período elege um parâmetro diferente — o que já seria veredicto negativo sozinho; (2) quanto do retorno in-sample sobrevive out-of-sample (WFE).
",BBDC4.SA,2018-01-01,2020-12-31,MovingAverageCrossover,AtrStop,5,50,14,2.5,0.01,0.0,5.0,0.0494242902138291,0.016541409502109472,0.0391883781397423,0.5441881293386445,0.3997995182519233,10,0.3,3.5096325185523445,21.257939509842707,45.8,0.2710986779510052,0.08499912102138785,0.5273591075996285,0.4032463029748291,0.416719461088104
mac_walkforward-2026-08-17T14:17:31,0,c008,mac_walkforward-2026-08-17T14:17:31-w0-train,c003,16,train,"Escolher os parâmetros do MAC pelo melhor Sharpe de cada janela de treino e aplicá-los na janela seguinte intocada. Duas perguntas: (1) a escolha é estável entre janelas ou cada período elege um parâmetro diferente — o que já seria veredicto negativo sozinho; (2) quanto do retorno in-sample sobrevive out-of-sample (WFE).
",WEGE3.SA,2018-01-01,2020-12-31,MovingAverageCrossover,AtrStop,5,50,14,2.5,0.01,0.0,5.0,0.12994483088418396,0.04242245410784973,0.0995010569272768,0.7198661199978609,0.530652099534777,12,0.5,3.774357260071065,108.2873590701531,56.5,3.099627292890071,0.6157817654292959,0.46659935014370946,1.4023917637339827,1.3677758192091742
mac_walkforward-2026-08-17T14:17:31,0,c008,mac_walkforward-2026-08-17T14:17:31-w0-train,c003,16,train,"Escolher os parâmetros do MAC pelo melhor Sharpe de cada janela de treino e aplicá-los na janela seguinte intocada. Duas perguntas: (1) a escolha é estável entre janelas ou cada período elege um parâmetro diferente — o que já seria veredicto negativo sozinho; (2) quanto do retorno in-sample sobrevive out-of-sample (WFE).
",ABEV3.SA,2018-01-01,2020-12-31,MovingAverageCrossover,AtrStop,5,50,14,2.5,0.01,0.0,5.0,-0.004732262319961267,-0.0016118718997989445,0.030793377334704622,-0.04901339154274066,-0.03125156777003424,8,0.25,1.3617242087394525,-24.394604778841163,43.625,-0.21484674490833644,-0.07896527920004814,0.5193115087911396,-0.07904947911044154,-0.07815419963759383
mac_walkforward-2026-08-17T14:17:31,0,c008,mac_walkforward-2026-08-17T14:17:31-w0-train,c003,16,train,"Escolher os parâmetros do MAC pelo melhor Sharpe de cada janela de treino e aplicá-los na janela seguinte intocada. Duas perguntas: (1) a escolha é estável entre janelas ou cada período elege um parâmetro diferente — o que já seria veredicto negativo sozinho; (2) quanto do retorno in-sample sobrevive out-of-sample (WFE).
",B3SA3.SA,2018-01-01,2020-12-31,MovingAverageCrossover,AtrStop,5,50,14,2.5,0.01,0.0,5.0,0.09723185317292415,0.032059465633861306,0.02473619241272413,0.9080641477269447,0.7225564919536878,9,0.5555555555555556,3.2961248708426547,94.88731843474199,66.0,1.964661146986967,0.4471373000105332,0.42679733695243394,1.076700327079813,1.1124940366527623
mac_walkforward-2026-08-17T14:17:31,0,c008,mac_walkforward-2026-08-17T14:17:31-w0-train,c003,16,train,"Escolher os parâmetros do MAC pelo melhor Sharpe de cada janela de treino e aplicá-los na janela seguinte intocada. Duas perguntas: (1) a escolha é estável entre janelas ou cada período elege um parâmetro diferente — o que já seria veredicto negativo sozinho; (2) quanto do retorno in-sample sobrevive out-of-sample (WFE).
",RENT3.SA,2018-01-01,2020-12-31,MovingAverageCrossover,AtrStop,5,50,14,2.5,0.01,0.0,5.0,0.13891629450770715,0.04522981265180981,0.02025118833460749,1.5055995568464078,1.2931333272364134,5,0.8,5.061622081802522,265.9634628543209,131.2,2.268939394596165,0.4960289158043587,0.5788071086564944,1.0350061630518586,1.0845976784009492
mac_walkforward-2026-08-17T14:17:31,0,c008,mac_walkforward-2026-08-17T14:17:31-w0-train,c003,16,train,"Escolher os parâmetros do MAC pelo melhor Sharpe de cada janela de treino e aplicá-los na janela seguinte intocada. Duas perguntas: (1) a escolha é estável entre janelas ou cada período elege um parâmetro diferente — o que já seria veredicto negativo sozinho; (2) quanto do retorno in-sample sobrevive out-of-sample (WFE).
",SUZB3.SA,2018-01-01,2020-12-31,MovingAverageCrossover,AtrStop,5,50,14,2.5,0.01,0.0,5.0,0.05607872192324215,0.01872897381552696,0.027749399460969583,0.6330767800411093,0.4788748860885123,11,0.2727272727272727,6.911309107112573,33.61877302604912,36.0,2.1633172757106505,0.4794116469980523,0.5425050855314355,1.044381702835388,1.13597645319587
mac_walkforward-2026-08-17T14:17:31,0,c008,mac_walkforward-2026-08-17T14:17:31-w0-train,c003,16,train,"Escolher os parâmetros do MAC pelo melhor Sharpe de cada janela de treino e aplicá-los na janela seguinte intocada. Duas perguntas: (1) a escolha é estável entre janelas ou cada período elege um parâmetro diferente — o que já seria veredicto negativo sozinho; (2) quanto do retorno in-sample sobrevive out-of-sample (WFE).
",RADL3.SA,2018-01-01,2020-12-31,MovingAverageCrossover,AtrStop,5,50,14,2.5,0.01,0.0,5.0,0.05053819053324826,0.01690822745465881,0.03589637747901242,0.4756927685830651,0.37954678582024054,10,0.4,3.829304486152488,50.538190533248425,62.8,0.4157875476822177,0.12551574962166634,0.37378174741142406,0.5137071191239666,0.5292834319481969
mac_walkforward-2026-08-17T14:17:31,0,c008,mac_walkforward-2026-08-17T14:17:31-w0-train,c004,16,train,"Escolher os parâmetros do MAC pelo melhor Sharpe de cada janela de treino e aplicá-los na janela seguinte intocada. Duas perguntas: (1) a escolha é estável entre janelas ou cada período elege um parâmetro diferente — o que já seria veredicto negativo sozinho; (2) quanto do retorno in-sample sobrevive out-of-sample (WFE).
",PETR4.SA,2018-01-01,2020-12-31,MovingAverageCrossover,AtrStop,9,21,14,2.0,0.01,0.0,5.0,0.052214017165145954,0.01745960983702677,0.055741190945568245,0.40637690125504816,0.3051060424927985,16,0.375,2.1343299919185923,15.183431332859172,33.4375,0.8454101484955909,0.23166651221330214,0.6334389595560723,0.6682337426994381,0.6380948190749378
mac_walkforward-2026-08-17T14:17:31,0,c008,mac_walkforward-2026-08-17T14:17:31-w0-train,c004,16,train,"Escolher os parâmetros do MAC pelo melhor Sharpe de cada janela de treino e aplicá-los na janela seguinte intocada. Duas perguntas: (1) a escolha é estável entre janelas ou cada período elege um parâmetro diferente — o que já seria veredicto negativo sozinho; (2) quanto do retorno in-sample sobrevive out-of-sample (WFE).
",VALE3.SA,2018-01-01,2020-12-31,MovingAverageCrossover,AtrStop,9,21,14,2.0,0.01,0.0,5.0,0.12001330476732908,0.03929746378789356,0.052057864062995916,0.9124301482996081,0.6894466638216644,16,0.5625,1.2157875794661361,26.492549609078594,38.1875,1.3299203300027318,0.3332933355999199,0.43671319769105915,0.8815399015428006,0.8869369947122574
mac_walkforward-2026-08-17T14:17:31,0,c008,mac_walkforward-2026-08-17T14:17:31-w0-train,c004,16,train,"Escolher os parâmetros do MAC pelo melhor Sharpe de cada janela de treino e aplicá-los na janela seguinte intocada. Duas perguntas: (1) a escolha é estável entre janelas ou cada período elege um parâmetro diferente — o que já seria veredicto negativo sozinho; (2) quanto do retorno in-sample sobrevive out-of-sample (WFE).
",ITUB4.SA,2018-01-01,2020-12-31,MovingAverageCrossover,AtrStop,9,21,14,2.0,0.01,0.0,5.0,0.04366567100064578,0.014640932225310044,0.06566239108119,0.39374609001522215,0.2870123050226922,16,0.375,1.4177914771074127,-7.910636308233054,27.125,0.2990652166537997,0.09305930430252318,0.44319133495797625,0.4275422812668474,0.4373487411725101
mac_walkforward-2026-08-17T14:17:31,0,c008,mac_walkforward-2026-08-17T14:17:31-w0-train,c004,16,train,"Escolher os parâmetros do MAC pelo melhor Sharpe de cada janela de treino e aplicá-los na janela seguinte intocada. Duas perguntas: (1) a escolha é estável entre janelas ou cada período elege um parâmetro diferente — o que já seria veredicto negativo sozinho; (2) quanto do retorno in-sample sobrevive out-of-sample (WFE).
",BBDC4.SA,2018-01-01,2020-12-31,MovingAverageCrossover,AtrStop,9,21,14,2.0,0.01,0.0,5.0,0.07910851506162109,0.02623026379892135,0.052623527962397,0.6730751555756931,0.5420148703709865,16,0.4375,2.2557287714857783,38.08576449451404,28.375,0.2710986779510052,0.08499912102138785,0.5273591075996285,0.4032463029748291,0.416719461088104
mac_walkforward-2026-08-17T14:17:31,0,c008,mac_walkforward-2026-08-17T14:17:31-w0-train,c004,16,train,"Escolher os parâmetros do MAC pelo melhor Sharpe de cada janela de treino e aplicá-los na janela seguinte intocada. Duas perguntas: (1) a escolha é estável entre janelas ou cada período elege um parâmetro diferente — o que já seria veredicto negativo sozinho; (2) quanto do retorno in-sample sobrevive out-of-sample (WFE).
",WEGE3.SA,2018-01-01,2020-12-31,MovingAverageCrossover,AtrStop,9,21,14,2.0,0.01,0.0,5.0,0.2881318522935923,0.0899219834000009,0.07359137073072974,1.3483470979812993,1.033363855320788,16,0.5,6.784956841284952,179.6116653220215,38.1875,3.099627292890071,0.6157817654292959,0.46659935014370946,1.4023917637339827,1.3677758192091742
mac_walkforward-2026-08-17T14:17:31,0,c008,mac_walkforward-2026-08-17T14:17:31-w0-train,c004,16,train,"Escolher os parâmetros do MAC pelo melhor Sharpe de cada janela de treino e aplicá-los na janela seguinte intocada. Duas perguntas: (1) a escolha é estável entre janelas ou cada período elege um parâmetro diferente — o que já seria veredicto negativo sozinho; (2) quanto do retorno in-sample sobrevive out-of-sample (WFE).
",ABEV3.SA,2018-01-01,2020-12-31,MovingAverageCrossover,AtrStop,9,21,14,2.0,0.01,0.0,5.0,0.020120908456752185,0.006797807676570233,0.032297140989258656,0.22525317784533383,0.1633189882474314,17,0.47058823529411764,1.416108164351315,9.482395314116562,29.176470588235293,-0.21484674490833644,-0.07896527920004814,0.5193115087911396,-0.07904947911044154,-0.07815419963759383
mac_walkforward-2026-08-17T14:17:31,0,c008,mac_walkforward-2026-08-17T14:17:31-w0-train,c004,16,train,"Escolher os parâmetros do MAC pelo melhor Sharpe de cada janela de treino e aplicá-los na janela seguinte intocada. Duas perguntas: (1) a escolha é estável entre janelas ou cada período elege um parâmetro diferente — o que já seria veredicto negativo sozinho; (2) quanto do retorno in-sample sobrevive out-of-sample (WFE).
",B3SA3.SA,2018-01-01,2020-12-31,MovingAverageCrossover,AtrStop,9,21,14,2.0,0.01,0.0,5.0,0.10187462260928015,0.033542531391318686,0.030488203473795293,0.8419935320192813,0.6404099994588218,17,0.4117647058823529,2.920525358871641,47.89622574680265,31.647058823529413,1.964661146986967,0.4471373000105332,0.42679733695243394,1.076700327079813,1.1124940366527623
mac_walkforward-2026-08-17T14:17:31,0,c008,mac_walkforward-2026-08-17T14:17:31-w0-train,c004,16,train,"Escolher os parâmetros do MAC pelo melhor Sharpe de cada janela de treino e aplicá-los na janela seguinte intocada. Duas perguntas: (1) a escolha é estável entre janelas ou cada período elege um parâmetro diferente — o que já seria veredicto negativo sozinho; (2) quanto do retorno in-sample sobrevive out-of-sample (WFE).
",RENT3.SA,2018-01-01,2020-12-31,MovingAverageCrossover,AtrStop,9,21,14,2.0,0.01,0.0,5.0,0.16853437656574433,0.05439559951357276,0.028144852402736967,1.316790901648698,1.1705386994382965,12,0.5833333333333334,3.673885632122839,137.29275556213693,54.166666666666664,2.268939394596165,0.4960289158043587,0.5788071086564944,1.0350061630518586,1.0845976784009492
mac_walkforward-2026-08-17T14:17:31,0,c008,mac_walkforward-2026-08-17T14:17:31-w0-train,c004,16,train,"Escolher os parâmetros do MAC pelo melhor Sharpe de cada janela de treino e aplicá-los na janela seguinte intocada. Duas perguntas: (1) a escolha é estável entre janelas ou cada período elege um parâmetro diferente — o que já seria veredicto negativo sozinho; (2) quanto do retorno in-sample sobrevive out-of-sample (WFE).
",SUZB3.SA,2018-01-01,2020-12-31,MovingAverageCrossover,AtrStop,9,21,14,2.0,0.01,0.0,5.0,-0.028670225017402462,-0.00984392667517997,0.09001223324431666,-0.2472302952102874,-0.17464040514904267,22,0.2727272727272727,1.8808787021647821,-15.781413581205298,20.09090909090909,2.1633172757106505,0.4794116469980523,0.5425050855314355,1.044381702835388,1.13597645319587
mac_walkforward-2026-08-17T14:17:31,0,c008,mac_walkforward-2026-08-17T14:17:31-w0-train,c004,16,train,"Escolher os parâmetros do MAC pelo melhor Sharpe de cada janela de treino e aplicá-los na janela seguinte intocada. Duas perguntas: (1) a escolha é estável entre janelas ou cada período elege um parâmetro diferente — o que já seria veredicto negativo sozinho; (2) quanto do retorno in-sample sobrevive out-of-sample (WFE).
",RADL3.SA,2018-01-01,2020-12-31,MovingAverageCrossover,AtrStop,9,21,14,2.0,0.01,0.0,5.0,0.02686894334750023,0.009057788596325222,0.054348752760582625,0.2477864467932611,0.18614865908968123,19,0.3684210526315789,2.319028436971199,15.692316639523627,27.31578947368421,0.4157875476822177,0.12551574962166634,0.37378174741142406,0.5137071191239666,0.5292834319481969
mac_walkforward-2026-08-17T14:17:31,0,c008,mac_walkforward-2026-08-17T14:17:31-w0-train,c005,16,train,"Escolher os parâmetros do MAC pelo melhor Sharpe de cada janela de treino e aplicá-los na janela seguinte intocada. Duas perguntas: (1) a escolha é estável entre janelas ou cada período elege um parâmetro diferente — o que já seria veredicto negativo sozinho; (2) quanto do retorno in-sample sobrevive out-of-sample (WFE).
",PETR4.SA,2018-01-01,2020-12-31,MovingAverageCrossover,AtrStop,9,21,14,2.5,0.01,0.0,5.0,0.03720418655194235,0.012500236484029648,0.044849737550279586,0.3605566873275268,0.27285158683552413,16,0.375,2.009190692664855,9.430573509533048,33.9375,0.8454101484955909,0.23166651221330214,0.6334389595560723,0.6682337426994381,0.6380948190749378
mac_walkforward-2026-08-17T14:17:31,0,c008,mac_walkforward-2026-08-17T14:17:31-w0-train,c005,16,train,"Escolher os parâmetros do MAC pelo melhor Sharpe de cada janela de treino e aplicá-los na janela seguinte intocada. Duas perguntas: (1) a escolha é estável entre janelas ou cada período elege um parâmetro diferente — o que já seria veredicto negativo sozinho; (2) quanto do retorno in-sample sobrevive out-of-sample (WFE).
",VALE3.SA,2018-01-01,2020-12-31,MovingAverageCrossover,AtrStop,9,21,14,2.5,0.01,0.0,5.0,0.09063528809420518,0.029945148958731016,0.0417135674955907,0.8685871184411516,0.6656056425129822,16,0.5625,1.1321075417777293,18.16903385123849,38.9375,1.3299203300027318,0.3332933355999199,0.43671319769105915,0.8815399015428006,0.8869369947122574
mac_walkforward-2026-08-17T14:17:31,0,c008,mac_walkforward-2026-08-17T14:17:31-w0-train,c005,16,train,"Escolher os parâmetros do MAC pelo melhor Sharpe de cada janela de treino e aplicá-los na janela seguinte intocada. Duas perguntas: (1) a escolha é estável entre janelas ou cada período elege um parâmetro diferente — o que já seria veredicto negativo sozinho; (2) quanto do retorno in-sample sobrevive out-of-sample (WFE).
",ITUB4.SA,2018-01-01,2020-12-31,MovingAverageCrossover,AtrStop,9,21,14,2.5,0.01,0.0,5.0,0.03616050793263348,0.012153639928674798,0.049904829782104206,0.4003848215381243,0.29702490304645424,16,0.375,1.4459124100550305,-5.496436849226827,28.3125,0.2990652166537997,0.09305930430252318,0.44319133495797625,0.4275422812668474,0.4373487411725101
mac_walkforward-2026-08-17T14:17:31,0,c008,mac_walkforward-2026-08-17T14:17:31-w0-train,c005,16,train,"Escolher os parâmetros do MAC pelo melhor Sharpe de cada janela de treino e aplicá-los na janela seguinte intocada. Duas perguntas: (1) a escolha é estável entre janelas ou cada período elege um parâmetro diferente — o que já seria veredicto negativo sozinho; (2) quanto do retorno in-sample sobrevive out-of-sample (WFE).
",BBDC4.SA,2018-01-01,2020-12-31,MovingAverageCrossover,AtrStop,9,21,14,2.5,0.01,0.0,5.0,0.06702864412867582,0.02230891491767162,0.04212885925910479,0.6937792415217213,0.5671197821956924,16,0.4375,2.4010893390242396,32.87406286533457,31.0,0.2710986779510052,0.08499912102138785,0.5273591075996285,0.4032463029748291,0.416719461088104
mac_walkforward-2026-08-17T14:17:31,0,c008,mac_walkforward-2026-08-17T14:17:31-w0-train,c005,16,train,"Escolher os parâmetros do MAC pelo melhor Sharpe de cada janela de treino e aplicá-los na janela seguinte intocada. Duas perguntas: (1) a escolha é estável entre janelas ou cada período elege um parâmetro diferente — o que já seria veredicto negativo sozinho; (2) quanto do retorno in-sample sobrevive out-of-sample (WFE).
",WEGE3.SA,2018-01-01,2020-12-31,MovingAverageCrossover,AtrStop,9,21,14,2.5,0.01,0.0,5.0,0.2311217845031619,0.07327164876519054,0.06110669725312421,1.3311221905570796,1.0552912351776267,16,0.5,7.3875848319130455,144.09021283734637,40.5625,3.099627292890071,0.6157817654292959,0.46659935014370946,1.4023917637339827,1.3677758192091742
mac_walkforward-2026-08-17T14:17:31,0,c008,mac_walkforward-2026-08-17T14:17:31-w0-train,c005,16,train,"Escolher os parâmetros do MAC pelo melhor Sharpe de cada janela de treino e aplicá-los na janela seguinte intocada. Duas perguntas: (1) a escolha é estável entre janelas ou cada período elege um parâmetro diferente — o que já seria veredicto negativo sozinho; (2) quanto do retorno in-sample sobrevive out-of-sample (WFE).
",ABEV3.SA,2018-01-01,2020-12-31,MovingAverageCrossover,AtrStop,9,21,14,2.5,0.01,0.0,5.0,0.008186476606019122,0.002776578466201274,0.027815592183640218,0.11926756892273821,0.08664691474402654,17,0.47058823529411764,1.2230273603561195,2.949638159315125,29.470588235294116,-0.21484674490833644,-0.07896527920004814,0.5193115087911396,-0.07904947911044154,-0.07815419963759383
mac_walkforward-2026-08-17T14:17:31,0,c008,mac_walkforward-2026-08-17T14:17:31-w0-train,c005,16,train,"Escolher os parâmetros do MAC pelo melhor Sharpe de cada janela de treino e aplicá-los na janela seguinte intocada. Duas perguntas: (1) a escolha é estável entre janelas ou cada período elege um parâmetro diferente — o que já seria veredicto negativo sozinho; (2) quanto do retorno in-sample sobrevive out-of-sample (WFE).
",B3SA3.SA,2018-01-01,2020-12-31,MovingAverageCrossover,AtrStop,9,21,14,2.5,0.01,0.0,5.0,0.06812917125869467,0.022667375508836463,0.025462266665758987,0.7085880511852624,0.5443085644296213,17,0.4117647058823529,2.4400646532712043,30.774419036475003,32.0,1.964661146986967,0.4471373000105332,0.42679733695243394,1.076700327079813,1.1124940366527623
mac_walkforward-2026-08-17T14:17:31,0,c008,mac_walkforward-2026-08-17T14:17:31-w0-train,c005,16,train,"Escolher os parâmetros do MAC pelo melhor Sharpe de cada janela de treino e aplicá-los na janela seguinte intocada. Duas perguntas: (1) a escolha é estável entre janelas ou cada período elege um parâmetro diferente — o que já seria veredicto negativo sozinho; (2) quanto do retorno in-sample sobrevive out-of-sample (WFE).
",RENT3.SA,2018-01-01,2020-12-31,MovingAverageCrossover,AtrStop,9,21,14,2.5,0.01,0.0,5.0,0.13172501753556776,0.04298067844362907,0.022726701107714593,1.2921002039079494,1.145938066537152,12,0.5833333333333334,3.527473914343181,107.35388662694159,54.5,2.268939394596165,0.4960289158043587,0.5788071086564944,1.0350061630518586,1.0845976784009492
mac_walkforward-2026-08-17T14:17:31,0,c008,mac_walkforward-2026-08-17T14:17:31-w0-train,c005,16,train,"Escolher os parâmetros do MAC pelo melhor Sharpe de cada janela de treino e aplicá-los na janela seguinte intocada. Duas perguntas: (1) a escolha é estável entre janelas ou cada período elege um parâmetro diferente — o que já seria veredicto negativo sozinho; (2) quanto do retorno in-sample sobrevive out-of-sample (WFE).
",SUZB3.SA,2018-01-01,2020-12-31,MovingAverageCrossover,AtrStop,9,21,14,2.5,0.01,0.0,5.0,0.07174848529588718,0.023844532261056317,0.0967489298485263,0.5284300352722475,0.4484623464693506,22,0.3181818181818182,3.427432596378365,30.168953978434107,25.954545454545453,2.1633172757106505,0.4794116469980523,0.5425050855314355,1.044381702835388,1.13597645319587
mac_walkforward-2026-08-17T14:17:31,0,c008,mac_walkforward-2026-08-17T14:17:31-w0-train,c005,16,train,"Escolher os parâmetros do MAC pelo melhor Sharpe de cada janela de treino e aplicá-los na janela seguinte intocada. Duas perguntas: (1) a escolha é estável entre janelas ou cada período elege um parâmetro diferente — o que já seria veredicto negativo sozinho; (2) quanto do retorno in-sample sobrevive out-of-sample (WFE).
",RADL3.SA,2018-01-01,2020-12-31,MovingAverageCrossover,AtrStop,9,21,14,2.5,0.01,0.0,5.0,0.011343194114566524,0.0038432561943086974,0.049414560253292265,0.1372795527209744,0.10511247877468481,19,0.3684210526315789,2.018434921323879,7.198632270299804,28.105263157894736,0.4157875476822177,0.12551574962166634,0.37378174741142406,0.5137071191239666,0.5292834319481969
mac_walkforward-2026-08-17T14:17:31,0,c008,mac_walkforward-2026-08-17T14:17:31-w0-train,c006,16,train,"Escolher os parâmetros do MAC pelo melhor Sharpe de cada janela de treino e aplicá-los na janela seguinte intocada. Duas perguntas: (1) a escolha é estável entre janelas ou cada período elege um parâmetro diferente — o que já seria veredicto negativo sozinho; (2) quanto do retorno in-sample sobrevive out-of-sample (WFE).
",PETR4.SA,2018-01-01,2020-12-31,MovingAverageCrossover,AtrStop,9,50,14,2.0,0.01,0.0,5.0,0.048662713272598745,0.016290467069040693,0.055291712511671205,0.45125495712541397,0.30807396498227707,8,0.375,2.151178827549845,17.87918636358347,51.0,0.8454101484955909,0.23166651221330214,0.6334389595560723,0.6682337426994381,0.6380948190749378
mac_walkforward-2026-08-17T14:17:31,0,c008,mac_walkforward-2026-08-17T14:17:31-w0-train,c006,16,train,"Escolher os parâmetros do MAC pelo melhor Sharpe de cada janela de treino e aplicá-los na janela seguinte intocada. Duas perguntas: (1) a escolha é estável entre janelas ou cada período elege um parâmetro diferente — o que já seria veredicto negativo sozinho; (2) quanto do retorno in-sample sobrevive out-of-sample (WFE).
",VALE3.SA,2018-01-01,2020-12-31,MovingAverageCrossover,AtrStop,9,50,14,2.0,0.01,0.0,5.0,0.05623928444139459,0.018781644272182874,0.09503467510790488,0.49576773677786196,0.3028933857369303,8,0.25,1.9913624787986004,-27.794995994602274,45.0,1.3299203300027318,0.3332933355999199,0.43671319769105915,0.8815399015428006,0.8869369947122574
mac_walkforward-2026-08-17T14:17:31,0,c008,mac_walkforward-2026-08-17T14:17:31-w0-train,c006,16,train,"Escolher os parâmetros do MAC pelo melhor Sharpe de cada janela de treino e aplicá-los na janela seguinte intocada. Duas perguntas: (1) a escolha é estável entre janelas ou cada período elege um parâmetro diferente — o que já seria veredicto negativo sozinho; (2) quanto do retorno in-sample sobrevive out-of-sample (WFE).
",ITUB4.SA,2018-01-01,2020-12-31,MovingAverageCrossover,AtrStop,9,50,14,2.0,0.01,0.0,5.0,0.007603975388112749,0.002579506296733536,0.04884420186279137,0.08837045882178143,0.05770289893252977,8,0.375,1.940978480573957,9.504969235140917,56.125,0.2990652166537997,0.09305930430252318,0.44319133495797625,0.4275422812668474,0.4373487411725101
mac_walkforward-2026-08-17T14:17:31,0,c008,mac_walkforward-2026-08-17T14:17:31-w0-train,c006,16,train,"Escolher os parâmetros do MAC pelo melhor Sharpe de cada janela de treino e aplicá-los na janela seguinte intocada. Duas perguntas: (1) a escolha é estável entre janelas ou cada período elege um parâmetro diferente — o que já seria veredicto negativo sozinho; (2) quanto do retorno in-sample sobrevive out-of-sample (WFE).
",BBDC4.SA,2018-01-01,2020-12-31,MovingAverageCrossover,AtrStop,9,50,14,2.0,0.01,0.0,5.0,-0.003643961149592756,-0.0012407348743465052,0.05959705149720303,-0.01579516959723098,-0.010291019067633958,10,0.2,3.7816902772718786,-3.6439611495931628,42.2,0.2710986779510052,0.08499912102138785,0.5273591075996285,0.4032463029748291,0.416719461088104
mac_walkforward-2026-08-17T14:17:31,0,c008,mac_walkforward-2026-08-17T14:17:31-w0-train,c006,16,train,"Escolher os parâmetros do MAC pelo melhor Sharpe de cada janela de treino e aplicá-los na janela seguinte intocada. Duas perguntas: (1) a escolha é estável entre janelas ou cada período elege um parâmetro diferente — o que já seria veredicto negativo sozinho; (2) quanto do retorno in-sample sobrevive out-of-sample (WFE).
",WEGE3.SA,2018-01-01,2020-12-31,MovingAverageCrossover,AtrStop,9,50,14,2.0,0.01,0.0,5.0,0.009765328413754437,0.0033103590105063585,0.1375453836986404,0.0834477288736128,0.04497579145899245,10,0.4,1.737757211235882,9.765328413754407,45.9,3.099627292890071,0.6157817654292959,0.46659935014370946,1.4023917637339827,1.3677758192091742
mac_walkforward-2026-08-17T14:17:31,0,c008,mac_walkforward-2026-08-17T14:17:31-w0-train,c006,16,train,"Escolher os parâmetros do MAC pelo melhor Sharpe de cada janela de treino e aplicá-los na janela seguinte intocada. Duas perguntas: (1) a escolha é estável entre janelas ou cada período elege um parâmetro diferente — o que já seria veredicto negativo sozinho; (2) quanto do retorno in-sample sobrevive out-of-sample (WFE).
",ABEV3.SA,2018-01-01,2020-12-31,MovingAverageCrossover,AtrStop,9,50,14,2.0,0.01,0.0,5.0,-0.0199918138173234,-0.006844186701445265,0.047055167602965145,-0.20152316363197537,-0.11288104848021896,8,0.375,0.892124772939352,-24.98976727165424,40.875,-0.21484674490833644,-0.07896527920004814,0.5193115087911396,-0.07904947911044154,-0.07815419963759383
mac_walkforward-2026-08-17T14:17:31,0,c008,mac_walkforward-2026-08-17T14:17:31-w0-train,c006,16,train,"Escolher os parâmetros do MAC pelo melhor Sharpe de cada janela de treino e aplicá-los na janela seguinte intocada. Duas perguntas: (1) a escolha é estável entre janelas ou cada período elege um parâmetro diferente — o que já seria veredicto negativo sozinho; (2) quanto do retorno in-sample sobrevive out-of-sample (WFE).
",B3SA3.SA,2018-01-01,2020-12-31,MovingAverageCrossover,AtrStop,9,50,14,2.0,0.01,0.0,5.0,0.14165380244351966,0.046083528977697075,0.03539358000699742,1.017123902471358,0.8008655660485956,7,0.5714285714285714,3.490777945183403,180.12312462932255,84.42857142857143,1.964661146986967,0.4471373000105332,0.42679733695243394,1.076700327079813,1.1124940366527623
mac_walkforward-2026-08-17T14:17:31,0,c008,mac_walkforward-2026-08-17T14:17:31-w0-train,c006,16,train,"Escolher os parâmetros do MAC pelo melhor Sharpe de cada janela de treino e aplicá-los na janela seguinte intocada. Duas perguntas: (1) a escolha é estável entre janelas ou cada período elege um parâmetro diferente — o que já seria veredicto negativo sozinho; (2) quanto do retorno in-sample sobrevive out-of-sample (WFE).
",RENT3.SA,2018-01-01,2020-12-31,MovingAverageCrossover,AtrStop,9,50,14,2.0,0.01,0.0,5.0,0.14100326745115543,0.045880776297264614,0.03611952150116117,1.2140207300975336,0.9897083458579912,4,0.75,2.7782106685195593,184.8713045352882,108.5,2.268939394596165,0.4960289158043587,0.5788071086564944,1.0350061630518586,1.0845976784009492
mac_walkforward-2026-08-17T14:17:31,0,c008,mac_walkforward-2026-08-17T14:17:31-w0-train,c006,16,train,"Escolher os parâmetros do MAC pelo melhor Sharpe de cada janela de treino e aplicá-los na janela seguinte intocada. Duas perguntas: (1) a escolha é estável entre janelas ou cada período elege um parâmetro diferente — o que já seria veredicto negativo sozinho; (2) quanto do retorno in-sample sobrevive out-of-sample (WFE).
",SUZB3.SA,2018-01-01,2020-12-31,MovingAverageCrossover,AtrStop,9,50,14,2.0,0.01,0.0,5.0,0.0559642280765984,0.018691412362735305,0.029315707311957116,0.5753072451541305,0.40363959132547317,7,0.7142857142857143,2.001785198373901,79.94889725228357,58.142857142857146,2.1633172757106505,0.4794116469980523,0.5425050855314355,1.044381702835388,1.13597645319587
mac_walkforward-2026-08-17T14:17:31,0,c008,mac_walkforward-2026-08-17T14:17:31-w0-train,c006,16,train,"Escolher os parâmetros do MAC pelo melhor Sharpe de cada janela de treino e aplicá-los na janela seguinte intocada. Duas perguntas: (1) a escolha é estável entre janelas ou cada período elege um parâmetro diferente — o que já seria veredicto negativo sozinho; (2) quanto do retorno in-sample sobrevive out-of-sample (WFE).
",RADL3.SA,2018-01-01,2020-12-31,MovingAverageCrossover,AtrStop,9,50,14,2.0,0.01,0.0,5.0,0.04090702489275322,0.013728063210444175,0.05375429009953658,0.35725174829669415,0.2505264747066147,7,0.2857142857142857,5.013576257479013,62.51279390645799,66.42857142857143,0.4157875476822177,0.12551574962166634,0.37378174741142406,0.5137071191239666,0.5292834319481969
mac_walkforward-2026-08-17T14:17:31,0,c008,mac_walkforward-2026-08-17T14:17:31-w0-train,c007,16,train,"Escolher os parâmetros do MAC pelo melhor Sharpe de cada janela de treino e aplicá-los na janela seguinte intocada. Duas perguntas: (1) a escolha é estável entre janelas ou cada período elege um parâmetro diferente — o que já seria veredicto negativo sozinho; (2) quanto do retorno in-sample sobrevive out-of-sample (WFE).
",PETR4.SA,2018-01-01,2020-12-31,MovingAverageCrossover,AtrStop,9,50,14,2.5,0.01,0.0,5.0,0.05854796401387552,0.019538393238412777,0.028594424599062154,0.6118785634327941,0.46522274004433195,8,0.5,1.9906774882449654,38.34350791979705,65.25,0.8454101484955909,0.23166651221330214,0.6334389595560723,0.6682337426994381,0.6380948190749378
mac_walkforward-2026-08-17T14:17:31,0,c008,mac_walkforward-2026-08-17T14:17:31-w0-train,c007,16,train,"Escolher os parâmetros do MAC pelo melhor Sharpe de cada janela de treino e aplicá-los na janela seguinte intocada. Duas perguntas: (1) a escolha é estável entre janelas ou cada período elege um parâmetro diferente — o que já seria veredicto negativo sozinho; (2) quanto do retorno in-sample sobrevive out-of-sample (WFE).
",VALE3.SA,2018-01-01,2020-12-31,MovingAverageCrossover,AtrStop,9,50,14,2.5,0.01,0.0,5.0,0.05426672950956779,0.018134206482580684,0.07116318127204359,0.541517554938445,0.35181219622369725,8,0.375,1.3589856927647574,-11.026552101278806,54.375,1.3299203300027318,0.3332933355999199,0.43671319769105915,0.8815399015428006,0.8869369947122574
mac_walkforward-2026-08-17T14:17:31,0,c008,mac_walkforward-2026-08-17T14:17:31-w0-train,c007,16,train,"Escolher os parâmetros do MAC pelo melhor Sharpe de cada janela de treino e aplicá-los na janela seguinte intocada. Duas perguntas: (1) a escolha é estável entre janelas ou cada período elege um parâmetro diferente — o que já seria veredicto negativo sozinho; (2) quanto do retorno in-sample sobrevive out-of-sample (WFE).
",ITUB4.SA,2018-01-01,2020-12-31,MovingAverageCrossover,AtrStop,9,50,14,2.5,0.01,0.0,5.0,0.05603513259910242,0.018714673989675523,0.04062291849776636,0.5917578846874847,0.432911029972067,7,0.42857142857142855,2.213425745557036,24.485720026256875,65.28571428571429,0.2990652166537997,0.09305930430252318,0.44319133495797625,0.4275422812668474,0.4373487411725101
mac_walkforward-2026-08-17T14:17:31,0,c008,mac_walkforward-2026-08-17T14:17:31-w0-train,c007,16,train,"Escolher os parâmetros do MAC pelo melhor Sharpe de cada janela de treino e aplicá-los na janela seguinte intocada. Duas perguntas: (1) a escolha é estável entre janelas ou cada período elege um parâmetro diferente — o que já seria veredicto negativo sozinho; (2) quanto do retorno in-sample sobrevive out-of-sample (WFE).
",BBDC4.SA,2018-01-01,2020-12-31,MovingAverageCrossover,AtrStop,9,50,14,2.5,0.01,0.0,5.0,0.04573143268480173,0.015323475372600814,0.044749020148625654,0.47782471228989726,0.3553333130033606,9,0.2222222222222222,4.164453673275364,8.960160366293318,48.0,0.2710986779510052,0.08499912102138785,0.5273591075996285,0.4032463029748291,0.416719461088104
mac_walkforward-2026-08-17T14:17:31,0,c008,mac_walkforward-2026-08-17T14:17:31-w0-train,c007,16,train,"Escolher os parâmetros do MAC pelo melhor Sharpe de cada janela de treino e aplicá-los na janela seguinte intocada. Duas perguntas: (1) a escolha é estável entre janelas ou cada período elege um parâmetro diferente — o que já seria veredicto negativo sozinho; (2) quanto do retorno in-sample sobrevive out-of-sample (WFE).
",WEGE3.SA,2018-01-01,2020-12-31,MovingAverageCrossover,AtrStop,9,50,14,2.5,0.01,0.0,5.0,0.012295331725726166,0.004164559017767688,0.11526699885823782,0.10407905622733997,0.061369403796316065,10,0.5,1.2603560006011192,12.295331725725633,53.5,3.099627292890071,0.6157817654292959,0.46659935014370946,1.4023917637339827,1.3677758192091742
mac_walkforward-2026-08-17T14:17:31,0,c008,mac_walkforward-2026-08-17T14:17:31-w0-train,c007,16,train,"Escolher os parâmetros do MAC pelo melhor Sharpe de cada janela de treino e aplicá-los na janela seguinte intocada. Duas perguntas: (1) a escolha é estável entre janelas ou cada período elege um parâmetro diferente — o que já seria veredicto negativo sozinho; (2) quanto do retorno in-sample sobrevive out-of-sample (WFE).
",ABEV3.SA,2018-01-01,2020-12-31,MovingAverageCrossover,AtrStop,9,50,14,2.5,0.01,0.0,5.0,-0.020145910136018963,-0.0068972977426899895,0.03588519597711313,-0.2577771117282415,-0.15078813375422867,8,0.375,0.7955753808943383,-25.182387670023505,43.0,-0.21484674490833644,-0.07896527920004814,0.5193115087911396,-0.07904947911044154,-0.07815419963759383
mac_walkforward-2026-08-17T14:17:31,0,c008,mac_walkforward-2026-08-17T14:17:31-w0-train,c007,16,train,"Escolher os parâmetros do MAC pelo melhor Sharpe de cada janela de treino e aplicá-los na janela seguinte intocada. Duas perguntas: (1) a escolha é estável entre janelas ou cada período elege um parâmetro diferente — o que já seria veredicto negativo sozinho; (2) quanto do retorno in-sample sobrevive out-of-sample (WFE).
",B3SA3.SA,2018-01-01,2020-12-31,MovingAverageCrossover,AtrStop,9,50,14,2.5,0.01,0.0,5.0,0.10759557112578433,0.03536434535531208,0.030185898179440094,0.9686164574369928,0.7627701687727702,7,0.5714285714285714,3.0158071567213836,136.52292898158188,84.71428571428571,1.964661146986967,0.4471373000105332,0.42679733695243394,1.076700327079813,1.1124940366527623
mac_walkforward-2026-08-17T14:17:31,0,c008,mac_walkforward-2026-08-17T14:17:31-w0-train,c007,16,train,"Escolher os parâmetros do MAC pelo melhor Sharpe de cada janela de treino e aplicá-los na janela seguinte intocada. Duas perguntas: (1) a escolha é estável entre janelas ou cada período elege um parâmetro diferente — o que já seria veredicto negativo sozinho; (2) quanto do retorno in-sample sobrevive out-of-sample (WFE).
",RENT3.SA,2018-01-01,2020-12-31,MovingAverageCrossover,AtrStop,9,50,14,2.5,0.01,0.0,5.0,0.10977515591027887,0.036056792004054206,0.029004257392828685,1.1789093733289482,0.9695584773778197,4,0.75,2.2008969067646773,141.72537236905544,111.0,2.268939394596165,0.4960289158043587,0.5788071086564944,1.0350061630518586,1.0845976784009492
mac_walkforward-2026-08-17T14:17:31,0,c008,mac_walkforward-2026-08-17T14:17:31-w0-train,c007,16,train,"Escolher os parâmetros do MAC pelo melhor Sharpe de cada janela de treino e aplicá-los na janela seguinte intocada. Duas perguntas: (1) a escolha é estável entre janelas ou cada período elege um parâmetro diferente — o que já seria veredicto negativo sozinho; (2) quanto do retorno in-sample sobrevive out-of-sample (WFE).
",SUZB3.SA,2018-01-01,2020-12-31,MovingAverageCrossover,AtrStop,9,50,14,2.5,0.01,0.0,5.0,0.0664991425398298,0.02213636021690224,0.023169879049354768,0.7993515585898743,0.5881657193991169,6,0.8333333333333334,4.327142804753313,87.11427566658041,64.33333333333333,2.1633172757106505,0.4794116469980523,0.5425050855314355,1.044381702835388,1.13597645319587
mac_walkforward-2026-08-17T14:17:31,0,c008,mac_walkforward-2026-08-17T14:17:31-w0-train,c007,16,train,"Escolher os parâmetros do MAC pelo melhor Sharpe de cada janela de treino e aplicá-los na janela seguinte intocada. Duas perguntas: (1) a escolha é estável entre janelas ou cada período elege um parâmetro diferente — o que já seria veredicto negativo sozinho; (2) quanto do retorno in-sample sobrevive out-of-sample (WFE).
",RADL3.SA,2018-01-01,2020-12-31,MovingAverageCrossover,AtrStop,9,50,14,2.5,0.01,0.0,5.0,0.047823570763868783,0.01601382719094646,0.041360040631154976,0.4481097580364182,0.33830989778319315,7,0.42857142857142855,3.6315786595373836,71.62966367543454,77.0,0.4157875476822177,0.12551574962166634,0.37378174741142406,0.5137071191239666,0.5292834319481969
mac_walkforward-2026-08-17T14:17:31,0,c008,mac_walkforward-2026-08-17T14:17:31-w0-train,c008,16,train,"Escolher os parâmetros do MAC pelo melhor Sharpe de cada janela de treino e aplicá-los na janela seguinte intocada. Duas perguntas: (1) a escolha é estável entre janelas ou cada período elege um parâmetro diferente — o que já seria veredicto negativo sozinho; (2) quanto do retorno in-sample sobrevive out-of-sample (WFE).
",PETR4.SA,2018-01-01,2020-12-31,MovingAverageCrossover,AtrStop,12,21,14,2.0,0.01,0.0,5.0,0.05904563202836388,0.019701378279684878,0.057756448527381925,0.44798601692574097,0.3320894719721653,14,0.42857142857142855,1.7157796202740863,14.952877533955325,38.642857142857146,0.8454101484955909,0.23166651221330214,0.6334389595560723,0.6682337426994381,0.6380948190749378
mac_walkforward-2026-08-17T14:17:31,0,c008,mac_walkforward-2026-08-17T14:17:31-w0-train,c008,16,train,"Escolher os parâmetros do MAC pelo melhor Sharpe de cada janela de treino e aplicá-los na janela seguinte intocada. Duas perguntas: (1) a escolha é estável entre janelas ou cada período elege um parâmetro diferente — o que já seria veredicto negativo sozinho; (2) quanto do retorno in-sample sobrevive out-of-sample (WFE).
",VALE3.SA,2018-01-01,2020-12-31,MovingAverageCrossover,AtrStop,12,21,14,2.0,0.01,0.0,5.0,0.11970082463707876,0.039198844602707617,0.05395133300442823,0.8994604275138559,0.6752678811330801,18,0.5,1.469893735543551,24.90092438291792,32.77777777777778,1.3299203300027318,0.3332933355999199,0.43671319769105915,0.8815399015428006,0.8869369947122574
mac_walkforward-2026-08-17T14:17:31,0,c008,mac_walkforward-2026-08-17T14:17:31-w0-train,c008,16,train,"Escolher os parâmetros do MAC pelo melhor Sharpe de cada janela de treino e aplicá-los na janela seguinte intocada. Duas perguntas: (1) a escolha é estável entre janelas ou cada período elege um parâmetro diferente — o que já seria veredicto negativo sozinho; (2) quanto do retorno in-sample sobrevive out-of-sample (WFE).
",ITUB4.SA,2018-01-01,2020-12-31,MovingAverageCrossover,AtrStop,12,21,14,2.0,0.01,0.0,5.0,0.03544934134415745,0.011917335716679966,0.07030043365099026,0.32369489780635124,0.2389886159999651,18,0.2777777777777778,1.938617287470537,-12.075134605253735,24.333333333333332,0.2990652166537997,0.09305930430252318,0.44319133495797625,0.4275422812668474,0.4373487411725101
mac_walkforward-2026-08-17T14:17:31,0,c008,mac_walkforward-2026-08-17T14:17:31-w0-train,c008,16,train,"Escolher os parâmetros do MAC pelo melhor Sharpe de cada janela de treino e aplicá-los na janela seguinte intocada. Duas perguntas: (1) a escolha é estável entre janelas ou cada período elege um parâmetro diferente — o que já seria veredicto negativo sozinho; (2) quanto do retorno in-sample sobrevive out-of-sample (WFE).
",BBDC4.SA,2018-01-01,2020-12-31,MovingAverageCrossover,AtrStop,12,21,14,2.0,0.01,0.0,5.0,0.10264228287503885,0.03378735187925663,0.04767594770549855,0.7998903163690236,0.6558500744408231,16,0.5,1.7080588774690477,27.5686323492744,28.4375,0.2710986779510052,0.08499912102138785,0.5273591075996285,0.4032463029748291,0.416719461088104
mac_walkforward-2026-08-17T14:17:31,0,c008,mac_walkforward-2026-08-17T14:17:31-w0-train,c008,16,train,"Escolher os parâmetros do MAC pelo melhor Sharpe de cada janela de treino e aplicá-los na janela seguinte intocada. Duas perguntas: (1) a escolha é estável entre janelas ou cada período elege um parâmetro diferente — o que já seria veredicto negativo sozinho; (2) quanto do retorno in-sample sobrevive out-of-sample (WFE).
",WEGE3.SA,2018-01-01,2020-12-31,MovingAverageCrossover,AtrStop,12,21,14,2.0,0.01,0.0,5.0,0.19976759948442946,0.06389661869290242,0.09465573141543349,0.9794787579790593,0.739980649479371,17,0.4117647058823529,6.865699727372714,117.5103526378997,37.705882352941174,3.099627292890071,0.6157817654292959,0.46659935014370946,1.4023917637339827,1.3677758192091742
mac_walkforward-2026-08-17T14:17:31,0,c008,mac_walkforward-2026-08-17T14:17:31-w0-train,c008,16,train,"Escolher os parâmetros do MAC pelo melhor Sharpe de cada janela de treino e aplicá-los na janela seguinte intocada. Duas perguntas: (1) a escolha é estável entre janelas ou cada período elege um parâmetro diferente — o que já seria veredicto negativo sozinho; (2) quanto do retorno in-sample sobrevive out-of-sample (WFE).
",ABEV3.SA,2018-01-01,2020-12-31,MovingAverageCrossover,AtrStop,12,21,14,2.0,0.01,0.0,5.0,0.02873187152536194,0.009679973795168717,0.02593089508908579,0.29761861898323627,0.22065644075148128,15,0.4666666666666667,1.5397637380985594,14.026340144647179,34.0,-0.21484674490833644,-0.07896527920004814,0.5193115087911396,-0.07904947911044154,-0.07815419963759383
mac_walkforward-2026-08-17T14:17:31,0,c008,mac_walkforward-2026-08-17T14:17:31-w0-train,c008,16,train,"Escolher os parâmetros do MAC pelo melhor Sharpe de cada janela de treino e aplicá-los na janela seguinte intocada. Duas perguntas: (1) a escolha é estável entre janelas ou cada período elege um parâmetro diferente — o que já seria veredicto negativo sozinho; (2) quanto do retorno in-sample sobrevive out-of-sample (WFE).
",B3SA3.SA,2018-01-01,2020-12-31,MovingAverageCrossover,AtrStop,12,21,14,2.0,0.01,0.0,5.0,0.0939920290106484,0.031022095602198485,0.03719625495441804,0.7652625520969946,0.5959522858538475,17,0.47058823529411764,2.2624202865264866,44.43109026177052,32.0,1.964661146986967,0.4471373000105332,0.42679733695243394,1.076700327079813,1.1124940366527623
mac_walkforward-2026-08-17T14:17:31,0,c008,mac_walkforward-2026-08-17T14:17:31-w0-train,c008,16,train,"Escolher os parâmetros do MAC pelo melhor Sharpe de cada janela de treino e aplicá-los na janela seguinte intocada. Duas perguntas: (1) a escolha é estável entre janelas ou cada período elege um parâmetro diferente — o que já seria veredicto negativo sozinho; (2) quanto do retorno in-sample sobrevive out-of-sample (WFE).
",RENT3.SA,2018-01-01,2020-12-31,MovingAverageCrossover,AtrStop,12,21,14,2.0,0.01,0.0,5.0,0.17116939516539142,0.05520358815328552,0.0360192279747913,1.3226870898781944,1.2393588329464615,15,0.7333333333333333,2.1336368516805195,114.11293011026102,45.93333333333333,2.268939394596165,0.4960289158043587,0.5788071086564944,1.0350061630518586,1.0845976784009492
mac_walkforward-2026-08-17T14:17:31,0,c008,mac_walkforward-2026-08-17T14:17:31-w0-train,c008,16,train,"Escolher os parâmetros do MAC pelo melhor Sharpe de cada janela de treino e aplicá-los na janela seguinte intocada. Duas perguntas: (1) a escolha é estável entre janelas ou cada período elege um parâmetro diferente — o que já seria veredicto negativo sozinho; (2) quanto do retorno in-sample sobrevive out-of-sample (WFE).
",SUZB3.SA,2018-01-01,2020-12-31,MovingAverageCrossover,AtrStop,12,21,14,2.0,0.01,0.0,5.0,0.08584936372030816,0.028405886714692352,0.10654213321036679,0.5118404511685991,0.42322851322253124,24,0.3333333333333333,3.1721133556478893,35.21418717972052,23.083333333333332,2.1633172757106505,0.4794116469980523,0.5425050855314355,1.044381702835388,1.13597645319587
mac_walkforward-2026-08-17T14:17:31,0,c008,mac_walkforward-2026-08-17T14:17:31-w0-train,c008,16,train,"Escolher os parâmetros do MAC pelo melhor Sharpe de cada janela de treino e aplicá-los na janela seguinte intocada. Duas perguntas: (1) a escolha é estável entre janelas ou cada período elege um parâmetro diferente — o que já seria veredicto negativo sozinho; (2) quanto do retorno in-sample sobrevive out-of-sample (WFE).
",RADL3.SA,2018-01-01,2020-12-31,MovingAverageCrossover,AtrStop,12,21,14,2.0,0.01,0.0,5.0,0.08530344357809039,0.028230022092657903,0.036599218184960446,0.7218821694135474,0.5686288886228968,19,0.5263157894736842,2.44888868164438,45.00218738204316,28.94736842105263,0.4157875476822177,0.12551574962166634,0.37378174741142406,0.5137071191239666,0.5292834319481969
mac_walkforward-2026-08-17T14:17:31,0,c008,mac_walkforward-2026-08-17T14:17:31-w0-train,c009,16,train,"Escolher os parâmetros do MAC pelo melhor Sharpe de cada janela de treino e aplicá-los na janela seguinte intocada. Duas perguntas: (1) a escolha é estável entre janelas ou cada período elege um parâmetro diferente — o que já seria veredicto negativo sozinho; (2) quanto do retorno in-sample sobrevive out-of-sample (WFE).
",PETR4.SA,2018-01-01,2020-12-31,MovingAverageCrossover,AtrStop,12,21,14,2.5,0.01,0.0,5.0,0.04475865637230614,0.015002173737620028,0.04654624463284721,0.42191586704395495,0.3130839511160079,14,0.42857142857142855,1.6531255571986407,10.37133742133284,38.714285714285715,0.8454101484955909,0.23166651221330214,0.6334389595560723,0.6682337426994381,0.6380948190749378
mac_walkforward-2026-08-17T14:17:31,0,c008,mac_walkforward-2026-08-17T14:17:31-w0-train,c009,16,train,"Escolher os parâmetros do MAC pelo melhor Sharpe de cada janela de treino e aplicá-los na janela seguinte intocada. Duas perguntas: (1) a escolha é estável entre janelas ou cada período elege um parâmetro diferente — o que já seria veredicto negativo sozinho; (2) quanto do retorno in-sample sobrevive out-of-sample (WFE).
",VALE3.SA,2018-01-01,2020-12-31,MovingAverageCrossover,AtrStop,12,21,14,2.5,0.01,0.0,5.0,0.07627604872251603,0.025313403202932072,0.0490403763398707,0.7132865073756393,0.5295614612703967,18,0.5,1.1922601402384674,9.942047836425859,33.44444444444444,1.3299203300027318,0.3332933355999199,0.43671319769105915,0.8815399015428006,0.8869369947122574
mac_walkforward-2026-08-17T14:17:31,0,c008,mac_walkforward-2026-08-17T14:17:31-w0-train,c009,16,train,"Escolher os parâmetros do MAC pelo melhor Sharpe de cada janela de treino e aplicá-los na janela seguinte intocada. Duas perguntas: (1) a escolha é estável entre janelas ou cada período elege um parâmetro diferente — o que já seria veredicto negativo sozinho; (2) quanto do retorno in-sample sobrevive out-of-sample (WFE).
",ITUB4.SA,2018-01-01,2020-12-31,MovingAverageCrossover,AtrStop,12,21,14,2.5,0.01,0.0,5.0,0.02942967070885749,0.009912835011242294,0.05622868951243865,0.3301935609153952,0.2476700159741436,18,0.2777777777777778,1.9527321490644196,-9.354364471804871,25.055555555555557,0.2990652166537997,0.09305930430252318,0.44319133495797625,0.4275422812668474,0.4373487411725101
mac_walkforward-2026-08-17T14:17:31,0,c008,mac_walkforward-2026-08-17T14:17:31-w0-train,c009,16,train,"Escolher os parâmetros do MAC pelo melhor Sharpe de cada janela de treino e aplicá-los na janela seguinte intocada. Duas perguntas: (1) a escolha é estável entre janelas ou cada período elege um parâmetro diferente — o que já seria veredicto negativo sozinho; (2) quanto do retorno in-sample sobrevive out-of-sample (WFE).
",BBDC4.SA,2018-01-01,2020-12-31,MovingAverageCrossover,AtrStop,12,21,14,2.5,0.01,0.0,5.0,0.07301913881398603,0.0242571812607566,0.0439886848784393,0.7099876562582793,0.5810441290237585,16,0.5,1.4715301373027134,16.893337549892962,29.25,0.2710986779510052,0.08499912102138785,0.5273591075996285,0.4032463029748291,0.416719461088104
mac_walkforward-2026-08-17T14:17:31,0,c008,mac_walkforward-2026-08-17T14:17:31-w0-train,c009,16,train,"Escolher os parâmetros do MAC pelo melhor Sharpe de cada janela de treino e aplicá-los na janela seguinte intocada. Duas perguntas: (1) a escolha é estável entre janelas ou cada período elege um parâmetro diferente — o que já seria veredicto negativo sozinho; (2) quanto do retorno in-sample sobrevive out-of-sample (WFE).
",WEGE3.SA,2018-01-01,2020-12-31,MovingAverageCrossover,AtrStop,12,21,14,2.5,0.01,0.0,5.0,0.1551191615102323,0.05026327347840165,0.0783163736670462,0.9476364465407642,0.7154300333138175,17,0.4117647058823529,6.481834084290519,91.24656559425428,37.76470588235294,3.099627292890071,0.6157817654292959,0.46659935014370946,1.4023917637339827,1.3677758192091742
mac_walkforward-2026-08-17T14:17:31,0,c008,mac_walkforward-2026-08-17T14:17:31-w0-train,c009,16,train,"Escolher os parâmetros do MAC pelo melhor Sharpe de cada janela de treino e aplicá-los na janela seguinte intocada. Duas perguntas: (1) a escolha é estável entre janelas ou cada período elege um parâmetro diferente — o que já seria veredicto negativo sozinho; (2) quanto do retorno in-sample sobrevive out-of-sample (WFE).
",ABEV3.SA,2018-01-01,2020-12-31,MovingAverageCrossover,AtrStop,12,21,14,2.5,0.01,0.0,5.0,0.02980533521167783,0.010038154154323076,0.022697679330316727,0.37235288089944124,0.27891817411095443,15,0.4666666666666667,1.7878752917493463,15.746113682074688,34.733333333333334,-0.21484674490833644,-0.07896527920004814,0.5193115087911396,-0.07904947911044154,-0.07815419963759383
mac_walkforward-2026-08-17T14:17:31,0,c008,mac_walkforward-2026-08-17T14:17:31-w0-train,c009,16,train,"Escolher os parâmetros do MAC pelo melhor Sharpe de cada janela de treino e aplicá-los na janela seguinte intocada. Duas perguntas: (1) a escolha é estável entre janelas ou cada período elege um parâmetro diferente — o que já seria veredicto negativo sozinho; (2) quanto do retorno in-sample sobrevive out-of-sample (WFE).
",B3SA3.SA,2018-01-01,2020-12-31,MovingAverageCrossover,AtrStop,12,21,14,2.5,0.01,0.0,5.0,0.06321060859705874,0.021063420354376694,0.03566089601345657,0.6468903464576522,0.5056692300997719,17,0.47058823529411764,1.9081735613865187,28.72463668645998,32.411764705882355,1.964661146986967,0.4471373000105332,0.42679733695243394,1.076700327079813,1.1124940366527623
mac_walkforward-2026-08-17T14:17:31,0,c008,mac_walkforward-2026-08-17T14:17:31-w0-train,c009,16,train,"Escolher os parâmetros do MAC pelo melhor Sharpe de cada janela de treino e aplicá-los na janela seguinte intocada. Duas perguntas: (1) a escolha é estável entre janelas ou cada período elege um parâmetro diferente — o que já seria veredicto negativo sozinho; (2) quanto do retorno in-sample sobrevive out-of-sample (WFE).
",RENT3.SA,2018-01-01,2020-12-31,MovingAverageCrossover,AtrStop,12,21,14,2.5,0.01,0.0,5.0,0.13867178423002757,0.045153494085949486,0.028220540988173413,1.3547641465853435,1.2791607644750587,15,0.7333333333333333,2.5445554513246824,92.44785615335178,46.86666666666667,2.268939394596165,0.4960289158043587,0.5788071086564944,1.0350061630518586,1.0845976784009492
mac_walkforward-2026-08-17T14:17:31,0,c008,mac_walkforward-2026-08-17T14:17:31-w0-train,c009,16,train,"Escolher os parâmetros do MAC pelo melhor Sharpe de cada janela de treino e aplicá-los na janela seguinte intocada. Duas perguntas: (1) a escolha é estável entre janelas ou cada período elege um parâmetro diferente — o que já seria veredicto negativo sozinho; (2) quanto do retorno in-sample sobrevive out-of-sample (WFE).
",SUZB3.SA,2018-01-01,2020-12-31,MovingAverageCrossover,AtrStop,12,21,14,2.5,0.01,0.0,5.0,0.07384283757806531,0.02452450795370531,0.08214076776299693,0.5373221124237844,0.4545295460319433,24,0.375,2.7890939764073126,30.337102381512413,24.375,2.1633172757106505,0.4794116469980523,0.5425050855314355,1.044381702835388,1.13597645319587
mac_walkforward-2026-08-17T14:17:31,0,c008,mac_walkforward-2026-08-17T14:17:31-w0-train,c009,16,train,"Escolher os parâmetros do MAC pelo melhor Sharpe de cada janela de treino e aplicá-los na janela seguinte intocada. Duas perguntas: (1) a escolha é estável entre janelas ou cada período elege um parâmetro diferente — o que já seria veredicto negativo sozinho; (2) quanto do retorno in-sample sobrevive out-of-sample (WFE).
",RADL3.SA,2018-01-01,2020-12-31,MovingAverageCrossover,AtrStop,12,21,14,2.5,0.01,0.0,5.0,0.06837715746764772,0.022748115225507348,0.02954940819986963,0.7227556013043298,0.5741830961406652,19,0.5263157894736842,2.4774801756410336,36.07116764225461,29.473684210526315,0.4157875476822177,0.12551574962166634,0.37378174741142406,0.5137071191239666,0.5292834319481969
mac_walkforward-2026-08-17T14:17:31,0,c008,mac_walkforward-2026-08-17T14:17:31-w0-train,c010,16,train,"Escolher os parâmetros do MAC pelo melhor Sharpe de cada janela de treino e aplicá-los na janela seguinte intocada. Duas perguntas: (1) a escolha é estável entre janelas ou cada período elege um parâmetro diferente — o que já seria veredicto negativo sozinho; (2) quanto do retorno in-sample sobrevive out-of-sample (WFE).
",PETR4.SA,2018-01-01,2020-12-31,MovingAverageCrossover,AtrStop,12,50,14,2.0,0.01,0.0,5.0,0.094961445860273,0.03133270870627092,0.028022830590115587,0.7956946354645841,0.6138514666409696,6,0.6666666666666666,2.042838273312925,108.18589301306618,82.83333333333333,0.8454101484955909,0.23166651221330214,0.6334389595560723,0.6682337426994381,0.6380948190749378
mac_walkforward-2026-08-17T14:17:31,0,c008,mac_walkforward-2026-08-17T14:17:31-w0-train,c010,16,train,"Escolher os parâmetros do MAC pelo melhor Sharpe de cada janela de treino e aplicá-los na janela seguinte intocada. Duas perguntas: (1) a escolha é estável entre janelas ou cada período elege um parâmetro diferente — o que já seria veredicto negativo sozinho; (2) quanto do retorno in-sample sobrevive out-of-sample (WFE).
",VALE3.SA,2018-01-01,2020-12-31,MovingAverageCrossover,AtrStop,12,50,14,2.0,0.01,0.0,5.0,0.04642879552260393,0.015553688381715558,0.1006374486007354,0.4098717685941914,0.23534814465528398,10,0.3,1.4568097434351268,-28.031365247089305,32.7,1.3299203300027318,0.3332933355999199,0.43671319769105915,0.8815399015428006,0.8869369947122574
mac_walkforward-2026-08-17T14:17:31,0,c008,mac_walkforward-2026-08-17T14:17:31-w0-train,c010,16,train,"Escolher os parâmetros do MAC pelo melhor Sharpe de cada janela de treino e aplicá-los na janela seguinte intocada. Duas perguntas: (1) a escolha é estável entre janelas ou cada período elege um parâmetro diferente — o que já seria veredicto negativo sozinho; (2) quanto do retorno in-sample sobrevive out-of-sample (WFE).
",ITUB4.SA,2018-01-01,2020-12-31,MovingAverageCrossover,AtrStop,12,50,14,2.0,0.01,0.0,5.0,-0.033325842088084756,-0.011460459994207417,0.06702335616644949,-0.32381480380114364,-0.19381919972122746,9,0.2222222222222222,1.7113222924002118,-37.028713431205034,43.55555555555556,0.2990652166537997,0.09305930430252318,0.44319133495797625,0.4275422812668474,0.4373487411725101
mac_walkforward-2026-08-17T14:17:31,0,c008,mac_walkforward-2026-08-17T14:17:31-w0-train,c010,16,train,"Escolher os parâmetros do MAC pelo melhor Sharpe de cada janela de treino e aplicá-los na janela seguinte intocada. Duas perguntas: (1) a escolha é estável entre janelas ou cada período elege um parâmetro diferente — o que já seria veredicto negativo sozinho; (2) quanto do retorno in-sample sobrevive out-of-sample (WFE).
",BBDC4.SA,2018-01-01,2020-12-31,MovingAverageCrossover,AtrStop,12,50,14,2.0,0.01,0.0,5.0,0.0009191002792638958,0.0003124737728346094,0.06199619473460325,0.02657848030287765,0.017503014403019504,8,0.125,7.143280054187344,1.1488753490794696,54.375,0.2710986779510052,0.08499912102138785,0.5273591075996285,0.4032463029748291,0.416719461088104
mac_walkforward-2026-08-17T14:17:31,0,c008,mac_walkforward-2026-08-17T14:17:31-w0-train,c010,16,train,"Escolher os parâmetros do MAC pelo melhor Sharpe de cada janela de treino e aplicá-los na janela seguinte intocada. Duas perguntas: (1) a escolha é estável entre janelas ou cada período elege um parâmetro diferente — o que já seria veredicto negativo sozinho; (2) quanto do retorno in-sample sobrevive out-of-sample (WFE).
",WEGE3.SA,2018-01-01,2020-12-31,MovingAverageCrossover,AtrStop,12,50,14,2.0,0.01,0.0,5.0,-0.032028938476647784,-0.011009631023889743,0.04605234152456902,-0.3596493235503607,-0.17446978145408942,10,0.2,2.158888535587652,-32.028938476647866,28.3,3.099627292890071,0.6157817654292959,0.46659935014370946,1.4023917637339827,1.3677758192091742
mac_walkforward-2026-08-17T14:17:31,0,c008,mac_walkforward-2026-08-17T14:17:31-w0-train,c010,16,train,"Escolher os parâmetros do MAC pelo melhor Sharpe de cada janela de treino e aplicá-los na janela seguinte intocada. Duas perguntas: (1) a escolha é estável entre janelas ou cada período elege um parâmetro diferente — o que já seria veredicto negativo sozinho; (2) quanto do retorno in-sample sobrevive out-of-sample (WFE).
",ABEV3.SA,2018-01-01,2020-12-31,MovingAverageCrossover,AtrStop,12,50,14,2.0,0.01,0.0,5.0,-0.03741606124775132,-0.012884919736607992,0.05475056377318473,-0.39471781127554223,-0.22226892115870622,8,0.25,0.825341383744974,-46.770076559689535,40.5,-0.21484674490833644,-0.07896527920004814,0.5193115087911396,-0.07904947911044154,-0.07815419963759383
mac_walkforward-2026-08-17T14:17:31,0,c008,mac_walkforward-2026-08-17T14:17:31-w0-train,c010,16,train,"Escolher os parâmetros do MAC pelo melhor Sharpe de cada janela de treino e aplicá-los na janela seguinte intocada. Duas perguntas: (1) a escolha é estável entre janelas ou cada período elege um parâmetro diferente — o que já seria veredicto negativo sozinho; (2) quanto do retorno in-sample sobrevive out-of-sample (WFE).
",B3SA3.SA,2018-01-01,2020-12-31,MovingAverageCrossover,AtrStop,12,50,14,2.0,0.01,0.0,5.0,0.088043492673191,0.02911212315327738,0.0325075623443047,0.7905203312897645,0.5464016922504972,6,0.5,3.3130054040337673,121.9724939051004,72.5,1.964661146986967,0.4471373000105332,0.42679733695243394,1.076700327079813,1.1124940366527623
mac_walkforward-2026-08-17T14:17:31,0,c008,mac_walkforward-2026-08-17T14:17:31-w0-train,c010,16,train,"Escolher os parâmetros do MAC pelo melhor Sharpe de cada janela de treino e aplicá-los na janela seguinte intocada. Duas perguntas: (1) a escolha é estável entre janelas ou cada período elege um parâmetro diferente — o que já seria veredicto negativo sozinho; (2) quanto do retorno in-sample sobrevive out-of-sample (WFE).
",RENT3.SA,2018-01-01,2020-12-31,MovingAverageCrossover,AtrStop,12,50,14,2.0,0.01,0.0,5.0,0.12610364451436906,0.041215968867243546,0.05941743110532696,1.0519400018759788,0.8062214482074722,4,0.5,3.932015386608992,154.60711653051337,108.75,2.268939394596165,0.4960289158043587,0.5788071086564944,1.0350061630518586,1.0845976784009492
mac_walkforward-2026-08-17T14:17:31,0,c008,mac_walkforward-2026-08-17T14:17:31-w0-train,c010,16,train,"Escolher os parâmetros do MAC pelo melhor Sharpe de cada janela de treino e aplicá-los na janela seguinte intocada. Duas perguntas: (1) a escolha é estável entre janelas ou cada período elege um parâmetro diferente — o que já seria veredicto negativo sozinho; (2) quanto do retorno in-sample sobrevive out-of-sample (WFE).
",SUZB3.SA,2018-01-01,2020-12-31,MovingAverageCrossover,AtrStop,12,50,14,2.0,0.01,0.0,5.0,0.06941856909751087,0.023087044607758456,0.03332815211357185,0.676254713727212,0.4950606648645344,5,0.8,1.4245981663818525,95.57088385077779,76.4,2.1633172757106505,0.4794116469980523,0.5425050855314355,1.044381702835388,1.13597645319587
mac_walkforward-2026-08-17T14:17:31,0,c008,mac_walkforward-2026-08-17T14:17:31-w0-train,c010,16,train,"Escolher os parâmetros do MAC pelo melhor Sharpe de cada janela de treino e aplicá-los na janela seguinte intocada. Duas perguntas: (1) a escolha é estável entre janelas ou cada período elege um parâmetro diferente — o que já seria veredicto negativo sozinho; (2) quanto do retorno in-sample sobrevive out-of-sample (WFE).
",RADL3.SA,2018-01-01,2020-12-31,MovingAverageCrossover,AtrStop,12,50,14,2.0,0.01,0.0,5.0,0.059037519851949494,0.01969872196728195,0.059225047694125184,0.47235319671869674,0.3172444112822253,7,0.42857142857142855,2.9787571217139686,84.33931407421348,65.71428571428571,0.4157875476822177,0.12551574962166634,0.37378174741142406,0.5137071191239666,0.5292834319481969
mac_walkforward-2026-08-17T14:17:31,0,c008,mac_walkforward-2026-08-17T14:17:31-w0-train,c011,16,train,"Escolher os parâmetros do MAC pelo melhor Sharpe de cada janela de treino e aplicá-los na janela seguinte intocada. Duas perguntas: (1) a escolha é estável entre janelas ou cada período elege um parâmetro diferente — o que já seria veredicto negativo sozinho; (2) quanto do retorno in-sample sobrevive out-of-sample (WFE).
",PETR4.SA,2018-01-01,2020-12-31,MovingAverageCrossover,AtrStop,12,50,14,2.5,0.01,0.0,5.0,0.07121147518133486,0.023670039364847684,0.02445299957042938,0.747045869570449,0.5835051455236945,6,0.6666666666666666,1.6443453007976758,79.35216986773928,84.5,0.8454101484955909,0.23166651221330214,0.6334389595560723,0.6682337426994381,0.6380948190749378
mac_walkforward-2026-08-17T14:17:31,0,c008,mac_walkforward-2026-08-17T14:17:31-w0-train,c011,16,train,"Escolher os parâmetros do MAC pelo melhor Sharpe de cada janela de treino e aplicá-los na janela seguinte intocada. Duas perguntas: (1) a escolha é estável entre janelas ou cada período elege um parâmetro diferente — o que já seria veredicto negativo sozinho; (2) quanto do retorno in-sample sobrevive out-of-sample (WFE).
",VALE3.SA,2018-01-01,2020-12-31,MovingAverageCrossover,AtrStop,12,50,14,2.5,0.01,0.0,5.0,0.047837052677852876,0.016018272925167443,0.07241897392730158,0.4756591349606385,0.30548979656420233,10,0.4,1.1539695907366345,-12.9467520321004,43.1,1.3299203300027318,0.3332933355999199,0.43671319769105915,0.8815399015428006,0.8869369947122574
mac_walkforward-2026-08-17T14:17:31,0,c008,mac_walkforward-2026-08-17T14:17:31-w0-train,c011,16,train,"Escolher os parâmetros do MAC pelo melhor Sharpe de cada janela de treino e aplicá-los na janela seguinte intocada. Duas perguntas: (1) a escolha é estável entre janelas ou cada período elege um parâmetro diferente — o que já seria veredicto negativo sozinho; (2) quanto do retorno in-sample sobrevive out-of-sample (WFE).
",ITUB4.SA,2018-01-01,2020-12-31,MovingAverageCrossover,AtrStop,12,50,14,2.5,0.01,0.0,5.0,-0.0235577327443387,-0.008074635766384564,0.05075342960861722,-0.2579511508898394,-0.16655291980538894,9,0.2222222222222222,1.8231728258626096,-26.175258604821117,51.22222222222222,0.2990652166537997,0.09305930430252318,0.44319133495797625,0.4275422812668474,0.4373487411725101
mac_walkforward-2026-08-17T14:17:31,0,c008,mac_walkforward-2026-08-17T14:17:31-w0-train,c011,16,train,"Escolher os parâmetros do MAC pelo melhor Sharpe de cada janela de treino e aplicá-los na janela seguinte intocada. Duas perguntas: (1) a escolha é estável entre janelas ou cada período elege um parâmetro diferente — o que já seria veredicto negativo sozinho; (2) quanto do retorno in-sample sobrevive out-of-sample (WFE).
",BBDC4.SA,2018-01-01,2020-12-31,MovingAverageCrossover,AtrStop,12,50,14,2.5,0.01,0.0,5.0,-0.004910738713883034,-0.0016727622253668306,0.05400407802028705,-0.04339020976361592,-0.02843747111456465,8,0.125,6.175798881456863,-6.1384233923542055,54.625,0.2710986779510052,0.08499912102138785,0.5273591075996285,0.4032463029748291,0.416719461088104
mac_walkforward-2026-08-17T14:17:31,0,c008,mac_walkforward-2026-08-17T14:17:31-w0-train,c011,16,train,"Escolher os parâmetros do MAC pelo melhor Sharpe de cada janela de treino e aplicá-los na janela seguinte intocada. Duas perguntas: (1) a escolha é estável entre janelas ou cada período elege um parâmetro diferente — o que já seria veredicto negativo sozinho; (2) quanto do retorno in-sample sobrevive out-of-sample (WFE).
",WEGE3.SA,2018-01-01,2020-12-31,MovingAverageCrossover,AtrStop,12,50,14,2.5,0.01,0.0,5.0,-0.004324839889519705,-0.0014728996468743594,0.13266014120476177,0.0013279785468080314,0.000772037470036429,10,0.4,1.3585433238729663,-4.324839889519917,52.7,3.099627292890071,0.6157817654292959,0.46659935014370946,1.4023917637339827,1.3677758192091742
mac_walkforward-2026-08-17T14:17:31,0,c008,mac_walkforward-2026-08-17T14:17:31-w0-train,c011,16,train,"Escolher os parâmetros do MAC pelo melhor Sharpe de cada janela de treino e aplicá-los na janela seguinte intocada. Duas perguntas: (1) a escolha é estável entre janelas ou cada período elege um parâmetro diferente — o que já seria veredicto negativo sozinho; (2) quanto do retorno in-sample sobrevive out-of-sample (WFE).
",ABEV3.SA,2018-01-01,2020-12-31,MovingAverageCrossover,AtrStop,12,50,14,2.5,0.01,0.0,5.0,-0.03754601557511128,-0.012930243044759315,0.0473822732971464,-0.4905767010851232,-0.2963769203472514,8,0.25,0.697176181382426,-46.93251946888905,45.25,-0.21484674490833644,-0.07896527920004814,0.5193115087911396,-0.07904947911044154,-0.07815419963759383
mac_walkforward-2026-08-17T14:17:31,0,c008,mac_walkforward-2026-08-17T14:17:31-w0-train,c011,16,train,"Escolher os parâmetros do MAC pelo melhor Sharpe de cada janela de treino e aplicá-los na janela seguinte intocada. Duas perguntas: (1) a escolha é estável entre janelas ou cada período elege um parâmetro diferente — o que já seria veredicto negativo sozinho; (2) quanto do retorno in-sample sobrevive out-of-sample (WFE).
",B3SA3.SA,2018-01-01,2020-12-31,MovingAverageCrossover,AtrStop,12,50,14,2.5,0.01,0.0,5.0,0.06364098245357974,0.021203961546954808,0.030169255806199686,0.6940137107241827,0.4770356385115761,6,0.5,2.667792939228846,86.72672156436708,74.16666666666667,1.964661146986967,0.4471373000105332,0.42679733695243394,1.076700327079813,1.1124940366527623
mac_walkforward-2026-08-17T14:17:31,0,c008,mac_walkforward-2026-08-17T14:17:31-w0-train,c011,16,train,"Escolher os parâmetros do MAC pelo melhor Sharpe de cada janela de treino e aplicá-los na janela seguinte intocada. Duas perguntas: (1) a escolha é estável entre janelas ou cada período elege um parâmetro diferente — o que já seria veredicto negativo sozinho; (2) quanto do retorno in-sample sobrevive out-of-sample (WFE).
",RENT3.SA,2018-01-01,2020-12-31,MovingAverageCrossover,AtrStop,12,50,14,2.5,0.01,0.0,5.0,0.09532056902179686,0.031447730124785744,0.050221140610284015,0.9854002214785696,0.74152940298357,4,0.5,3.1571174296833995,112.57377448504162,108.75,2.268939394596165,0.4960289158043587,0.5788071086564944,1.0350061630518586,1.0845976784009492
mac_walkforward-2026-08-17T14:17:31,0,c008,mac_walkforward-2026-08-17T14:17:31-w0-train,c011,16,train,"Escolher os parâmetros do MAC pelo melhor Sharpe de cada janela de treino e aplicá-los na janela seguinte intocada. Duas perguntas: (1) a escolha é estável entre janelas ou cada período elege um parâmetro diferente — o que já seria veredicto negativo sozinho; (2) quanto do retorno in-sample sobrevive out-of-sample (WFE).
",SUZB3.SA,2018-01-01,2020-12-31,MovingAverageCrossover,AtrStop,12,50,14,2.5,0.01,0.0,5.0,0.0529527359510471,0.017702479904559754,0.02795258056768838,0.6504485570695765,0.47641105371275094,5,0.8,1.1773571474478661,72.40901692590523,76.6,2.1633172757106505,0.4794116469980523,0.5425050855314355,1.044381702835388,1.13597645319587
mac_walkforward-2026-08-17T14:17:31,0,c008,mac_walkforward-2026-08-17T14:17:31-w0-train,c011,16,train,"Escolher os parâmetros do MAC pelo melhor Sharpe de cada janela de treino e aplicá-los na janela seguinte intocada. Duas perguntas: (1) a escolha é estável entre janelas ou cada período elege um parâmetro diferente — o que já seria veredicto negativo sozinho; (2) quanto do retorno in-sample sobrevive out-of-sample (WFE).
",RADL3.SA,2018-01-01,2020-12-31,MovingAverageCrossover,AtrStop,12,50,14,2.5,0.01,0.0,5.0,0.043115784462154805,0.014459095367571617,0.04963883762280855,0.43021647759604614,0.2897557645528984,7,0.42857142857142855,2.7054056595158316,61.59397780307818,65.85714285714286,0.4157875476822177,0.12551574962166634,0.37378174741142406,0.5137071191239666,0.5292834319481969
mac_walkforward-2026-08-17T14:17:31,0,c008,mac_walkforward-2026-08-17T14:17:31-w0-train,c012,16,train,"Escolher os parâmetros do MAC pelo melhor Sharpe de cada janela de treino e aplicá-los na janela seguinte intocada. Duas perguntas: (1) a escolha é estável entre janelas ou cada período elege um parâmetro diferente — o que já seria veredicto negativo sozinho; (2) quanto do retorno in-sample sobrevive out-of-sample (WFE).
",PETR4.SA,2018-01-01,2020-12-31,MovingAverageCrossover,AtrStop,20,21,14,2.0,0.01,0.0,5.0,0.028049184304925978,0.009452054667332455,0.07560004025670758,0.22342670036502724,0.1705295075663537,41,0.4634146341463415,1.1659028330845724,0.19994132356752983,12.951219512195122,0.8454101484955909,0.23166651221330214,0.6334389595560723,0.6682337426994381,0.6380948190749378
mac_walkforward-2026-08-17T14:17:31,0,c008,mac_walkforward-2026-08-17T14:17:31-w0-train,c012,16,train,"Escolher os parâmetros do MAC pelo melhor Sharpe de cada janela de treino e aplicá-los na janela seguinte intocada. Duas perguntas: (1) a escolha é estável entre janelas ou cada período elege um parâmetro diferente — o que já seria veredicto negativo sozinho; (2) quanto do retorno in-sample sobrevive out-of-sample (WFE).
",VALE3.SA,2018-01-01,2020-12-31,MovingAverageCrossover,AtrStop,20,21,14,2.0,0.01,0.0,5.0,0.14313541242785832,0.04654501897083585,0.05238618087437276,0.9675217227872567,0.730472122450201,46,0.4782608695652174,1.5839536569623642,13.024452167645833,11.956521739130435,1.3299203300027318,0.3332933355999199,0.43671319769105915,0.8815399015428006,0.8869369947122574
mac_walkforward-2026-08-17T14:17:31,0,c008,mac_walkforward-2026-08-17T14:17:31-w0-train,c012,16,train,"Escolher os parâmetros do MAC pelo melhor Sharpe de cada janela de treino e aplicá-los na janela seguinte intocada. Duas perguntas: (1) a escolha é estável entre janelas ou cada período elege um parâmetro diferente — o que já seria veredicto negativo sozinho; (2) quanto do retorno in-sample sobrevive out-of-sample (WFE).
",ITUB4.SA,2018-01-01,2020-12-31,MovingAverageCrossover,AtrStop,20,21,14,2.0,0.01,0.0,5.0,-0.010534859053089707,-0.0035952319673075994,0.09546927063235096,-0.07955985461281088,-0.059164589921980905,47,0.3617021276595745,0.9625616370573309,-12.365993706919486,8.702127659574469,0.2990652166537997,0.09305930430252318,0.44319133495797625,0.4275422812668474,0.4373487411725101
mac_walkforward-2026-08-17T14:17:31,0,c008,mac_walkforward-2026-08-17T14:17:31-w0-train,c012,16,train,"Escolher os parâmetros do MAC pelo melhor Sharpe de cada janela de treino e aplicá-los na janela seguinte intocada. Duas perguntas: (1) a escolha é estável entre janelas ou cada período elege um parâmetro diferente — o que já seria veredicto negativo sozinho; (2) quanto do retorno in-sample sobrevive out-of-sample (WFE).
",BBDC4.SA,2018-01-01,2020-12-31,MovingAverageCrossover,AtrStop,20,21,14,2.0,0.01,0.0,5.0,-0.02275442337313105,-0.007797188955089185,0.07560471155920641,-0.18645799247447994,-0.12973653011305183,40,0.475,0.8895496167773251,-5.688605843282745,11.025,0.2710986779510052,0.08499912102138785,0.5273591075996285,0.4032463029748291,0.416719461088104
mac_walkforward-2026-08-17T14:17:31,0,c008,mac_walkforward-2026-08-17T14:17:31-w0-train,c012,16,train,"Escolher os parâmetros do MAC pelo melhor Sharpe de cada janela de treino e aplicá-los na janela seguinte intocada. Duas perguntas: (1) a escolha é estável entre janelas ou cada período elege um parâmetro diferente — o que já seria veredicto negativo sozinho; (2) quanto do retorno in-sample sobrevive out-of-sample (WFE).
",WEGE3.SA,2018-01-01,2020-12-31,MovingAverageCrossover,AtrStop,20,21,14,2.0,0.01,0.0,5.0,0.14705958766613514,0.04776541193531325,0.12643710688933332,0.7232461668042885,0.4893015525125911,45,0.4222222222222222,3.2997046046641456,32.67990837025231,12.777777777777779,3.099627292890071,0.6157817654292959,0.46659935014370946,1.4023917637339827,1.3677758192091742
mac_walkforward-2026-08-17T14:17:31,0,c008,mac_walkforward-2026-08-17T14:17:31-w0-train,c012,16,train,"Escolher os parâmetros do MAC pelo melhor Sharpe de cada janela de treino e aplicá-los na janela seguinte intocada. Duas perguntas: (1) a escolha é estável entre janelas ou cada período elege um parâmetro diferente — o que já seria veredicto negativo sozinho; (2) quanto do retorno in-sample sobrevive out-of-sample (WFE).
",ABEV3.SA,2018-01-01,2020-12-31,MovingAverageCrossover,AtrStop,20,21,14,2.0,0.01,0.0,5.0,0.020311944208511568,0.006861922841430834,0.040145208206449436,0.20955257920556003,0.15805812353249243,35,0.5714285714285714,0.9457369692714498,6.136903834654801,13.857142857142858,-0.21484674490833644,-0.07896527920004814,0.5193115087911396,-0.07904947911044154,-0.07815419963759383
mac_walkforward-2026-08-17T14:17:31,0,c008,mac_walkforward-2026-08-17T14:17:31-w0-train,c012,16,train,"Escolher os parâmetros do MAC pelo melhor Sharpe de cada janela de treino e aplicá-los na janela seguinte intocada. Duas perguntas: (1) a escolha é estável entre janelas ou cada período elege um parâmetro diferente — o que já seria veredicto negativo sozinho; (2) quanto do retorno in-sample sobrevive out-of-sample (WFE).
",B3SA3.SA,2018-01-01,2020-12-31,MovingAverageCrossover,AtrStop,20,21,14,2.0,0.01,0.0,5.0,0.025995003925843863,0.008765651518347184,0.05013860511856625,0.2262953218179721,0.18043509145040326,47,0.46808510638297873,1.2529531183925402,3.0838126451882464,12.02127659574468,1.964661146986967,0.4471373000105332,0.42679733695243394,1.076700327079813,1.1124940366527623
mac_walkforward-2026-08-17T14:17:31,0,c008,mac_walkforward-2026-08-17T14:17:31-w0-train,c012,16,train,"Escolher os parâmetros do MAC pelo melhor Sharpe de cada janela de treino e aplicá-los na janela seguinte intocada. Duas perguntas: (1) a escolha é estável entre janelas ou cada período elege um parâmetro diferente — o que já seria veredicto negativo sozinho; (2) quanto do retorno in-sample sobrevive out-of-sample (WFE).
",RENT3.SA,2018-01-01,2020-12-31,MovingAverageCrossover,AtrStop,20,21,14,2.0,0.01,0.0,5.0,0.11229644814075157,0.03685667931522807,0.04259643912498665,0.9346852388127401,0.8202607063476665,37,0.5675675675675675,1.5919887942672428,30.35039138939238,16.91891891891892,2.268939394596165,0.4960289158043587,0.5788071086564944,1.0350061630518586,1.0845976784009492
mac_walkforward-2026-08-17T14:17:31,0,c008,mac_walkforward-2026-08-17T14:17:31-w0-train,c012,16,train,"Escolher os parâmetros do MAC pelo melhor Sharpe de cada janela de treino e aplicá-los na janela seguinte intocada. Duas perguntas: (1) a escolha é estável entre janelas ou cada período elege um parâmetro diferente — o que já seria veredicto negativo sozinho; (2) quanto do retorno in-sample sobrevive out-of-sample (WFE).
",SUZB3.SA,2018-01-01,2020-12-31,MovingAverageCrossover,AtrStop,20,21,14,2.0,0.01,0.0,5.0,0.1967987368441979,0.06300057398896475,0.05447720981234887,1.159441549349329,1.0046380990659836,44,0.4318181818181818,3.5425805448742507,44.726985646408565,12.681818181818182,2.1633172757106505,0.4794116469980523,0.5425050855314355,1.044381702835388,1.13597645319587
mac_walkforward-2026-08-17T14:17:31,0,c008,mac_walkforward-2026-08-17T14:17:31-w0-train,c012,16,train,"Escolher os parâmetros do MAC pelo melhor Sharpe de cada janela de treino e aplicá-los na janela seguinte intocada. Duas perguntas: (1) a escolha é estável entre janelas ou cada período elege um parâmetro diferente — o que já seria veredicto negativo sozinho; (2) quanto do retorno in-sample sobrevive out-of-sample (WFE).
",RADL3.SA,2018-01-01,2020-12-31,MovingAverageCrossover,AtrStop,20,21,14,2.0,0.01,0.0,5.0,0.013554890179749757,0.004589296021853206,0.05144480025707999,0.14124226950665508,0.10376408470343286,50,0.46,1.2862934142771107,2.7109780359500473,9.14,0.4157875476822177,0.12551574962166634,0.37378174741142406,0.5137071191239666,0.5292834319481969
mac_walkforward-2026-08-17T14:17:31,0,c008,mac_walkforward-2026-08-17T14:17:31-w0-train,c013,16,train,"Escolher os parâmetros do MAC pelo melhor Sharpe de cada janela de treino e aplicá-los na janela seguinte intocada. Duas perguntas: (1) a escolha é estável entre janelas ou cada período elege um parâmetro diferente — o que já seria veredicto negativo sozinho; (2) quanto do retorno in-sample sobrevive out-of-sample (WFE).
",PETR4.SA,2018-01-01,2020-12-31,MovingAverageCrossover,AtrStop,20,21,14,2.5,0.01,0.0,5.0,0.018248686757357246,0.00616903537220681,0.06322002852596602,0.18056149650433995,0.13721250677471947,41,0.4634146341463415,1.1175374723635594,-0.841931923602333,13.073170731707316,0.8454101484955909,0.23166651221330214,0.6334389595560723,0.6682337426994381,0.6380948190749378
mac_walkforward-2026-08-17T14:17:31,0,c008,mac_walkforward-2026-08-17T14:17:31-w0-train,c013,16,train,"Escolher os parâmetros do MAC pelo melhor Sharpe de cada janela de treino e aplicá-los na janela seguinte intocada. Duas perguntas: (1) a escolha é estável entre janelas ou cada período elege um parâmetro diferente — o que já seria veredicto negativo sozinho; (2) quanto do retorno in-sample sobrevive out-of-sample (WFE).
",VALE3.SA,2018-01-01,2020-12-31,MovingAverageCrossover,AtrStop,20,21,14,2.5,0.01,0.0,5.0,0.10909976464803606,0.035842318540700635,0.04594282782829142,0.9229260579093285,0.7009071786752978,46,0.4782608695652174,1.523127503079871,9.41886997826302,12.108695652173912,1.3299203300027318,0.3332933355999199,0.43671319769105915,0.8815399015428006,0.8869369947122574
mac_walkforward-2026-08-17T14:17:31,0,c008,mac_walkforward-2026-08-17T14:17:31-w0-train,c013,16,train,"Escolher os parâmetros do MAC pelo melhor Sharpe de cada janela de treino e aplicá-los na janela seguinte intocada. Duas perguntas: (1) a escolha é estável entre janelas ou cada período elege um parâmetro diferente — o que já seria veredicto negativo sozinho; (2) quanto do retorno in-sample sobrevive out-of-sample (WFE).
",ITUB4.SA,2018-01-01,2020-12-31,MovingAverageCrossover,AtrStop,20,21,14,2.5,0.01,0.0,5.0,-0.0060246271128188145,-0.0020529475700112876,0.07514325749192423,-0.050594338718066796,-0.03907390830778856,47,0.3617021276595745,0.9801490864310753,-9.520427219796156,9.914893617021276,0.2990652166537997,0.09305930430252318,0.44319133495797625,0.4275422812668474,0.4373487411725101
mac_walkforward-2026-08-17T14:17:31,0,c008,mac_walkforward-2026-08-17T14:17:31-w0-train,c013,16,train,"Escolher os parâmetros do MAC pelo melhor Sharpe de cada janela de treino e aplicá-los na janela seguinte intocada. Duas perguntas: (1) a escolha é estável entre janelas ou cada período elege um parâmetro diferente — o que já seria veredicto negativo sozinho; (2) quanto do retorno in-sample sobrevive out-of-sample (WFE).
",BBDC4.SA,2018-01-01,2020-12-31,MovingAverageCrossover,AtrStop,20,21,14,2.5,0.01,0.0,5.0,0.028610521466182703,0.009639467662841072,0.06058048636691612,0.3015475842159557,0.23986666907097373,39,0.48717948717948717,0.9464830987277597,-2.1513049279365997,11.512820512820513,0.2710986779510052,0.08499912102138785,0.5273591075996285,0.4032463029748291,0.416719461088104
mac_walkforward-2026-08-17T14:17:31,0,c008,mac_walkforward-2026-08-17T14:17:31-w0-train,c013,16,train,"Escolher os parâmetros do MAC pelo melhor Sharpe de cada janela de treino e aplicá-los na janela seguinte intocada. Duas perguntas: (1) a escolha é estável entre janelas ou cada período elege um parâmetro diferente — o que já seria veredicto negativo sozinho; (2) quanto do retorno in-sample sobrevive out-of-sample (WFE).
",WEGE3.SA,2018-01-01,2020-12-31,MovingAverageCrossover,AtrStop,20,21,14,2.5,0.01,0.0,5.0,0.12565263865740262,0.041074133554253045,0.10282249491663126,0.7550475393844811,0.527585038173564,45,0.4444444444444444,3.2842985497575867,27.922808590533766,13.6,3.099627292890071,0.6157817654292959,0.46659935014370946,1.4023917637339827,1.3677758192091742
mac_walkforward-2026-08-17T14:17:31,0,c008,mac_walkforward-2026-08-17T14:17:31-w0-train,c013,16,train,"Escolher os parâmetros do MAC pelo melhor Sharpe de cada janela de treino e aplicá-los na janela seguinte intocada. Duas perguntas: (1) a escolha é estável entre janelas ou cada período elege um parâmetro diferente — o que já seria veredicto negativo sozinho; (2) quanto do retorno in-sample sobrevive out-of-sample (WFE).
",ABEV3.SA,2018-01-01,2020-12-31,MovingAverageCrossover,AtrStop,20,21,14,2.5,0.01,0.0,5.0,0.008564180075832484,0.002904323181844415,0.0360321284840799,0.11417131326968874,0.08631447199859928,35,0.5714285714285714,0.8473023239381284,2.709943908651132,14.114285714285714,-0.21484674490833644,-0.07896527920004814,0.5193115087911396,-0.07904947911044154,-0.07815419963759383
mac_walkforward-2026-08-17T14:17:31,0,c008,mac_walkforward-2026-08-17T14:17:31-w0-train,c013,16,train,"Escolher os parâmetros do MAC pelo melhor Sharpe de cada janela de treino e aplicá-los na janela seguinte intocada. Duas perguntas: (1) a escolha é estável entre janelas ou cada período elege um parâmetro diferente — o que já seria veredicto negativo sozinho; (2) quanto do retorno in-sample sobrevive out-of-sample (WFE).
",B3SA3.SA,2018-01-01,2020-12-31,MovingAverageCrossover,AtrStop,20,21,14,2.5,0.01,0.0,5.0,0.016435444788093,0.005559343309070375,0.042894135702892806,0.17930910565372662,0.144928871212484,47,0.46808510638297873,1.2077134055556777,1.5625768790125734,12.340425531914894,1.964661146986967,0.4471373000105332,0.42679733695243394,1.076700327079813,1.1124940366527623
mac_walkforward-2026-08-17T14:17:31,0,c008,mac_walkforward-2026-08-17T14:17:31-w0-train,c013,16,train,"Escolher os parâmetros do MAC pelo melhor Sharpe de cada janela de treino e aplicá-los na janela seguinte intocada. Duas perguntas: (1) a escolha é estável entre janelas ou cada período elege um parâmetro diferente — o que já seria veredicto negativo sozinho; (2) quanto do retorno in-sample sobrevive out-of-sample (WFE).
",RENT3.SA,2018-01-01,2020-12-31,MovingAverageCrossover,AtrStop,20,21,14,2.5,0.01,0.0,5.0,0.11402397987389268,0.037404053256503866,0.03031525799602017,1.1230745203107004,1.0413074101929443,37,0.6216216216216216,1.5249309385534082,30.81729185780871,18.243243243243242,2.268939394596165,0.4960289158043587,0.5788071086564944,1.0350061630518586,1.0845976784009492
mac_walkforward-2026-08-17T14:17:31,0,c008,mac_walkforward-2026-08-17T14:17:31-w0-train,c013,16,train,"Escolher os parâmetros do MAC pelo melhor Sharpe de cada janela de treino e aplicá-los na janela seguinte intocada. Duas perguntas: (1) a escolha é estável entre janelas ou cada período elege um parâmetro diferente — o que já seria veredicto negativo sozinho; (2) quanto do retorno in-sample sobrevive out-of-sample (WFE).
",SUZB3.SA,2018-01-01,2020-12-31,MovingAverageCrossover,AtrStop,20,21,14,2.5,0.01,0.0,5.0,0.16470423095205944,0.05321899636413163,0.04287857410699361,1.2006753503405116,1.063680089065696,44,0.45454545454545453,3.535247392113146,37.43277976183172,13.409090909090908,2.1633172757106505,0.4794116469980523,0.5425050855314355,1.044381702835388,1.13597645319587
mac_walkforward-2026-08-17T14:17:31,0,c008,mac_walkforward-2026-08-17T14:17:31-w0-train,c013,16,train,"Escolher os parâmetros do MAC pelo melhor Sharpe de cada janela de treino e aplicá-los na janela seguinte intocada. Duas perguntas: (1) a escolha é estável entre janelas ou cada período elege um parâmetro diferente — o que já seria veredicto negativo sozinho; (2) quanto do retorno in-sample sobrevive out-of-sample (WFE).
",RADL3.SA,2018-01-01,2020-12-31,MovingAverageCrossover,AtrStop,20,21,14,2.5,0.01,0.0,5.0,0.04362941725523517,0.014628945758942136,0.039525164809579655,0.4569366729237819,0.357829042306049,50,0.48,1.542825506687398,8.725883451047235,10.5,0.4157875476822177,0.12551574962166634,0.37378174741142406,0.5137071191239666,0.5292834319481969
mac_walkforward-2026-08-17T14:17:31,0,c008,mac_walkforward-2026-08-17T14:17:31-w0-train,c014,16,train,"Escolher os parâmetros do MAC pelo melhor Sharpe de cada janela de treino e aplicá-los na janela seguinte intocada. Duas perguntas: (1) a escolha é estável entre janelas ou cada período elege um parâmetro diferente — o que já seria veredicto negativo sozinho; (2) quanto do retorno in-sample sobrevive out-of-sample (WFE).
",PETR4.SA,2018-01-01,2020-12-31,MovingAverageCrossover,AtrStop,20,50,14,2.0,0.01,0.0,5.0,0.04762399510922344,0.01594801162109505,0.047439701306285505,0.43132431562720047,0.2770181823469471,6,0.5,1.7722240627804342,40.45160254462792,57.0,0.8454101484955909,0.23166651221330214,0.6334389595560723,0.6682337426994381,0.6380948190749378
mac_walkforward-2026-08-17T14:17:31,0,c008,mac_walkforward-2026-08-17T14:17:31-w0-train,c014,16,train,"Escolher os parâmetros do MAC pelo melhor Sharpe de cada janela de treino e aplicá-los na janela seguinte intocada. Duas perguntas: (1) a escolha é estável entre janelas ou cada período elege um parâmetro diferente — o que já seria veredicto negativo sozinho; (2) quanto do retorno in-sample sobrevive out-of-sample (WFE).
",VALE3.SA,2018-01-01,2020-12-31,MovingAverageCrossover,AtrStop,20,50,14,2.0,0.01,0.0,5.0,0.11434892637047045,0.037506950987691745,0.04412352881135835,0.9604766358077708,0.657725519528898,7,0.5714285714285714,1.651948820181326,54.01080109488231,54.142857142857146,1.3299203300027318,0.3332933355999199,0.43671319769105915,0.8815399015428006,0.8869369947122574
mac_walkforward-2026-08-17T14:17:31,0,c008,mac_walkforward-2026-08-17T14:17:31-w0-train,c014,16,train,"Escolher os parâmetros do MAC pelo melhor Sharpe de cada janela de treino e aplicá-los na janela seguinte intocada. Duas perguntas: (1) a escolha é estável entre janelas ou cada período elege um parâmetro diferente — o que já seria veredicto negativo sozinho; (2) quanto do retorno in-sample sobrevive out-of-sample (WFE).
",ITUB4.SA,2018-01-01,2020-12-31,MovingAverageCrossover,AtrStop,20,50,14,2.0,0.01,0.0,5.0,0.03201550789346719,0.01077484264905193,0.04519154268656451,0.3354566522010914,0.21349385488374653,6,0.3333333333333333,1.2068383945518637,-23.868299464530057,58.333333333333336,0.2990652166537997,0.09305930430252318,0.44319133495797625,0.4275422812668474,0.4373487411725101
mac_walkforward-2026-08-17T14:17:31,0,c008,mac_walkforward-2026-08-17T14:17:31-w0-train,c014,16,train,"Escolher os parâmetros do MAC pelo melhor Sharpe de cada janela de treino e aplicá-los na janela seguinte intocada. Duas perguntas: (1) a escolha é estável entre janelas ou cada período elege um parâmetro diferente — o que já seria veredicto negativo sozinho; (2) quanto do retorno in-sample sobrevive out-of-sample (WFE).
",BBDC4.SA,2018-01-01,2020-12-31,MovingAverageCrossover,AtrStop,20,50,14,2.0,0.01,0.0,5.0,0.0029971954803007517,0.0010182827903220115,0.04748298490649414,0.049455482636267895,0.02856632362460272,7,0.2857142857142857,2.643147780792839,4.2817078290013955,47.285714285714285,0.2710986779510052,0.08499912102138785,0.5273591075996285,0.4032463029748291,0.416719461088104
mac_walkforward-2026-08-17T14:17:31,0,c008,mac_walkforward-2026-08-17T14:17:31-w0-train,c014,16,train,"Escolher os parâmetros do MAC pelo melhor Sharpe de cada janela de treino e aplicá-los na janela seguinte intocada. Duas perguntas: (1) a escolha é estável entre janelas ou cada período elege um parâmetro diferente — o que já seria veredicto negativo sozinho; (2) quanto do retorno in-sample sobrevive out-of-sample (WFE).
",WEGE3.SA,2018-01-01,2020-12-31,MovingAverageCrossover,AtrStop,20,50,14,2.0,0.01,0.0,5.0,0.13116842678362883,0.04280620708026217,0.14810984869995478,0.606483588735633,0.37439097991945003,8,0.5,4.109502204158031,163.96053347953583,71.375,3.099627292890071,0.6157817654292959,0.46659935014370946,1.4023917637339827,1.3677758192091742
mac_walkforward-2026-08-17T14:17:31,0,c008,mac_walkforward-2026-08-17T14:17:31-w0-train,c014,16,train,"Escolher os parâmetros do MAC pelo melhor Sharpe de cada janela de treino e aplicá-los na janela seguinte intocada. Duas perguntas: (1) a escolha é estável entre janelas ou cada período elege um parâmetro diferente — o que já seria veredicto negativo sozinho; (2) quanto do retorno in-sample sobrevive out-of-sample (WFE).
",ABEV3.SA,2018-01-01,2020-12-31,MovingAverageCrossover,AtrStop,20,50,14,2.0,0.01,0.0,5.0,-0.046061620885420096,-0.01590902005332795,0.049589343482403264,-0.4695789769485932,-0.26384245276518714,8,0.25,0.7472676512336448,-57.577026106775065,40.25,-0.21484674490833644,-0.07896527920004814,0.5193115087911396,-0.07904947911044154,-0.07815419963759383
mac_walkforward-2026-08-17T14:17:31,0,c008,mac_walkforward-2026-08-17T14:17:31-w0-train,c014,16,train,"Escolher os parâmetros do MAC pelo melhor Sharpe de cada janela de treino e aplicá-los na janela seguinte intocada. Duas perguntas: (1) a escolha é estável entre janelas ou cada período elege um parâmetro diferente — o que já seria veredicto negativo sozinho; (2) quanto do retorno in-sample sobrevive out-of-sample (WFE).
",B3SA3.SA,2018-01-01,2020-12-31,MovingAverageCrossover,AtrStop,20,50,14,2.0,0.01,0.0,5.0,0.008292069262978208,0.0028122945930568743,0.03915765305616561,0.12546112855362285,0.06213359469058129,7,0.2857142857142857,2.903793587493693,11.845813232825984,35.714285714285715,1.964661146986967,0.4471373000105332,0.42679733695243394,1.076700327079813,1.1124940366527623
mac_walkforward-2026-08-17T14:17:31,0,c008,mac_walkforward-2026-08-17T14:17:31-w0-train,c014,16,train,"Escolher os parâmetros do MAC pelo melhor Sharpe de cada janela de treino e aplicá-los na janela seguinte intocada. Duas perguntas: (1) a escolha é estável entre janelas ou cada período elege um parâmetro diferente — o que já seria veredicto negativo sozinho; (2) quanto do retorno in-sample sobrevive out-of-sample (WFE).
",RENT3.SA,2018-01-01,2020-12-31,MovingAverageCrossover,AtrStop,20,50,14,2.0,0.01,0.0,5.0,0.12628624821490542,0.04127338462858954,0.0593715781519145,1.0278855508000526,0.775586628141237,4,0.5,3.5092118679406696,132.51825670502146,107.25,2.268939394596165,0.4960289158043587,0.5788071086564944,1.0350061630518586,1.0845976784009492
mac_walkforward-2026-08-17T14:17:31,0,c008,mac_walkforward-2026-08-17T14:17:31-w0-train,c014,16,train,"Escolher os parâmetros do MAC pelo melhor Sharpe de cada janela de treino e aplicá-los na janela seguinte intocada. Duas perguntas: (1) a escolha é estável entre janelas ou cada período elege um parâmetro diferente — o que já seria veredicto negativo sozinho; (2) quanto do retorno in-sample sobrevive out-of-sample (WFE).
",SUZB3.SA,2018-01-01,2020-12-31,MovingAverageCrossover,AtrStop,20,50,14,2.0,0.01,0.0,5.0,0.08132539260563454,0.026946752887761827,0.030827664681358936,0.7784720538922242,0.5512365670196507,5,0.6,3.194808495565302,100.45510316817683,74.6,2.1633172757106505,0.4794116469980523,0.5425050855314355,1.044381702835388,1.13597645319587
mac_walkforward-2026-08-17T14:17:31,0,c008,mac_walkforward-2026-08-17T14:17:31-w0-train,c014,16,train,"Escolher os parâmetros do MAC pelo melhor Sharpe de cada janela de treino e aplicá-los na janela seguinte intocada. Duas perguntas: (1) a escolha é estável entre janelas ou cada período elege um parâmetro diferente — o que já seria veredicto negativo sozinho; (2) quanto do retorno in-sample sobrevive out-of-sample (WFE).
",RADL3.SA,2018-01-01,2020-12-31,MovingAverageCrossover,AtrStop,20,50,14,2.0,0.01,0.0,5.0,0.09315954308098018,0.030755211854544662,0.036197440150767084,0.7827619636735266,0.6128109547859837,6,0.6666666666666666,2.652274738316993,155.26590513496697,103.0,0.4157875476822177,0.12551574962166634,0.37378174741142406,0.5137071191239666,0.5292834319481969
mac_walkforward-2026-08-17T14:17:31,0,c008,mac_walkforward-2026-08-17T14:17:31-w0-train,c015,16,train,"Escolher os parâmetros do MAC pelo melhor Sharpe de cada janela de treino e aplicá-los na janela seguinte intocada. Duas perguntas: (1) a escolha é estável entre janelas ou cada período elege um parâmetro diferente — o que já seria veredicto negativo sozinho; (2) quanto do retorno in-sample sobrevive out-of-sample (WFE).
",PETR4.SA,2018-01-01,2020-12-31,MovingAverageCrossover,AtrStop,20,50,14,2.5,0.01,0.0,5.0,0.0534072858125767,0.017851867304077063,0.03493159004825046,0.5417364837864461,0.3943306687741822,6,0.6666666666666666,1.3367029501590593,57.71426296201048,77.83333333333333,0.8454101484955909,0.23166651221330214,0.6334389595560723,0.6682337426994381,0.6380948190749378
mac_walkforward-2026-08-17T14:17:31,0,c008,mac_walkforward-2026-08-17T14:17:31-w0-train,c015,16,train,"Escolher os parâmetros do MAC pelo melhor Sharpe de cada janela de treino e aplicá-los na janela seguinte intocada. Duas perguntas: (1) a escolha é estável entre janelas ou cada período elege um parâmetro diferente — o que já seria veredicto negativo sozinho; (2) quanto do retorno in-sample sobrevive out-of-sample (WFE).
",VALE3.SA,2018-01-01,2020-12-31,MovingAverageCrossover,AtrStop,20,50,14,2.5,0.01,0.0,5.0,0.08483507352070907,0.028079093192473037,0.041104893291427066,0.8911727187345856,0.639144884656426,7,0.5714285714285714,1.3365479467866817,34.54235960181569,58.57142857142857,1.3299203300027318,0.3332933355999199,0.43671319769105915,0.8815399015428006,0.8869369947122574
mac_walkforward-2026-08-17T14:17:31,0,c008,mac_walkforward-2026-08-17T14:17:31-w0-train,c015,16,train,"Escolher os parâmetros do MAC pelo melhor Sharpe de cada janela de treino e aplicá-los na janela seguinte intocada. Duas perguntas: (1) a escolha é estável entre janelas ou cada período elege um parâmetro diferente — o que já seria veredicto negativo sozinho; (2) quanto do retorno in-sample sobrevive out-of-sample (WFE).
",ITUB4.SA,2018-01-01,2020-12-31,MovingAverageCrossover,AtrStop,20,50,14,2.5,0.01,0.0,5.0,0.01957488523508122,0.006614508389566565,0.04016451877102707,0.2555420752399122,0.1619677856549133,6,0.3333333333333333,1.0123631491042009,-28.478251809614818,59.333333333333336,0.2990652166537997,0.09305930430252318,0.44319133495797625,0.4275422812668474,0.4373487411725101
mac_walkforward-2026-08-17T14:17:31,0,c008,mac_walkforward-2026-08-17T14:17:31-w0-train,c015,16,train,"Escolher os parâmetros do MAC pelo melhor Sharpe de cada janela de treino e aplicá-los na janela seguinte intocada. Duas perguntas: (1) a escolha é estável entre janelas ou cada período elege um parâmetro diferente — o que já seria veredicto negativo sozinho; (2) quanto do retorno in-sample sobrevive out-of-sample (WFE).
",BBDC4.SA,2018-01-01,2020-12-31,MovingAverageCrossover,AtrStop,20,50,14,2.5,0.01,0.0,5.0,-0.0044174010607767045,-0.00150446907247348,0.043013088726104556,-0.04863207937273427,-0.030263098961744644,7,0.2857142857142857,2.2722896339252876,-6.310572943966899,56.57142857142857,0.2710986779510052,0.08499912102138785,0.5273591075996285,0.4032463029748291,0.416719461088104
mac_walkforward-2026-08-17T14:17:31,0,c008,mac_walkforward-2026-08-17T14:17:31-w0-train,c015,16,train,"Escolher os parâmetros do MAC pelo melhor Sharpe de cada janela de treino e aplicá-los na janela seguinte intocada. Duas perguntas: (1) a escolha é estável entre janelas ou cada período elege um parâmetro diferente — o que já seria veredicto negativo sozinho; (2) quanto do retorno in-sample sobrevive out-of-sample (WFE).
",WEGE3.SA,2018-01-01,2020-12-31,MovingAverageCrossover,AtrStop,20,50,14,2.5,0.01,0.0,5.0,0.10118318112526836,0.033321922058394904,0.1222975197586267,0.5776196731569597,0.3578491871487169,8,0.5,3.765474151419942,126.47897640658567,72.25,3.099627292890071,0.6157817654292959,0.46659935014370946,1.4023917637339827,1.3677758192091742
mac_walkforward-2026-08-17T14:17:31,0,c008,mac_walkforward-2026-08-17T14:17:31-w0-train,c015,16,train,"Escolher os parâmetros do MAC pelo melhor Sharpe de cada janela de treino e aplicá-los na janela seguinte intocada. Duas perguntas: (1) a escolha é estável entre janelas ou cada período elege um parâmetro diferente — o que já seria veredicto negativo sozinho; (2) quanto do retorno in-sample sobrevive out-of-sample (WFE).
",ABEV3.SA,2018-01-01,2020-12-31,MovingAverageCrossover,AtrStop,20,50,14,2.5,0.01,0.0,5.0,-0.046587041745405844,-0.016093387193064523,0.046738674769050685,-0.588193650408482,-0.3251750181957151,8,0.25,0.6233726433372226,-58.233802181757255,40.5,-0.21484674490833644,-0.07896527920004814,0.5193115087911396,-0.07904947911044154,-0.07815419963759383
mac_walkforward-2026-08-17T14:17:31,0,c008,mac_walkforward-2026-08-17T14:17:31-w0-train,c015,16,train,"Escolher os parâmetros do MAC pelo melhor Sharpe de cada janela de treino e aplicá-los na janela seguinte intocada. Duas perguntas: (1) a escolha é estável entre janelas ou cada período elege um parâmetro diferente — o que já seria veredicto negativo sozinho; (2) quanto do retorno in-sample sobrevive out-of-sample (WFE).
",B3SA3.SA,2018-01-01,2020-12-31,MovingAverageCrossover,AtrStop,20,50,14,2.5,0.01,0.0,5.0,0.04907200226852004,0.016425344257984476,0.033548047247810964,0.5584538670405634,0.35772574205284097,7,0.42857142857142855,2.883821959042787,70.10286038359986,57.714285714285715,1.964661146986967,0.4471373000105332,0.42679733695243394,1.076700327079813,1.1124940366527623
mac_walkforward-2026-08-17T14:17:31,0,c008,mac_walkforward-2026-08-17T14:17:31-w0-train,c015,16,train,"Escolher os parâmetros do MAC pelo melhor Sharpe de cada janela de treino e aplicá-los na janela seguinte intocada. Duas perguntas: (1) a escolha é estável entre janelas ou cada período elege um parâmetro diferente — o que já seria veredicto negativo sozinho; (2) quanto do retorno in-sample sobrevive out-of-sample (WFE).
",RENT3.SA,2018-01-01,2020-12-31,MovingAverageCrossover,AtrStop,20,50,14,2.5,0.01,0.0,5.0,0.09536137115329546,0.03146079682198355,0.04898943291510903,0.9752632962580796,0.7316778705972551,4,0.5,2.8509587845010347,95.03157792757041,108.75,2.268939394596165,0.4960289158043587,0.5788071086564944,1.0350061630518586,1.0845976784009492
mac_walkforward-2026-08-17T14:17:31,0,c008,mac_walkforward-2026-08-17T14:17:31-w0-train,c015,16,train,"Escolher os parâmetros do MAC pelo melhor Sharpe de cada janela de treino e aplicá-los na janela seguinte intocada. Duas perguntas: (1) a escolha é estável entre janelas ou cada período elege um parâmetro diferente — o que já seria veredicto negativo sozinho; (2) quanto do retorno in-sample sobrevive out-of-sample (WFE).
",SUZB3.SA,2018-01-01,2020-12-31,MovingAverageCrossover,AtrStop,20,50,14,2.5,0.01,0.0,5.0,0.06387490638274351,0.021280335082968005,0.025221120278390678,0.7586593252241643,0.5341545064253272,5,0.6,2.8183016390613584,78.3591240842075,74.6,2.1633172757106505,0.4794116469980523,0.5425050855314355,1.044381702835388,1.13597645319587
mac_walkforward-2026-08-17T14:17:31,0,c008,mac_walkforward-2026-08-17T14:17:31-w0-train,c015,16,train,"Escolher os parâmetros do MAC pelo melhor Sharpe de cada janela de treino e aplicá-los na janela seguinte intocada. Duas perguntas: (1) a escolha é estável entre janelas ou cada período elege um parâmetro diferente — o que já seria veredicto negativo sozinho; (2) quanto do retorno in-sample sobrevive out-of-sample (WFE).
",RADL3.SA,2018-01-01,2020-12-31,MovingAverageCrossover,AtrStop,20,50,14,2.5,0.01,0.0,5.0,0.07469511364646886,0.024800966841244776,0.030886619631187363,0.7749639246790228,0.6039129845233614,6,0.6666666666666666,2.670742544895966,124.49185607744774,104.16666666666667,0.4157875476822177,0.12551574962166634,0.37378174741142406,0.5137071191239666,0.5292834319481969
mac_walkforward-2026-08-17T14:17:31,0,c008,mac_walkforward-2026-08-17T14:17:31-w0-test,c000,1,test,"Escolher os parâmetros do MAC pelo melhor Sharpe de cada janela de treino e aplicá-los na janela seguinte intocada. Duas perguntas: (1) a escolha é estável entre janelas ou cada período elege um parâmetro diferente — o que já seria veredicto negativo sozinho; (2) quanto do retorno in-sample sobrevive out-of-sample (WFE).
",PETR4.SA,2021-01-01,2021-12-31,MovingAverageCrossover,AtrStop,12,21,14,2.0,0.01,0.0,5.0,-0.0011892016592414123,-0.0012181889039317717,0.03434761971928569,-0.007380851055266056,-0.004906666066038395,4,0.5,0.6640730079543942,-31.92957255878507,44.75,0.2106465619317206,0.21630414568642542,0.32183148295381936,0.672125782557634,0.6261674170370674
mac_walkforward-2026-08-17T14:17:31,0,c008,mac_walkforward-2026-08-17T14:17:31-w0-test,c000,1,test,"Escolher os parâmetros do MAC pelo melhor Sharpe de cada janela de treino e aplicá-los na janela seguinte intocada. Duas perguntas: (1) a escolha é estável entre janelas ou cada período elege um parâmetro diferente — o que já seria veredicto negativo sozinho; (2) quanto do retorno in-sample sobrevive out-of-sample (WFE).
",VALE3.SA,2021-01-01,2021-12-31,MovingAverageCrossover,AtrStop,12,21,14,2.0,0.01,0.0,5.0,-0.0047383829430582836,-0.004853672339060977,0.04239424289751179,-0.12038820685710719,-0.08617851019620083,5,0.4,0.6373958370471622,-32.96821217525311,23.6,0.002743261529862595,0.0028102642764951113,0.413015180452487,0.1826703420851902,0.19331984882037867
mac_walkforward-2026-08-17T14:17:31,0,c008,mac_walkforward-2026-08-17T14:17:31-w0-test,c000,1,test,"Escolher os parâmetros do MAC pelo melhor Sharpe de cada janela de treino e aplicá-los na janela seguinte intocada. Duas perguntas: (1) a escolha é estável entre janelas ou cada período elege um parâmetro diferente — o que já seria veredicto negativo sozinho; (2) quanto do retorno in-sample sobrevive out-of-sample (WFE).
",ITUB4.SA,2021-01-01,2021-12-31,MovingAverageCrossover,AtrStop,12,21,14,2.0,0.01,0.0,5.0,-0.03916912691034902,-0.040105056145751994,0.04187691770718855,-2.3222432706058505,-0.6591911003681197,6,0.16666666666666666,0.31244299443405377,-65.28187818391517,5.5,-0.29768010714377247,-0.3037071745755283,0.35814588725909313,-0.849959089126027,-0.7777258425255406
mac_walkforward-2026-08-17T14:17:31,0,c008,mac_walkforward-2026-08-17T14:17:31-w0-test,c000,1,test,"Escolher os parâmetros do MAC pelo melhor Sharpe de cada janela de treino e aplicá-los na janela seguinte intocada. Duas perguntas: (1) a escolha é estável entre janelas ou cada período elege um parâmetro diferente — o que já seria veredicto negativo sozinho; (2) quanto do retorno in-sample sobrevive out-of-sample (WFE).
",BBDC4.SA,2021-01-01,2021-12-31,MovingAverageCrossover,AtrStop,12,21,14,2.0,0.01,0.0,5.0,0.020537280091007748,0.021043423634924396,0.021525817152248085,0.7539861957203045,0.5270865946369812,7,0.5714285714285714,3.8594770826898146,29.33897155858293,18.571428571428573,-0.16458482972985955,-0.16824094645252452,0.3128836223315561,-0.41206654511915963,-0.4261178612211177
mac_walkforward-2026-08-17T14:17:31,0,c008,mac_walkforward-2026-08-17T14:17:31-w0-test,c000,1,test,"Escolher os parâmetros do MAC pelo melhor Sharpe de cada janela de treino e aplicá-los na janela seguinte intocada. Duas perguntas: (1) a escolha é estável entre janelas ou cada período elege um parâmetro diferente — o que já seria veredicto negativo sozinho; (2) quanto do retorno in-sample sobrevive out-of-sample (WFE).
",WEGE3.SA,2021-01-01,2021-12-31,MovingAverageCrossover,AtrStop,12,21,14,2.0,0.01,0.0,5.0,-0.010089455196211516,-0.010334263568885116,0.031032990199019492,-0.3282600116179707,-0.24175134819205119,7,0.42857142857142855,0.9668999607997938,-14.413507423159047,19.142857142857142,-0.1058693610224124,-0.10830642994327189,0.3183244162824626,-0.1592524298464407,-0.17876340644717226
mac_walkforward-2026-08-17T14:17:31,0,c008,mac_walkforward-2026-08-17T14:17:31-w0-test,c000,1,test,"Escolher os parâmetros do MAC pelo melhor Sharpe de cada janela de treino e aplicá-los na janela seguinte intocada. Duas perguntas: (1) a escolha é estável entre janelas ou cada período elege um parâmetro diferente — o que já seria veredicto negativo sozinho; (2) quanto do retorno in-sample sobrevive out-of-sample (WFE).
",ABEV3.SA,2021-01-01,2021-12-31,MovingAverageCrossover,AtrStop,12,21,14,2.0,0.01,0.0,5.0,-0.010509598886116356,-0.01076454600119403,0.03749326879434352,-0.29284275836864226,-0.19757537320393137,6,0.5,0.6093655550086553,-13.798534589025069,22.333333333333332,0.03990280787897338,0.04089568503372787,0.23455808591187766,0.2816099692376594,0.3055788988030874
mac_walkforward-2026-08-17T14:17:31,0,c008,mac_walkforward-2026-08-17T14:17:31-w0-test,c000,1,test,"Escolher os parâmetros do MAC pelo melhor Sharpe de cada janela de treino e aplicá-los na janela seguinte intocada. Duas perguntas: (1) a escolha é estável entre janelas ou cada período elege um parâmetro diferente — o que já seria veredicto negativo sozinho; (2) quanto do retorno in-sample sobrevive out-of-sample (WFE).
",B3SA3.SA,2021-01-01,2021-12-31,MovingAverageCrossover,AtrStop,12,21,14,2.0,0.01,0.0,5.0,-0.07271239640611804,-0.07441819968385088,0.07327442748445664,-3.8538190618779433,-1.6626304044913958,10,0.0,0.0,-65.38753372615398,7.0,-0.42582275417264626,-0.433540257760314,0.4614306531735416,-1.361408073886577,-1.3173780992824315
mac_walkforward-2026-08-17T14:17:31,0,c008,mac_walkforward-2026-08-17T14:17:31-w0-test,c000,1,test,"Escolher os parâmetros do MAC pelo melhor Sharpe de cada janela de treino e aplicá-los na janela seguinte intocada. Duas perguntas: (1) a escolha é estável entre janelas ou cada período elege um parâmetro diferente — o que já seria veredicto negativo sozinho; (2) quanto do retorno in-sample sobrevive out-of-sample (WFE).
",RENT3.SA,2021-01-01,2021-12-31,MovingAverageCrossover,AtrStop,12,21,14,2.0,0.01,0.0,5.0,-0.020810265611880818,-0.021312385952317547,0.02768074803746736,-0.7812655144491041,-0.4553412016098003,7,0.2857142857142857,0.49943356467401007,-30.596654279353004,12.428571428571429,-0.21138555750188337,-0.215940119763551,0.38281086183956753,-0.41424678242686624,-0.4179308332960567
mac_walkforward-2026-08-17T14:17:31,0,c008,mac_walkforward-2026-08-17T14:17:31-w0-test,c000,1,test,"Escolher os parâmetros do MAC pelo melhor Sharpe de cada janela de treino e aplicá-los na janela seguinte intocada. Duas perguntas: (1) a escolha é estável entre janelas ou cada período elege um parâmetro diferente — o que já seria veredicto negativo sozinho; (2) quanto do retorno in-sample sobrevive out-of-sample (WFE).
",SUZB3.SA,2021-01-01,2021-12-31,MovingAverageCrossover,AtrStop,12,21,14,2.0,0.01,0.0,5.0,-0.00682207689139902,-0.006987886303352009,0.029468724348594166,-0.26558503109625897,-0.1340376602889967,4,0.0,0.0,-60.814061305743074,13.0,0.02035116411341531,0.02085267411045244,0.38871806380462465,0.22512860659132375,0.23703963982909004
mac_walkforward-2026-08-17T14:17:31,0,c008,mac_walkforward-2026-08-17T14:17:31-w0-test,c000,1,test,"Escolher os parâmetros do MAC pelo melhor Sharpe de cada janela de treino e aplicá-los na janela seguinte intocada. Duas perguntas: (1) a escolha é estável entre janelas ou cada período elege um parâmetro diferente — o que já seria veredicto negativo sozinho; (2) quanto do retorno in-sample sobrevive out-of-sample (WFE).
",RADL3.SA,2021-01-01,2021-12-31,MovingAverageCrossover,AtrStop,12,21,14,2.0,0.01,0.0,5.0,-0.027810653349157666,-0.028479211207036115,0.043845979116411325,-0.9310701223997893,-0.5462810138038028,6,0.16666666666666666,0.036081932972645336,-49.62088622845658,20.5,-0.019952622161936606,-0.020434265511770744,0.24498851827421808,0.085392240869724,0.08359395310853772
mac_walkforward-2026-08-17T14:17:31,1,c000,mac_walkforward-2026-08-17T14:17:31-w1-train,c000,16,train,"Escolher os parâmetros do MAC pelo melhor Sharpe de cada janela de treino e aplicá-los na janela seguinte intocada. Duas perguntas: (1) a escolha é estável entre janelas ou cada período elege um parâmetro diferente — o que já seria veredicto negativo sozinho; (2) quanto do retorno in-sample sobrevive out-of-sample (WFE).
",PETR4.SA,2018-01-01,2021-12-31,MovingAverageCrossover,AtrStop,5,21,14,2.0,0.01,0.0,5.0,0.10251263630317009,0.025204221281129202,0.0556847734082272,0.5867393881578532,0.45431348215647077,31,0.5161290322580645,1.7160235544451543,33.06859235586134,27.516129032258064,1.2791802430917225,0.23382989489247286,0.6334390076644771,0.6772594234766911,0.6429513434198731
mac_walkforward-2026-08-17T14:17:31,1,c000,mac_walkforward-2026-08-17T14:17:31-w1-train,c000,16,train,"Escolher os parâmetros do MAC pelo melhor Sharpe de cada janela de treino e aplicá-los na janela seguinte intocada. Duas perguntas: (1) a escolha é estável entre janelas ou cada período elege um parâmetro diferente — o que já seria veredicto negativo sozinho; (2) quanto do retorno in-sample sobrevive out-of-sample (WFE).
",VALE3.SA,2018-01-01,2021-12-31,MovingAverageCrossover,AtrStop,5,21,14,2.0,0.01,0.0,5.0,0.13225643694779943,0.03218893602283268,0.0496599149636576,0.7448664548619512,0.5842222088631037,25,0.48,2.1705107726587665,44.3884472779644,33.6,1.4433602942681008,0.2559153763022073,0.43671320506549666,0.7577316639333939,0.7720959784011904
mac_walkforward-2026-08-17T14:17:31,1,c000,mac_walkforward-2026-08-17T14:17:31-w1-train,c000,16,train,"Escolher os parâmetros do MAC pelo melhor Sharpe de cada janela de treino e aplicá-los na janela seguinte intocada. Duas perguntas: (1) a escolha é estável entre janelas ou cada período elege um parâmetro diferente — o que já seria veredicto negativo sozinho; (2) quanto do retorno in-sample sobrevive out-of-sample (WFE).
",ITUB4.SA,2018-01-01,2021-12-31,MovingAverageCrossover,AtrStop,5,21,14,2.0,0.01,0.0,5.0,0.0038640378791665597,0.0009841490365090078,0.0747725609876731,0.045163409388113716,0.033280580765351404,31,0.3548387096774194,1.868752264988468,1.2464638319894494,21.70967741935484,-0.10863228069418329,-0.02890553877963309,0.44319103171384033,0.09628152466876601,0.0954885190672406
mac_walkforward-2026-08-17T14:17:31,1,c000,mac_walkforward-2026-08-17T14:17:31-w1-train,c000,16,train,"Escolher os parâmetros do MAC pelo melhor Sharpe de cada janela de treino e aplicá-los na janela seguinte intocada. Duas perguntas: (1) a escolha é estável entre janelas ou cada período elege um parâmetro diferente — o que já seria veredicto negativo sozinho; (2) quanto do retorno in-sample sobrevive out-of-sample (WFE).
",BBDC4.SA,2018-01-01,2021-12-31,MovingAverageCrossover,AtrStop,5,21,14,2.0,0.01,0.0,5.0,0.0659657558265303,0.016427050094563356,0.04692281000607688,0.4655546309255387,0.3519587391722476,26,0.4230769230769231,2.260749497347284,25.37144454866543,25.807692307692307,0.03408950785959641,0.008586632087501211,0.5273592645792584,0.21593498234006622,0.22390804623386795
mac_walkforward-2026-08-17T14:17:31,1,c000,mac_walkforward-2026-08-17T14:17:31-w1-train,c000,16,train,"Escolher os parâmetros do MAC pelo melhor Sharpe de cada janela de treino e aplicá-los na janela seguinte intocada. Duas perguntas: (1) a escolha é estável entre janelas ou cada período elege um parâmetro diferente — o que já seria veredicto negativo sozinho; (2) quanto do retorno in-sample sobrevive out-of-sample (WFE).
",WEGE3.SA,2018-01-01,2021-12-31,MovingAverageCrossover,AtrStop,5,21,14,2.0,0.01,0.0,5.0,0.26565258137851266,0.0619312795628435,0.058438751856858616,1.151837685105664,0.9355609021023443,30,0.4,5.219642190255952,88.5508604595042,27.333333333333332,2.611325706729838,0.3875187625715091,0.4665994459889489,1.040720297021485,1.0538435737168776
mac_walkforward-2026-08-17T14:17:31,1,c000,mac_walkforward-2026-08-17T14:17:31-w1-train,c000,16,train,"Escolher os parâmetros do MAC pelo melhor Sharpe de cada janela de treino e aplicá-los na janela seguinte intocada. Duas perguntas: (1) a escolha é estável entre janelas ou cada período elege um parâmetro diferente — o que já seria veredicto negativo sozinho; (2) quanto do retorno in-sample sobrevive out-of-sample (WFE).
",ABEV3.SA,2018-01-01,2021-12-31,MovingAverageCrossover,AtrStop,5,21,14,2.0,0.01,0.0,5.0,-0.020472254154953018,-0.005261965700098403,0.051846904000614355,-0.14596377287921755,-0.10259912886373673,24,0.375,1.3672236414561998,-7.610552803897836,28.041666666666668,-0.19239940148092938,-0.05304464270851439,0.5193113967760312,-0.004693380473330327,-0.004725004975543529
mac_walkforward-2026-08-17T14:17:31,1,c000,mac_walkforward-2026-08-17T14:17:31-w1-train,c000,16,train,"Escolher os parâmetros do MAC pelo melhor Sharpe de cada janela de treino e aplicá-los na janela seguinte intocada. Duas perguntas: (1) a escolha é estável entre janelas ou cada período elege um parâmetro diferente — o que já seria veredicto negativo sozinho; (2) quanto do retorno in-sample sobrevive out-of-sample (WFE).
",B3SA3.SA,2018-01-01,2021-12-31,MovingAverageCrossover,AtrStop,5,21,14,2.0,0.01,0.0,5.0,0.027033692376710272,0.006826875456072301,0.07281817285590834,0.19741537312733695,0.14603812294880486,33,0.3333333333333333,2.344843239642052,8.192027992942549,21.575757575757574,0.6889055971124198,0.14301832420183214,0.4817485965132095,0.5297396622497514,0.5422685770715239
mac_walkforward-2026-08-17T14:17:31,1,c000,mac_walkforward-2026-08-17T14:17:31-w1-train,c000,16,train,"Escolher os parâmetros do MAC pelo melhor Sharpe de cada janela de treino e aplicá-los na janela seguinte intocada. Duas perguntas: (1) a escolha é estável entre janelas ou cada período elege um parâmetro diferente — o que já seria veredicto negativo sozinho; (2) quanto do retorno in-sample sobrevive out-of-sample (WFE).
",RENT3.SA,2018-01-01,2021-12-31,MovingAverageCrossover,AtrStop,5,21,14,2.0,0.01,0.0,5.0,0.14834219572398322,0.03590954678374403,0.05828101419663182,0.8856483249628195,0.7934157385095832,26,0.38461538461538464,3.9001472524981877,57.054690663070424,35.5,1.5322262289464423,0.26741149713781587,0.5788071086564944,0.7272047948773914,0.7606543849457112
mac_walkforward-2026-08-17T14:17:31,1,c000,mac_walkforward-2026-08-17T14:17:31-w1-train,c000,16,train,"Escolher os parâmetros do MAC pelo melhor Sharpe de cada janela de treino e aplicá-los na janela seguinte intocada. Duas perguntas: (1) a escolha é estável entre janelas ou cada período elege um parâmetro diferente — o que já seria veredicto negativo sozinho; (2) quanto do retorno in-sample sobrevive out-of-sample (WFE).
",SUZB3.SA,2018-01-01,2021-12-31,MovingAverageCrossover,AtrStop,5,21,14,2.0,0.01,0.0,5.0,0.1628006285431438,0.039220771884484806,0.10115245193031921,0.7471002165782437,0.6237630985500124,27,0.37037037037037035,3.472618271057894,51.53420983371431,26.74074074074074,2.248135881683323,0.35050995276212915,0.542505066996683,0.887959085039053,0.9627590799938754
mac_walkforward-2026-08-17T14:17:31,1,c000,mac_walkforward-2026-08-17T14:17:31-w1-train,c000,16,train,"Escolher os parâmetros do MAC pelo melhor Sharpe de cada janela de treino e aplicá-los na janela seguinte intocada. Duas perguntas: (1) a escolha é estável entre janelas ou cada período elege um parâmetro diferente — o que já seria veredicto negativo sozinho; (2) quanto do retorno in-sample sobrevive out-of-sample (WFE).
",RADL3.SA,2018-01-01,2021-12-31,MovingAverageCrossover,AtrStop,5,21,14,2.0,0.01,0.0,5.0,-0.008815878177451997,-0.002256005960862173,0.07572164428893766,-0.037295396546205395,-0.028763955731445204,35,0.2571428571428571,2.664622026158751,-3.4331648459849453,20.685714285714287,0.38699309634981605,0.08702009919777831,0.37378143798595426,0.41598147128233176,0.42398247173023046
mac_walkforward-2026-08-17T14:17:31,1,c000,mac_walkforward-2026-08-17T14:17:31-w1-train,c001,16,train,"Escolher os parâmetros do MAC pelo melhor Sharpe de cada janela de treino e aplicá-los na janela seguinte intocada. Duas perguntas: (1) a escolha é estável entre janelas ou cada período elege um parâmetro diferente — o que já seria veredicto negativo sozinho; (2) quanto do retorno in-sample sobrevive out-of-sample (WFE).
",PETR4.SA,2018-01-01,2021-12-31,MovingAverageCrossover,AtrStop,5,21,14,2.5,0.01,0.0,5.0,0.08121195836637285,0.020115446509570978,0.045003589110493514,0.5793665494819645,0.44916107977131065,31,0.5161290322580645,1.7117239209387358,26.197405924636158,27.612903225806452,1.2791802430917225,0.23382989489247286,0.6334390076644771,0.6772594234766911,0.6429513434198731
mac_walkforward-2026-08-17T14:17:31,1,c000,mac_walkforward-2026-08-17T14:17:31-w1-train,c001,16,train,"Escolher os parâmetros do MAC pelo melhor Sharpe de cada janela de treino e aplicá-los na janela seguinte intocada. Duas perguntas: (1) a escolha é estável entre janelas ou cada período elege um parâmetro diferente — o que já seria veredicto negativo sozinho; (2) quanto do retorno in-sample sobrevive out-of-sample (WFE).
",VALE3.SA,2018-01-01,2021-12-31,MovingAverageCrossover,AtrStop,5,21,14,2.5,0.01,0.0,5.0,0.09273869587522987,0.022878384754447145,0.04378473714743571,0.6580950673854536,0.5169408154101501,25,0.48,1.9177779457062336,30.503895768552425,33.96,1.4433602942681008,0.2559153763022073,0.43671320506549666,0.7577316639333939,0.7720959784011904
mac_walkforward-2026-08-17T14:17:31,1,c000,mac_walkforward-2026-08-17T14:17:31-w1-train,c001,16,train,"Escolher os parâmetros do MAC pelo melhor Sharpe de cada janela de treino e aplicá-los na janela seguinte intocada. Duas perguntas: (1) a escolha é estável entre janelas ou cada período elege um parâmetro diferente — o que já seria veredicto negativo sozinho; (2) quanto do retorno in-sample sobrevive out-of-sample (WFE).
",ITUB4.SA,2018-01-01,2021-12-31,MovingAverageCrossover,AtrStop,5,21,14,2.5,0.01,0.0,5.0,0.013944001678586115,0.0035382438217050893,0.05962165925352536,0.1350869537655535,0.10126504514957917,31,0.3548387096774194,2.0707401984608973,4.498065057608464,22.29032258064516,-0.10863228069418329,-0.02890553877963309,0.44319103171384033,0.09628152466876601,0.0954885190672406
mac_walkforward-2026-08-17T14:17:31,1,c000,mac_walkforward-2026-08-17T14:17:31-w1-train,c001,16,train,"Escolher os parâmetros do MAC pelo melhor Sharpe de cada janela de treino e aplicá-los na janela seguinte intocada. Duas perguntas: (1) a escolha é estável entre janelas ou cada período elege um parâmetro diferente — o que já seria veredicto negativo sozinho; (2) quanto do retorno in-sample sobrevive out-of-sample (WFE).
",BBDC4.SA,2018-01-01,2021-12-31,MovingAverageCrossover,AtrStop,5,21,14,2.5,0.01,0.0,5.0,0.05123893698025239,0.012826800416626094,0.03959755372169516,0.44844388841308896,0.34719413110722164,26,0.4230769230769231,2.2307595958262083,19.707283453943333,26.846153846153847,0.03408950785959641,0.008586632087501211,0.5273592645792584,0.21593498234006622,0.22390804623386795
mac_walkforward-2026-08-17T14:17:31,1,c000,mac_walkforward-2026-08-17T14:17:31-w1-train,c001,16,train,"Escolher os parâmetros do MAC pelo melhor Sharpe de cada janela de treino e aplicá-los na janela seguinte intocada. Duas perguntas: (1) a escolha é estável entre janelas ou cada período elege um parâmetro diferente — o que já seria veredicto negativo sozinho; (2) quanto do retorno in-sample sobrevive out-of-sample (WFE).
",WEGE3.SA,2018-01-01,2021-12-31,MovingAverageCrossover,AtrStop,5,21,14,2.5,0.01,0.0,5.0,0.20511803104239013,0.04873911160847677,0.047452234959737334,1.1261922119766494,0.917178813488996,30,0.4,5.0128784993250495,68.37267701413,27.533333333333335,2.611325706729838,0.3875187625715091,0.4665994459889489,1.040720297021485,1.0538435737168776
mac_walkforward-2026-08-17T14:17:31,1,c000,mac_walkforward-2026-08-17T14:17:31-w1-train,c001,16,train,"Escolher os parâmetros do MAC pelo melhor Sharpe de cada janela de treino e aplicá-los na janela seguinte intocada. Duas perguntas: (1) a escolha é estável entre janelas ou cada período elege um parâmetro diferente — o que já seria veredicto negativo sozinho; (2) quanto do retorno in-sample sobrevive out-of-sample (WFE).
",ABEV3.SA,2018-01-01,2021-12-31,MovingAverageCrossover,AtrStop,5,21,14,2.5,0.01,0.0,5.0,-0.014642337048877963,-0.003755228713552161,0.046665388532073214,-0.13072430984696468,-0.09331206244774261,24,0.375,1.3976179784720562,-5.362396551249674,28.625,-0.19239940148092938,-0.05304464270851439,0.5193113967760312,-0.004693380473330327,-0.004725004975543529
mac_walkforward-2026-08-17T14:17:31,1,c000,mac_walkforward-2026-08-17T14:17:31-w1-train,c001,16,train,"Escolher os parâmetros do MAC pelo melhor Sharpe de cada janela de treino e aplicá-los na janela seguinte intocada. Duas perguntas: (1) a escolha é estável entre janelas ou cada período elege um parâmetro diferente — o que já seria veredicto negativo sozinho; (2) quanto do retorno in-sample sobrevive out-of-sample (WFE).
",B3SA3.SA,2018-01-01,2021-12-31,MovingAverageCrossover,AtrStop,5,21,14,2.5,0.01,0.0,5.0,0.020566418221428906,0.005205975759392079,0.060884208799097936,0.18358979208445175,0.13856623418685482,33,0.3333333333333333,2.3280278551350055,6.2322479458874005,22.484848484848484,0.6889055971124198,0.14301832420183214,0.4817485965132095,0.5297396622497514,0.5422685770715239
mac_walkforward-2026-08-17T14:17:31,1,c000,mac_walkforward-2026-08-17T14:17:31-w1-train,c001,16,train,"Escolher os parâmetros do MAC pelo melhor Sharpe de cada janela de treino e aplicá-los na janela seguinte intocada. Duas perguntas: (1) a escolha é estável entre janelas ou cada período elege um parâmetro diferente — o que já seria veredicto negativo sozinho; (2) quanto do retorno in-sample sobrevive out-of-sample (WFE).
",RENT3.SA,2018-01-01,2021-12-31,MovingAverageCrossover,AtrStop,5,21,14,2.5,0.01,0.0,5.0,0.11410197814417367,0.02794223617979763,0.04395345154189485,0.86332275634255,0.7787208036756761,26,0.38461538461538464,3.8342538326003117,43.885376209297654,35.92307692307692,1.5322262289464423,0.26741149713781587,0.5788071086564944,0.7272047948773914,0.7606543849457112
mac_walkforward-2026-08-17T14:17:31,1,c000,mac_walkforward-2026-08-17T14:17:31-w1-train,c001,16,train,"Escolher os parâmetros do MAC pelo melhor Sharpe de cada janela de treino e aplicá-los na janela seguinte intocada. Duas perguntas: (1) a escolha é estável entre janelas ou cada período elege um parâmetro diferente — o que já seria veredicto negativo sozinho; (2) quanto do retorno in-sample sobrevive out-of-sample (WFE).
",SUZB3.SA,2018-01-01,2021-12-31,MovingAverageCrossover,AtrStop,5,21,14,2.5,0.01,0.0,5.0,0.13283424682214884,0.03232326212841419,0.07922927736544323,0.7601199361643556,0.6370967520048688,27,0.37037037037037035,3.621118339390223,42.29422371869763,27.185185185185187,2.248135881683323,0.35050995276212915,0.542505066996683,0.887959085039053,0.9627590799938754
mac_walkforward-2026-08-17T14:17:31,1,c000,mac_walkforward-2026-08-17T14:17:31-w1-train,c001,16,train,"Escolher os parâmetros do MAC pelo melhor Sharpe de cada janela de treino e aplicá-los na janela seguinte intocada. Duas perguntas: (1) a escolha é estável entre janelas ou cada período elege um parâmetro diferente — o que já seria veredicto negativo sozinho; (2) quanto do retorno in-sample sobrevive out-of-sample (WFE).
",RADL3.SA,2018-01-01,2021-12-31,MovingAverageCrossover,AtrStop,5,21,14,2.5,0.01,0.0,5.0,-0.010357739893404161,-0.002652106646738761,0.06145043181158548,-0.06725104331668331,-0.05181521122607582,35,0.2571428571428571,2.5946382457281323,-3.68370351608662,20.942857142857143,0.38699309634981605,0.08702009919777831,0.37378143798595426,0.41598147128233176,0.42398247173023046
mac_walkforward-2026-08-17T14:17:31,1,c000,mac_walkforward-2026-08-17T14:17:31-w1-train,c002,16,train,"Escolher os parâmetros do MAC pelo melhor Sharpe de cada janela de treino e aplicá-los na janela seguinte intocada. Duas perguntas: (1) a escolha é estável entre janelas ou cada período elege um parâmetro diferente — o que já seria veredicto negativo sozinho; (2) quanto do retorno in-sample sobrevive out-of-sample (WFE).
",PETR4.SA,2018-01-01,2021-12-31,MovingAverageCrossover,AtrStop,5,50,14,2.0,0.01,0.0,5.0,0.03453846093415569,0.00869830025904994,0.06781131599835659,0.21504596145379226,0.16455102775834154,17,0.35294117647058826,2.187806378156239,10.290118053290268,48.88235294117647,1.2791802430917225,0.23382989489247286,0.6334390076644771,0.6772594234766911,0.6429513434198731
mac_walkforward-2026-08-17T14:17:31,1,c000,mac_walkforward-2026-08-17T14:17:31-w1-train,c002,16,train,"Escolher os parâmetros do MAC pelo melhor Sharpe de cada janela de treino e aplicá-los na janela seguinte intocada. Duas perguntas: (1) a escolha é estável entre janelas ou cada período elege um parâmetro diferente — o que já seria veredicto negativo sozinho; (2) quanto do retorno in-sample sobrevive out-of-sample (WFE).
",VALE3.SA,2018-01-01,2021-12-31,MovingAverageCrossover,AtrStop,5,50,14,2.0,0.01,0.0,5.0,0.15232963317053083,0.036825824384163486,0.08795962253023348,0.7177140799381759,0.5708851652009693,16,0.375,5.176392011312913,94.14947071822223,53.0,1.4433602942681008,0.2559153763022073,0.43671320506549666,0.7577316639333939,0.7720959784011904
mac_walkforward-2026-08-17T14:17:31,1,c000,mac_walkforward-2026-08-17T14:17:31-w1-train,c002,16,train,"Escolher os parâmetros do MAC pelo melhor Sharpe de cada janela de treino e aplicá-los na janela seguinte intocada. Duas perguntas: (1) a escolha é estável entre janelas ou cada período elege um parâmetro diferente — o que já seria veredicto negativo sozinho; (2) quanto do retorno in-sample sobrevive out-of-sample (WFE).
",ITUB4.SA,2018-01-01,2021-12-31,MovingAverageCrossover,AtrStop,5,50,14,2.0,0.01,0.0,5.0,-0.008046706330429365,-0.002058579085750911,0.07029845766231613,-0.04259029227961483,-0.027579988227318955,16,0.25,2.7027508527539683,-5.029191456518138,35.125,-0.10863228069418329,-0.02890553877963309,0.44319103171384033,0.09628152466876601,0.0954885190672406
mac_walkforward-2026-08-17T14:17:31,1,c000,mac_walkforward-2026-08-17T14:17:31-w1-train,c002,16,train,"Escolher os parâmetros do MAC pelo melhor Sharpe de cada janela de treino e aplicá-los na janela seguinte intocada. Duas perguntas: (1) a escolha é estável entre janelas ou cada período elege um parâmetro diferente — o que já seria veredicto negativo sozinho; (2) quanto do retorno in-sample sobrevive out-of-sample (WFE).
",BBDC4.SA,2018-01-01,2021-12-31,MovingAverageCrossover,AtrStop,5,50,14,2.0,0.01,0.0,5.0,0.04742697426319964,0.011888777598408451,0.043741644685612216,0.34954686607692065,0.2539412494816051,15,0.3333333333333333,3.570885572747366,31.61798284213298,44.06666666666667,0.03408950785959641,0.008586632087501211,0.5273592645792584,0.21593498234006622,0.22390804623386795
mac_walkforward-2026-08-17T14:17:31,1,c000,mac_walkforward-2026-08-17T14:17:31-w1-train,c002,16,train,"Escolher os parâmetros do MAC pelo melhor Sharpe de cada janela de treino e aplicá-los na janela seguinte intocada. Duas perguntas: (1) a escolha é estável entre janelas ou cada período elege um parâmetro diferente — o que já seria veredicto negativo sozinho; (2) quanto do retorno in-sample sobrevive out-of-sample (WFE).
",WEGE3.SA,2018-01-01,2021-12-31,MovingAverageCrossover,AtrStop,5,50,14,2.0,0.01,0.0,5.0,0.1616142013853945,0.038950218886091514,0.11974181227397275,0.60159640290979,0.44816123179705614,16,0.4375,4.472735740601203,101.0088758658714,53.5625,2.611325706729838,0.3875187625715091,0.4665994459889489,1.040720297021485,1.0538435737168776
mac_walkforward-2026-08-17T14:17:31,1,c000,mac_walkforward-2026-08-17T14:17:31-w1-train,c002,16,train,"Escolher os parâmetros do MAC pelo melhor Sharpe de cada janela de treino e aplicá-los na janela seguinte intocada. Duas perguntas: (1) a escolha é estável entre janelas ou cada período elege um parâmetro diferente — o que já seria veredicto negativo sozinho; (2) quanto do retorno in-sample sobrevive out-of-sample (WFE).
",ABEV3.SA,2018-01-01,2021-12-31,MovingAverageCrossover,AtrStop,5,50,14,2.0,0.01,0.0,5.0,-0.021395423272262293,-0.005501170206159145,0.0438888805933394,-0.15276502150075996,-0.09756542631653299,14,0.2857142857142857,1.6548033405519191,-15.282445194472869,39.714285714285715,-0.19239940148092938,-0.05304464270851439,0.5193113967760312,-0.004693380473330327,-0.004725004975543529
mac_walkforward-2026-08-17T14:17:31,1,c000,mac_walkforward-2026-08-17T14:17:31-w1-train,c002,16,train,"Escolher os parâmetros do MAC pelo melhor Sharpe de cada janela de treino e aplicá-los na janela seguinte intocada. Duas perguntas: (1) a escolha é estável entre janelas ou cada período elege um parâmetro diferente — o que já seria veredicto negativo sozinho; (2) quanto do retorno in-sample sobrevive out-of-sample (WFE).
",B3SA3.SA,2018-01-01,2021-12-31,MovingAverageCrossover,AtrStop,5,50,14,2.0,0.01,0.0,5.0,0.12082387615362844,0.029520594550368928,0.028294721397652156,0.7803594349929726,0.561084467305621,11,0.6363636363636364,2.943663745407859,109.83988741238959,61.09090909090909,0.6889055971124198,0.14301832420183214,0.4817485965132095,0.5297396622497514,0.5422685770715239
mac_walkforward-2026-08-17T14:17:31,1,c000,mac_walkforward-2026-08-17T14:17:31-w1-train,c002,16,train,"Escolher os parâmetros do MAC pelo melhor Sharpe de cada janela de treino e aplicá-los na janela seguinte intocada. Duas perguntas: (1) a escolha é estável entre janelas ou cada período elege um parâmetro diferente — o que já seria veredicto negativo sozinho; (2) quanto do retorno in-sample sobrevive out-of-sample (WFE).
",RENT3.SA,2018-01-01,2021-12-31,MovingAverageCrossover,AtrStop,5,50,14,2.0,0.01,0.0,5.0,0.13219858860673073,0.03217548494234901,0.04731197968664202,0.8935133093922996,0.7316331599284579,10,0.5,4.6465937308347876,138.94063333240092,81.5,1.5322262289464423,0.26741149713781587,0.5788071086564944,0.7272047948773914,0.7606543849457112
mac_walkforward-2026-08-17T14:17:31,1,c000,mac_walkforward-2026-08-17T14:17:31-w1-train,c002,16,train,"Escolher os parâmetros do MAC pelo melhor Sharpe de cada janela de treino e aplicá-los na janela seguinte intocada. Duas perguntas: (1) a escolha é estável entre janelas ou cada período elege um parâmetro diferente — o que já seria veredicto negativo sozinho; (2) quanto do retorno in-sample sobrevive out-of-sample (WFE).
",SUZB3.SA,2018-01-01,2021-12-31,MovingAverageCrossover,AtrStop,5,50,14,2.0,0.01,0.0,5.0,0.100315553966569,0.024682739247281704,0.03653686828752776,0.7092814821745949,0.5025194602373826,13,0.3076923076923077,6.346953025866188,63.69730657417161,41.61538461538461,2.248135881683323,0.35050995276212915,0.542505066996683,0.887959085039053,0.9627590799938754
mac_walkforward-2026-08-17T14:17:31,1,c000,mac_walkforward-2026-08-17T14:17:31-w1-train,c002,16,train,"Escolher os parâmetros do MAC pelo melhor Sharpe de cada janela de treino e aplicá-los na janela seguinte intocada. Duas perguntas: (1) a escolha é estável entre janelas ou cada período elege um parâmetro diferente — o que já seria veredicto negativo sozinho; (2) quanto do retorno in-sample sobrevive out-of-sample (WFE).
",RADL3.SA,2018-01-01,2021-12-31,MovingAverageCrossover,AtrStop,5,50,14,2.0,0.01,0.0,5.0,0.008984714896650425,0.0022840186851587063,0.07417467347219635,0.07574942840537814,0.05574481818839777,20,0.2,4.106428387402877,1.374132142670574,34.35,0.38699309634981605,0.08702009919777831,0.37378143798595426,0.41598147128233176,0.42398247173023046
mac_walkforward-2026-08-17T14:17:31,1,c000,mac_walkforward-2026-08-17T14:17:31-w1-train,c003,16,train,"Escolher os parâmetros do MAC pelo melhor Sharpe de cada janela de treino e aplicá-los na janela seguinte intocada. Duas perguntas: (1) a escolha é estável entre janelas ou cada período elege um parâmetro diferente — o que já seria veredicto negativo sozinho; (2) quanto do retorno in-sample sobrevive out-of-sample (WFE).
",PETR4.SA,2018-01-01,2021-12-31,MovingAverageCrossover,AtrStop,5,50,14,2.5,0.01,0.0,5.0,0.02484549222131216,0.006279297836439657,0.054493012055583726,0.18930563859962693,0.14354323211089667,17,0.35294117647058826,2.1077678482203512,6.619080343553636,49.23529411764706,1.2791802430917225,0.23382989489247286,0.6334390076644771,0.6772594234766911,0.6429513434198731
mac_walkforward-2026-08-17T14:17:31,1,c000,mac_walkforward-2026-08-17T14:17:31-w1-train,c003,16,train,"Escolher os parâmetros do MAC pelo melhor Sharpe de cada janela de treino e aplicá-los na janela seguinte intocada. Duas perguntas: (1) a escolha é estável entre janelas ou cada período elege um parâmetro diferente — o que já seria veredicto negativo sozinho; (2) quanto do retorno in-sample sobrevive out-of-sample (WFE).
",VALE3.SA,2018-01-01,2021-12-31,MovingAverageCrossover,AtrStop,5,50,14,2.5,0.01,0.0,5.0,0.11862465763630814,0.029004977475678873,0.07271036011070199,0.7004009295172348,0.5568828308592756,16,0.375,4.976043923128664,73.30245756382143,53.0,1.4433602942681008,0.2559153763022073,0.43671320506549666,0.7577316639333939,0.7720959784011904
mac_walkforward-2026-08-17T14:17:31,1,c000,mac_walkforward-2026-08-17T14:17:31-w1-train,c003,16,train,"Escolher os parâmetros do MAC pelo melhor Sharpe de cada janela de treino e aplicá-los na janela seguinte intocada. Duas perguntas: (1) a escolha é estável entre janelas ou cada período elege um parâmetro diferente — o que já seria veredicto negativo sozinho; (2) quanto do retorno in-sample sobrevive out-of-sample (WFE).
",ITUB4.SA,2018-01-01,2021-12-31,MovingAverageCrossover,AtrStop,5,50,14,2.5,0.01,0.0,5.0,0.02151788593176529,0.005444922265622321,0.04986566265803232,0.19356396902682604,0.13886595267334,16,0.3125,2.970954111307738,13.448678707353324,40.9375,-0.10863228069418329,-0.02890553877963309,0.44319103171384033,0.09628152466876601,0.0954885190672406
mac_walkforward-2026-08-17T14:17:31,1,c000,mac_walkforward-2026-08-17T14:17:31-w1-train,c003,16,train,"Escolher os parâmetros do MAC pelo melhor Sharpe de cada janela de treino e aplicá-los na janela seguinte intocada. Duas perguntas: (1) a escolha é estável entre janelas ou cada período elege um parâmetro diferente — o que já seria veredicto negativo sozinho; (2) quanto do retorno in-sample sobrevive out-of-sample (WFE).
",BBDC4.SA,2018-01-01,2021-12-31,MovingAverageCrossover,AtrStop,5,50,14,2.5,0.01,0.0,5.0,0.032196805773774484,0.008115462532098716,0.03918859829713385,0.29575428146488175,0.2149443142600844,15,0.3333333333333333,3.1941578097499623,21.464537182516278,44.2,0.03408950785959641,0.008586632087501211,0.5273592645792584,0.21593498234006622,0.22390804623386795
mac_walkforward-2026-08-17T14:17:31,1,c000,mac_walkforward-2026-08-17T14:17:31-w1-train,c003,16,train,"Escolher os parâmetros do MAC pelo melhor Sharpe de cada janela de treino e aplicá-los na janela seguinte intocada. Duas perguntas: (1) a escolha é estável entre janelas ou cada período elege um parâmetro diferente — o que já seria veredicto negativo sozinho; (2) quanto do retorno in-sample sobrevive out-of-sample (WFE).
",WEGE3.SA,2018-01-01,2021-12-31,MovingAverageCrossover,AtrStop,5,50,14,2.5,0.01,0.0,5.0,0.12072225612730891,0.029496785875146925,0.09950107770917108,0.5570068618120871,0.41487463002515107,16,0.4375,3.939658441997769,75.45141007956788,53.8125,2.611325706729838,0.3875187625715091,0.4665994459889489,1.040720297021485,1.0538435737168776
mac_walkforward-2026-08-17T14:17:31,1,c000,mac_walkforward-2026-08-17T14:17:31-w1-train,c003,16,train,"Escolher os parâmetros do MAC pelo melhor Sharpe de cada janela de treino e aplicá-los na janela seguinte intocada. Duas perguntas: (1) a escolha é estável entre janelas ou cada período elege um parâmetro diferente — o que já seria veredicto negativo sozinho; (2) quanto do retorno in-sample sobrevive out-of-sample (WFE).
",ABEV3.SA,2018-01-01,2021-12-31,MovingAverageCrossover,AtrStop,5,50,14,2.5,0.01,0.0,5.0,-0.024652285567282495,-0.006346408353639532,0.03738234351566552,-0.23058942598935503,-0.15054430578754563,14,0.2857142857142857,1.438198809250898,-17.608775405201833,40.714285714285715,-0.19239940148092938,-0.05304464270851439,0.5193113967760312,-0.004693380473330327,-0.004725004975543529
mac_walkforward-2026-08-17T14:17:31,1,c000,mac_walkforward-2026-08-17T14:17:31-w1-train,c003,16,train,"Escolher os parâmetros do MAC pelo melhor Sharpe de cada janela de treino e aplicá-los na janela seguinte intocada. Duas perguntas: (1) a escolha é estável entre janelas ou cada período elege um parâmetro diferente — o que já seria veredicto negativo sozinho; (2) quanto do retorno in-sample sobrevive out-of-sample (WFE).
",B3SA3.SA,2018-01-01,2021-12-31,MovingAverageCrossover,AtrStop,5,50,14,2.5,0.01,0.0,5.0,0.09117211989803908,0.022504158050785872,0.02473623697045603,0.7244072261205028,0.5184515593930696,11,0.6363636363636364,2.4749026643942442,82.88374536185357,61.90909090909091,0.6889055971124198,0.14301832420183214,0.4817485965132095,0.5297396622497514,0.5422685770715239
mac_walkforward-2026-08-17T14:17:31,1,c000,mac_walkforward-2026-08-17T14:17:31-w1-train,c003,16,train,"Escolher os parâmetros do MAC pelo melhor Sharpe de cada janela de treino e aplicá-los na janela seguinte intocada. Duas perguntas: (1) a escolha é estável entre janelas ou cada período elege um parâmetro diferente — o que já seria veredicto negativo sozinho; (2) quanto do retorno in-sample sobrevive out-of-sample (WFE).
",RENT3.SA,2018-01-01,2021-12-31,MovingAverageCrossover,AtrStop,5,50,14,2.5,0.01,0.0,5.0,0.1061099272965551,0.0260563767957529,0.03839164553066022,0.8981473896380108,0.7374812913443941,10,0.5,4.806004062312755,111.4072481524386,82.5,1.5322262289464423,0.26741149713781587,0.5788071086564944,0.7272047948773914,0.7606543849457112
mac_walkforward-2026-08-17T14:17:31,1,c000,mac_walkforward-2026-08-17T14:17:31-w1-train,c003,16,train,"Escolher os parâmetros do MAC pelo melhor Sharpe de cada janela de treino e aplicá-los na janela seguinte intocada. Duas perguntas: (1) a escolha é estável entre janelas ou cada período elege um parâmetro diferente — o que já seria veredicto negativo sozinho; (2) quanto do retorno in-sample sobrevive out-of-sample (WFE).
",SUZB3.SA,2018-01-01,2021-12-31,MovingAverageCrossover,AtrStop,5,50,14,2.5,0.01,0.0,5.0,0.08193352734371628,0.020289047423109885,0.03101786230151539,0.6942459720122562,0.5142899957150031,13,0.3076923076923077,6.709409855729724,52.16409335363634,45.46153846153846,2.248135881683323,0.35050995276212915,0.542505066996683,0.887959085039053,0.9627590799938754
mac_walkforward-2026-08-17T14:17:31,1,c000,mac_walkforward-2026-08-17T14:17:31-w1-train,c003,16,train,"Escolher os parâmetros do MAC pelo melhor Sharpe de cada janela de treino e aplicá-los na janela seguinte intocada. Duas perguntas: (1) a escolha é estável entre janelas ou cada período elege um parâmetro diferente — o que já seria veredicto negativo sozinho; (2) quanto do retorno in-sample sobrevive out-of-sample (WFE).
",RADL3.SA,2018-01-01,2021-12-31,MovingAverageCrossover,AtrStop,5,50,14,2.5,0.01,0.0,5.0,0.02602647164841798,0.006574935492549283,0.05759729285739847,0.20744194937780258,0.1593451923574022,20,0.25,3.8823533066170164,10.469420443280208,38.3,0.38699309634981605,0.08702009919777831,0.37378143798595426,0.41598147128233176,0.42398247173023046
mac_walkforward-2026-08-17T14:17:31,1,c000,mac_walkforward-2026-08-17T14:17:31-w1-train,c004,16,train,"Escolher os parâmetros do MAC pelo melhor Sharpe de cada janela de treino e aplicá-los na janela seguinte intocada. Duas perguntas: (1) a escolha é estável entre janelas ou cada período elege um parâmetro diferente — o que já seria veredicto negativo sozinho; (2) quanto do retorno in-sample sobrevive out-of-sample (WFE).
",PETR4.SA,2018-01-01,2021-12-31,MovingAverageCrossover,AtrStop,9,21,14,2.0,0.01,0.0,5.0,0.05321356199386562,0.013311707304008769,0.055741201917564424,0.3188199422432428,0.23770099360676658,22,0.45454545454545453,1.722511338478063,24.18798272448432,37.45454545454545,1.2791802430917225,0.23382989489247286,0.6334390076644771,0.6772594234766911,0.6429513434198731
mac_walkforward-2026-08-17T14:17:31,1,c000,mac_walkforward-2026-08-17T14:17:31-w1-train,c004,16,train,"Escolher os parâmetros do MAC pelo melhor Sharpe de cada janela de treino e aplicá-los na janela seguinte intocada. Duas perguntas: (1) a escolha é estável entre janelas ou cada período elege um parâmetro diferente — o que já seria veredicto negativo sozinho; (2) quanto do retorno in-sample sobrevive out-of-sample (WFE).
",VALE3.SA,2018-01-01,2021-12-31,MovingAverageCrossover,AtrStop,9,21,14,2.0,0.01,0.0,5.0,0.11808606864638493,0.028878587667852784,0.05670559046347872,0.6643289680134512,0.5133370371462944,22,0.5,1.983943019803334,47.54557902089657,37.13636363636363,1.4433602942681008,0.2559153763022073,0.43671320506549666,0.7577316639333939,0.7720959784011904
mac_walkforward-2026-08-17T14:17:31,1,c000,mac_walkforward-2026-08-17T14:17:31-w1-train,c004,16,train,"Escolher os parâmetros do MAC pelo melhor Sharpe de cada janela de treino e aplicá-los na janela seguinte intocada. Duas perguntas: (1) a escolha é estável entre janelas ou cada período elege um parâmetro diferente — o que já seria veredicto negativo sozinho; (2) quanto do retorno in-sample sobrevive out-of-sample (WFE).
",ITUB4.SA,2018-01-01,2021-12-31,MovingAverageCrossover,AtrStop,9,21,14,2.0,0.01,0.0,5.0,0.01902965345633989,0.004819690172866986,0.06566267120680092,0.14525531487701174,0.10472956214838004,22,0.36363636363636365,2.0465469197633586,8.649842480154371,29.681818181818183,-0.10863228069418329,-0.02890553877963309,0.44319103171384033,0.09628152466876601,0.0954885190672406
mac_walkforward-2026-08-17T14:17:31,1,c000,mac_walkforward-2026-08-17T14:17:31-w1-train,c004,16,train,"Escolher os parâmetros do MAC pelo melhor Sharpe de cada janela de treino e aplicá-los na janela seguinte intocada. Duas perguntas: (1) a escolha é estável entre janelas ou cada período elege um parâmetro diferente — o que já seria veredicto negativo sozinho; (2) quanto do retorno in-sample sobrevive out-of-sample (WFE).
",BBDC4.SA,2018-01-01,2021-12-31,MovingAverageCrossover,AtrStop,9,21,14,2.0,0.01,0.0,5.0,0.0863679613425199,0.021354030018022607,0.052623732644123754,0.5817797810639547,0.457140505111847,22,0.5454545454545454,1.6728628031542812,39.2581642466003,29.863636363636363,0.03408950785959641,0.008586632087501211,0.5273592645792584,0.21593498234006622,0.22390804623386795
mac_walkforward-2026-08-17T14:17:31,1,c000,mac_walkforward-2026-08-17T14:17:31-w1-train,c004,16,train,"Escolher os parâmetros do MAC pelo melhor Sharpe de cada janela de treino e aplicá-los na janela seguinte intocada. Duas perguntas: (1) a escolha é estável entre janelas ou cada período elege um parâmetro diferente — o que já seria veredicto negativo sozinho; (2) quanto do retorno in-sample sobrevive out-of-sample (WFE).
",WEGE3.SA,2018-01-01,2021-12-31,MovingAverageCrossover,AtrStop,9,21,14,2.0,0.01,0.0,5.0,0.2878426034632682,0.06664937388986103,0.07359131891932091,1.1043369005427466,0.8599428443171762,24,0.4583333333333333,4.819828103582381,119.93441810969499,32.916666666666664,2.611325706729838,0.3875187625715091,0.4665994459889489,1.040720297021485,1.0538435737168776
mac_walkforward-2026-08-17T14:17:31,1,c000,mac_walkforward-2026-08-17T14:17:31-w1-train,c004,16,train,"Escolher os parâmetros do MAC pelo melhor Sharpe de cada janela de treino e aplicá-los na janela seguinte intocada. Duas perguntas: (1) a escolha é estável entre janelas ou cada período elege um parâmetro diferente — o que já seria veredicto negativo sozinho; (2) quanto do retorno in-sample sobrevive out-of-sample (WFE).
",ABEV3.SA,2018-01-01,2021-12-31,MovingAverageCrossover,AtrStop,9,21,14,2.0,0.01,0.0,5.0,0.01042958769477198,0.0026499064752778523,0.032297138437682,0.09942617761444889,0.07127787893667524,23,0.5217391304347826,1.064953588957941,5.52476042364271,29.304347826086957,-0.19239940148092938,-0.05304464270851439,0.5193113967760312,-0.004693380473330327,-0.004725004975543529
mac_walkforward-2026-08-17T14:17:31,1,c000,mac_walkforward-2026-08-17T14:17:31-w1-train,c004,16,train,"Escolher os parâmetros do MAC pelo melhor Sharpe de cada janela de treino e aplicá-los na janela seguinte intocada. Duas perguntas: (1) a escolha é estável entre janelas ou cada período elege um parâmetro diferente — o que já seria veredicto negativo sozinho; (2) quanto do retorno in-sample sobrevive out-of-sample (WFE).
",B3SA3.SA,2018-01-01,2021-12-31,MovingAverageCrossover,AtrStop,9,21,14,2.0,0.01,0.0,5.0,0.030580790525365886,0.007712661821717592,0.06803914063370224,0.22873639556509606,0.16604314198512507,28,0.32142857142857145,2.575730655376466,10.921710901916558,24.607142857142858,0.6889055971124198,0.14301832420183214,0.4817485965132095,0.5297396622497514,0.5422685770715239
mac_walkforward-2026-08-17T14:17:31,1,c000,mac_walkforward-2026-08-17T14:17:31-w1-train,c004,16,train,"Escolher os parâmetros do MAC pelo melhor Sharpe de cada janela de treino e aplicá-los na janela seguinte intocada. Duas perguntas: (1) a escolha é estável entre janelas ou cada período elege um parâmetro diferente — o que já seria veredicto negativo sozinho; (2) quanto do retorno in-sample sobrevive out-of-sample (WFE).
",RENT3.SA,2018-01-01,2021-12-31,MovingAverageCrossover,AtrStop,9,21,14,2.0,0.01,0.0,5.0,0.14359482256780365,0.034815546804148445,0.03942340926169879,0.8920090383739241,0.747884429595033,19,0.47368421052631576,3.1914705316188696,73.72186147967837,41.05263157894737,1.5322262289464423,0.26741149713781587,0.5788071086564944,0.7272047948773914,0.7606543849457112
mac_walkforward-2026-08-17T14:17:31,1,c000,mac_walkforward-2026-08-17T14:17:31-w1-train,c004,16,train,"Escolher os parâmetros do MAC pelo melhor Sharpe de cada janela de treino e aplicá-los na janela seguinte intocada. Duas perguntas: (1) a escolha é estável entre janelas ou cada período elege um parâmetro diferente — o que já seria veredicto negativo sozinho; (2) quanto do retorno in-sample sobrevive out-of-sample (WFE).
",SUZB3.SA,2018-01-01,2021-12-31,MovingAverageCrossover,AtrStop,9,21,14,2.0,0.01,0.0,5.0,-0.010356009572279445,-0.002651661873687483,0.09001224654987393,-0.051666787833877924,-0.037072250972506195,27,0.2962962962962963,1.94533173324602,-9.919472165461244,21.74074074074074,2.248135881683323,0.35050995276212915,0.542505066996683,0.887959085039053,0.9627590799938754
mac_walkforward-2026-08-17T14:17:31,1,c000,mac_walkforward-2026-08-17T14:17:31-w1-train,c004,16,train,"Escolher os parâmetros do MAC pelo melhor Sharpe de cada janela de treino e aplicá-los na janela seguinte intocada. Duas perguntas: (1) a escolha é estável entre janelas ou cada período elege um parâmetro diferente — o que já seria veredicto negativo sozinho; (2) quanto do retorno in-sample sobrevive out-of-sample (WFE).
",RADL3.SA,2018-01-01,2021-12-31,MovingAverageCrossover,AtrStop,9,21,14,2.0,0.01,0.0,5.0,-0.006928107521725346,-0.0017716666046502239,0.08871157065791319,-0.02868268287306625,-0.02084931250286059,27,0.2962962962962963,2.228899204580196,-2.854690183919053,24.37037037037037,0.38699309634981605,0.08702009919777831,0.37378143798595426,0.41598147128233176,0.42398247173023046
mac_walkforward-2026-08-17T14:17:31,1,c000,mac_walkforward-2026-08-17T14:17:31-w1-train,c005,16,train,"Escolher os parâmetros do MAC pelo melhor Sharpe de cada janela de treino e aplicá-los na janela seguinte intocada. Duas perguntas: (1) a escolha é estável entre janelas ou cada período elege um parâmetro diferente — o que já seria veredicto negativo sozinho; (2) quanto do retorno in-sample sobrevive out-of-sample (WFE).
",PETR4.SA,2018-01-01,2021-12-31,MovingAverageCrossover,AtrStop,9,21,14,2.5,0.01,0.0,5.0,0.03754552187137916,0.009445317844384737,0.04484974686782057,0.2799813469757663,0.20978307628499093,22,0.45454545454545453,1.641327590590171,17.066146305172097,37.86363636363637,1.2791802430917225,0.23382989489247286,0.6334390076644771,0.6772594234766911,0.6429513434198731
mac_walkforward-2026-08-17T14:17:31,1,c000,mac_walkforward-2026-08-17T14:17:31-w1-train,c005,16,train,"Escolher os parâmetros do MAC pelo melhor Sharpe de cada janela de treino e aplicá-los na janela seguinte intocada. Duas perguntas: (1) a escolha é estável entre janelas ou cada período elege um parâmetro diferente — o que já seria veredicto negativo sozinho; (2) quanto do retorno in-sample sobrevive out-of-sample (WFE).
",VALE3.SA,2018-01-01,2021-12-31,MovingAverageCrossover,AtrStop,9,21,14,2.5,0.01,0.0,5.0,0.08845805651711758,0.02185486889760635,0.04685227339475779,0.6249048981880148,0.48720358623824483,22,0.5,1.881903816881599,35.46247326716679,37.72727272727273,1.4433602942681008,0.2559153763022073,0.43671320506549666,0.7577316639333939,0.7720959784011904
mac_walkforward-2026-08-17T14:17:31,1,c000,mac_walkforward-2026-08-17T14:17:31-w1-train,c005,16,train,"Escolher os parâmetros do MAC pelo melhor Sharpe de cada janela de treino e aplicá-los na janela seguinte intocada. Duas perguntas: (1) a escolha é estável entre janelas ou cada período elege um parâmetro diferente — o que já seria veredicto negativo sozinho; (2) quanto do retorno in-sample sobrevive out-of-sample (WFE).
",ITUB4.SA,2018-01-01,2021-12-31,MovingAverageCrossover,AtrStop,9,21,14,2.5,0.01,0.0,5.0,0.016269471069739305,0.004124791768363112,0.049905193504915124,0.14872793176526422,0.10878947953797233,22,0.36363636363636365,2.07133423902997,7.395214122608689,30.90909090909091,-0.10863228069418329,-0.02890553877963309,0.44319103171384033,0.09628152466876601,0.0954885190672406
mac_walkforward-2026-08-17T14:17:31,1,c000,mac_walkforward-2026-08-17T14:17:31-w1-train,c005,16,train,"Escolher os parâmetros do MAC pelo melhor Sharpe de cada janela de treino e aplicá-los na janela seguinte intocada. Duas perguntas: (1) a escolha é estável entre janelas ou cada período elege um parâmetro diferente — o que já seria veredicto negativo sozinho; (2) quanto do retorno in-sample sobrevive out-of-sample (WFE).
",BBDC4.SA,2018-01-01,2021-12-31,MovingAverageCrossover,AtrStop,9,21,14,2.5,0.01,0.0,5.0,0.07273706309196037,0.018069999149273208,0.042128902360655474,0.5987904792450438,0.47599739847382444,22,0.5454545454545454,1.7727904150665497,33.062301405436614,31.772727272727273,0.03408950785959641,0.008586632087501211,0.5273592645792584,0.21593498234006622,0.22390804623386795
mac_walkforward-2026-08-17T14:17:31,1,c000,mac_walkforward-2026-08-17T14:17:31-w1-train,c005,16,train,"Escolher os parâmetros do MAC pelo melhor Sharpe de cada janela de treino e aplicá-los na janela seguinte intocada. Duas perguntas: (1) a escolha é estável entre janelas ou cada período elege um parâmetro diferente — o que já seria veredicto negativo sozinho; (2) quanto do retorno in-sample sobrevive out-of-sample (WFE).
",WEGE3.SA,2018-01-01,2021-12-31,MovingAverageCrossover,AtrStop,9,21,14,2.5,0.01,0.0,5.0,0.2286758338049404,0.05393043748999449,0.06110665722268829,1.083987801124599,0.8698359063440114,24,0.4583333333333333,4.943105998190368,95.28159741872514,34.625,2.611325706729838,0.3875187625715091,0.4665994459889489,1.040720297021485,1.0538435737168776
mac_walkforward-2026-08-17T14:17:31,1,c000,mac_walkforward-2026-08-17T14:17:31-w1-train,c005,16,train,"Escolher os parâmetros do MAC pelo melhor Sharpe de cada janela de treino e aplicá-los na janela seguinte intocada. Duas perguntas: (1) a escolha é estável entre janelas ou cada período elege um parâmetro diferente — o que já seria veredicto negativo sozinho; (2) quanto do retorno in-sample sobrevive out-of-sample (WFE).
",ABEV3.SA,2018-01-01,2021-12-31,MovingAverageCrossover,AtrStop,9,21,14,2.5,0.01,0.0,5.0,-0.001408778762256424,-0.0003595128395776914,0.027815590703053797,-0.0013664817851858216,-0.0009817223123399492,23,0.5217391304347826,0.9215730390460779,0.1683845717217915,29.695652173913043,-0.19239940148092938,-0.05304464270851439,0.5193113967760312,-0.004693380473330327,-0.004725004975543529
mac_walkforward-2026-08-17T14:17:31,1,c000,mac_walkforward-2026-08-17T14:17:31-w1-train,c005,16,train,"Escolher os parâmetros do MAC pelo melhor Sharpe de cada janela de treino e aplicá-los na janela seguinte intocada. Duas perguntas: (1) a escolha é estável entre janelas ou cada período elege um parâmetro diferente — o que já seria veredicto negativo sozinho; (2) quanto do retorno in-sample sobrevive out-of-sample (WFE).
",B3SA3.SA,2018-01-01,2021-12-31,MovingAverageCrossover,AtrStop,9,21,14,2.5,0.01,0.0,5.0,0.012637472111777681,0.003208260992501266,0.054650848812199525,0.12314148526595942,0.09047673064727066,28,0.32142857142857145,2.3308531893223075,4.513382897063288,25.142857142857142,0.6889055971124198,0.14301832420183214,0.4817485965132095,0.5297396622497514,0.5422685770715239
mac_walkforward-2026-08-17T14:17:31,1,c000,mac_walkforward-2026-08-17T14:17:31-w1-train,c005,16,train,"Escolher os parâmetros do MAC pelo melhor Sharpe de cada janela de treino e aplicá-los na janela seguinte intocada. Duas perguntas: (1) a escolha é estável entre janelas ou cada período elege um parâmetro diferente — o que já seria veredicto negativo sozinho; (2) quanto do retorno in-sample sobrevive out-of-sample (WFE).
",RENT3.SA,2018-01-01,2021-12-31,MovingAverageCrossover,AtrStop,9,21,14,2.5,0.01,0.0,5.0,0.11057930997795484,0.027112249334565464,0.03189990217464081,0.8587845970678865,0.7155481543459601,19,0.47368421052631576,3.0472294264394075,56.74263896130821,41.26315789473684,1.5322262289464423,0.26741149713781587,0.5788071086564944,0.7272047948773914,0.7606543849457112
mac_walkforward-2026-08-17T14:17:31,1,c000,mac_walkforward-2026-08-17T14:17:31-w1-train,c005,16,train,"Escolher os parâmetros do MAC pelo melhor Sharpe de cada janela de treino e aplicá-los na janela seguinte intocada. Duas perguntas: (1) a escolha é estável entre janelas ou cada período elege um parâmetro diferente — o que já seria veredicto negativo sozinho; (2) quanto do retorno in-sample sobrevive out-of-sample (WFE).
",SUZB3.SA,2018-01-01,2021-12-31,MovingAverageCrossover,AtrStop,9,21,14,2.5,0.01,0.0,5.0,0.08482036931624526,0.020982725695052107,0.0967489126973113,0.4990133266104784,0.41264102510314526,27,0.3333333333333333,2.9961404280108033,25.982886362343923,26.74074074074074,2.248135881683323,0.35050995276212915,0.542505066996683,0.887959085039053,0.9627590799938754
mac_walkforward-2026-08-17T14:17:31,1,c000,mac_walkforward-2026-08-17T14:17:31-w1-train,c005,16,train,"Escolher os parâmetros do MAC pelo melhor Sharpe de cada janela de treino e aplicá-los na janela seguinte intocada. Duas perguntas: (1) a escolha é estável entre janelas ou cada período elege um parâmetro diferente — o que já seria veredicto negativo sozinho; (2) quanto do retorno in-sample sobrevive out-of-sample (WFE).
",RADL3.SA,2018-01-01,2021-12-31,MovingAverageCrossover,AtrStop,9,21,14,2.5,0.01,0.0,5.0,-0.014843395942749193,-0.0038070814942748887,0.07666368662610003,-0.11249917027555842,-0.08328436439117441,27,0.2962962962962963,2.03742240954253,-5.727802653038465,25.14814814814815,0.38699309634981605,0.08702009919777831,0.37378143798595426,0.41598147128233176,0.42398247173023046
mac_walkforward-2026-08-17T14:17:31,1,c000,mac_walkforward-2026-08-17T14:17:31-w1-train,c006,16,train,"Escolher os parâmetros do MAC pelo melhor Sharpe de cada janela de treino e aplicá-los na janela seguinte intocada. Duas perguntas: (1) a escolha é estável entre janelas ou cada período elege um parâmetro diferente — o que já seria veredicto negativo sozinho; (2) quanto do retorno in-sample sobrevive out-of-sample (WFE).
",PETR4.SA,2018-01-01,2021-12-31,MovingAverageCrossover,AtrStop,9,50,14,2.0,0.01,0.0,5.0,0.03250013467179347,0.008191016559250697,0.0552916770296746,0.22141589772049178,0.1509491073594604,13,0.38461538461538464,1.9428538427591373,15.696977488375122,50.61538461538461,1.2791802430917225,0.23382989489247286,0.6334390076644771,0.6772594234766911,0.6429513434198731
mac_walkforward-2026-08-17T14:17:31,1,c000,mac_walkforward-2026-08-17T14:17:31-w1-train,c006,16,train,"Escolher os parâmetros do MAC pelo melhor Sharpe de cada janela de treino e aplicá-los na janela seguinte intocada. Duas perguntas: (1) a escolha é estável entre janelas ou cada período elege um parâmetro diferente — o que já seria veredicto negativo sozinho; (2) quanto do retorno in-sample sobrevive out-of-sample (WFE).
",VALE3.SA,2018-01-01,2021-12-31,MovingAverageCrossover,AtrStop,9,50,14,2.0,0.01,0.0,5.0,0.14079122676225442,0.03416788734067788,0.09503464646300741,0.7259314788807879,0.515711870258511,10,0.3,6.729495072179454,135.9259260074047,66.1,1.4433602942681008,0.2559153763022073,0.43671320506549666,0.7577316639333939,0.7720959784011904
mac_walkforward-2026-08-17T14:17:31,1,c000,mac_walkforward-2026-08-17T14:17:31-w1-train,c006,16,train,"Escolher os parâmetros do MAC pelo melhor Sharpe de cada janela de treino e aplicá-los na janela seguinte intocada. Duas perguntas: (1) a escolha é estável entre janelas ou cada período elege um parâmetro diferente — o que já seria veredicto negativo sozinho; (2) quanto do retorno in-sample sobrevive out-of-sample (WFE).
",ITUB4.SA,2018-01-01,2021-12-31,MovingAverageCrossover,AtrStop,9,50,14,2.0,0.01,0.0,5.0,0.0013950770929871403,0.0003556446324479712,0.05681342631620072,0.027575925234895177,0.017704684175427754,12,0.3333333333333333,2.0456356164979845,1.1625642441559556,46.666666666666664,-0.10863228069418329,-0.02890553877963309,0.44319103171384033,0.09628152466876601,0.0954885190672406
mac_walkforward-2026-08-17T14:17:31,1,c000,mac_walkforward-2026-08-17T14:17:31-w1-train,c006,16,train,"Escolher os parâmetros do MAC pelo melhor Sharpe de cada janela de treino e aplicá-los na janela seguinte intocada. Duas perguntas: (1) a escolha é estável entre janelas ou cada período elege um parâmetro diferente — o que já seria veredicto negativo sozinho; (2) quanto do retorno in-sample sobrevive out-of-sample (WFE).
",BBDC4.SA,2018-01-01,2021-12-31,MovingAverageCrossover,AtrStop,9,50,14,2.0,0.01,0.0,5.0,-0.0027096684121583614,-0.0006918286375021676,0.06005981491664214,-0.00422847026456312,-0.0027148589574552797,14,0.2857142857142857,2.4099479391106273,-1.9354774372556178,38.57142857142857,0.03408950785959641,0.008586632087501211,0.5273592645792584,0.21593498234006622,0.22390804623386795
mac_walkforward-2026-08-17T14:17:31,1,c000,mac_walkforward-2026-08-17T14:17:31-w1-train,c006,16,train,"Escolher os parâmetros do MAC pelo melhor Sharpe de cada janela de treino e aplicá-los na janela seguinte intocada. Duas perguntas: (1) a escolha é estável entre janelas ou cada período elege um parâmetro diferente — o que já seria veredicto negativo sozinho; (2) quanto do retorno in-sample sobrevive out-of-sample (WFE).
",WEGE3.SA,2018-01-01,2021-12-31,MovingAverageCrossover,AtrStop,9,50,14,2.0,0.01,0.0,5.0,-0.010647791684912589,-0.002726671644033396,0.15105380993630102,-0.01817960226796537,-0.009067230933063742,12,0.3333333333333333,1.7403679608521674,-8.873159737427342,41.833333333333336,2.611325706729838,0.3875187625715091,0.4665994459889489,1.040720297021485,1.0538435737168776
mac_walkforward-2026-08-17T14:17:31,1,c000,mac_walkforward-2026-08-17T14:17:31-w1-train,c006,16,train,"Escolher os parâmetros do MAC pelo melhor Sharpe de cada janela de treino e aplicá-los na janela seguinte intocada. Duas perguntas: (1) a escolha é estável entre janelas ou cada período elege um parâmetro diferente — o que já seria veredicto negativo sozinho; (2) quanto do retorno in-sample sobrevive out-of-sample (WFE).
",ABEV3.SA,2018-01-01,2021-12-31,MovingAverageCrossover,AtrStop,9,50,14,2.0,0.01,0.0,5.0,-0.013868423612402148,-0.0035557111514978867,0.0525225658059191,-0.0986329571445518,-0.05762925839069222,11,0.36363636363636365,1.346732348715095,-12.607657829456597,41.81818181818182,-0.19239940148092938,-0.05304464270851439,0.5193113967760312,-0.004693380473330327,-0.004725004975543529
mac_walkforward-2026-08-17T14:17:31,1,c000,mac_walkforward-2026-08-17T14:17:31-w1-train,c006,16,train,"Escolher os parâmetros do MAC pelo melhor Sharpe de cada janela de treino e aplicá-los na janela seguinte intocada. Duas perguntas: (1) a escolha é estável entre janelas ou cada período elege um parâmetro diferente — o que já seria veredicto negativo sozinho; (2) quanto do retorno in-sample sobrevive out-of-sample (WFE).
",B3SA3.SA,2018-01-01,2021-12-31,MovingAverageCrossover,AtrStop,9,50,14,2.0,0.01,0.0,5.0,0.12266902177333838,0.029952616470104276,0.03539355029832724,0.75150782579534,0.5329513350625398,9,0.4444444444444444,5.2936697802209185,136.2989130814871,75.44444444444444,0.6889055971124198,0.14301832420183214,0.4817485965132095,0.5297396622497514,0.5422685770715239
mac_walkforward-2026-08-17T14:17:31,1,c000,mac_walkforward-2026-08-17T14:17:31-w1-train,c006,16,train,"Escolher os parâmetros do MAC pelo melhor Sharpe de cada janela de treino e aplicá-los na janela seguinte intocada. Duas perguntas: (1) a escolha é estável entre janelas ou cada período elege um parâmetro diferente — o que já seria veredicto negativo sozinho; (2) quanto do retorno in-sample sobrevive out-of-sample (WFE).
",RENT3.SA,2018-01-01,2021-12-31,MovingAverageCrossover,AtrStop,9,50,14,2.0,0.01,0.0,5.0,0.09841352796518876,0.024230662645745804,0.05127984232868139,0.6713585164341991,0.5294942504897792,8,0.5,3.2161062174200867,123.55034102225049,100.125,1.5322262289464423,0.26741149713781587,0.5788071086564944,0.7272047948773914,0.7606543849457112
mac_walkforward-2026-08-17T14:17:31,1,c000,mac_walkforward-2026-08-17T14:17:31-w1-train,c006,16,train,"Escolher os parâmetros do MAC pelo melhor Sharpe de cada janela de treino e aplicá-los na janela seguinte intocada. Duas perguntas: (1) a escolha é estável entre janelas ou cada período elege um parâmetro diferente — o que já seria veredicto negativo sozinho; (2) quanto do retorno in-sample sobrevive out-of-sample (WFE).
",SUZB3.SA,2018-01-01,2021-12-31,MovingAverageCrossover,AtrStop,9,50,14,2.0,0.01,0.0,5.0,0.06442778837635665,0.016052804046500224,0.039000899884263106,0.5538793743337435,0.3547347626085131,8,0.625,1.7120059985435792,56.785304604961354,53.375,2.248135881683323,0.35050995276212915,0.542505066996683,0.887959085039053,0.9627590799938754
mac_walkforward-2026-08-17T14:17:31,1,c000,mac_walkforward-2026-08-17T14:17:31-w1-train,c006,16,train,"Escolher os parâmetros do MAC pelo melhor Sharpe de cada janela de treino e aplicá-los na janela seguinte intocada. Duas perguntas: (1) a escolha é estável entre janelas ou cada período elege um parâmetro diferente — o que já seria veredicto negativo sozinho; (2) quanto do retorno in-sample sobrevive out-of-sample (WFE).
",RADL3.SA,2018-01-01,2021-12-31,MovingAverageCrossover,AtrStop,9,50,14,2.0,0.01,0.0,5.0,0.01349152439528245,0.0034240000498309,0.08585332395181056,0.10798565258470769,0.07333663193109721,14,0.21428571428571427,4.182250053219822,8.086430985549024,42.142857142857146,0.38699309634981605,0.08702009919777831,0.37378143798595426,0.41598147128233176,0.42398247173023046
mac_walkforward-2026-08-17T14:17:31,1,c000,mac_walkforward-2026-08-17T14:17:31-w1-train,c007,16,train,"Escolher os parâmetros do MAC pelo melhor Sharpe de cada janela de treino e aplicá-los na janela seguinte intocada. Duas perguntas: (1) a escolha é estável entre janelas ou cada período elege um parâmetro diferente — o que já seria veredicto negativo sozinho; (2) quanto do retorno in-sample sobrevive out-of-sample (WFE).
",PETR4.SA,2018-01-01,2021-12-31,MovingAverageCrossover,AtrStop,9,50,14,2.5,0.01,0.0,5.0,0.043545976063925185,0.010931150752244267,0.03795342223884181,0.3339156622771639,0.24619345158023567,13,0.46153846153846156,1.7283004851791433,25.980471652318922,59.38461538461539,1.2791802430917225,0.23382989489247286,0.6334390076644771,0.6772594234766911,0.6429513434198731
mac_walkforward-2026-08-17T14:17:31,1,c000,mac_walkforward-2026-08-17T14:17:31-w1-train,c007,16,train,"Escolher os parâmetros do MAC pelo melhor Sharpe de cada janela de treino e aplicá-los na janela seguinte intocada. Duas perguntas: (1) a escolha é estável entre janelas ou cada período elege um parâmetro diferente — o que já seria veredicto negativo sozinho; (2) quanto do retorno in-sample sobrevive out-of-sample (WFE).
",VALE3.SA,2018-01-01,2021-12-31,MovingAverageCrossover,AtrStop,9,50,14,2.5,0.01,0.0,5.0,0.12223143104122713,0.02985020696244356,0.0711631656000742,0.7481696813231254,0.5497127945262492,10,0.4,4.886169516008118,118.4647465858595,73.6,1.4433602942681008,0.2559153763022073,0.43671320506549666,0.7577316639333939,0.7720959784011904
mac_walkforward-2026-08-17T14:17:31,1,c000,mac_walkforward-2026-08-17T14:17:31-w1-train,c007,16,train,"Escolher os parâmetros do MAC pelo melhor Sharpe de cada janela de treino e aplicá-los na janela seguinte intocada. Duas perguntas: (1) a escolha é estável entre janelas ou cada período elege um parâmetro diferente — o que já seria veredicto negativo sozinho; (2) quanto do retorno in-sample sobrevive out-of-sample (WFE).
",ITUB4.SA,2018-01-01,2021-12-31,MovingAverageCrossover,AtrStop,9,50,14,2.5,0.01,0.0,5.0,0.030845758157353798,0.007778738698532184,0.040622868097225324,0.2653192025161128,0.189550937429995,12,0.4166666666666667,2.4713669590822565,25.704798464461913,55.5,-0.10863228069418329,-0.02890553877963309,0.44319103171384033,0.09628152466876601,0.0954885190672406
mac_walkforward-2026-08-17T14:17:31,1,c000,mac_walkforward-2026-08-17T14:17:31-w1-train,c007,16,train,"Escolher os parâmetros do MAC pelo melhor Sharpe de cada janela de treino e aplicá-los na janela seguinte intocada. Duas perguntas: (1) a escolha é estável entre janelas ou cada período elege um parâmetro diferente — o que já seria veredicto negativo sozinho; (2) quanto do retorno in-sample sobrevive out-of-sample (WFE).
",BBDC4.SA,2018-01-01,2021-12-31,MovingAverageCrossover,AtrStop,9,50,14,2.5,0.01,0.0,5.0,0.034162724015543544,0.008604845618232382,0.04474900734004294,0.29532312749965534,0.21714017963515594,14,0.35714285714285715,3.043621731516027,24.401945725388206,46.42857142857143,0.03408950785959641,0.008586632087501211,0.5273592645792584,0.21593498234006622,0.22390804623386795
mac_walkforward-2026-08-17T14:17:31,1,c000,mac_walkforward-2026-08-17T14:17:31-w1-train,c007,16,train,"Escolher os parâmetros do MAC pelo melhor Sharpe de cada janela de treino e aplicá-los na janela seguinte intocada. Duas perguntas: (1) a escolha é estável entre janelas ou cada período elege um parâmetro diferente — o que já seria veredicto negativo sozinho; (2) quanto do retorno in-sample sobrevive out-of-sample (WFE).
",WEGE3.SA,2018-01-01,2021-12-31,MovingAverageCrossover,AtrStop,9,50,14,2.5,0.01,0.0,5.0,0.013499177694946463,0.003425932709822277,0.12635389231173122,0.09364464347617485,0.05825239860516277,12,0.5,1.235539225942329,11.249314745788482,59.333333333333336,2.611325706729838,0.3875187625715091,0.4665994459889489,1.040720297021485,1.0538435737168776
mac_walkforward-2026-08-17T14:17:31,1,c000,mac_walkforward-2026-08-17T14:17:31-w1-train,c007,16,train,"Escolher os parâmetros do MAC pelo melhor Sharpe de cada janela de treino e aplicá-los na janela seguinte intocada. Duas perguntas: (1) a escolha é estável entre janelas ou cada período elege um parâmetro diferente — o que já seria veredicto negativo sozinho; (2) quanto do retorno in-sample sobrevive out-of-sample (WFE).
",ABEV3.SA,2018-01-01,2021-12-31,MovingAverageCrossover,AtrStop,9,50,14,2.5,0.01,0.0,5.0,-0.01727385791334002,-0.004434518417272382,0.042113129000474085,-0.16380465183241155,-0.09894304623840194,11,0.36363636363636365,1.192606982986871,-15.703507193945484,43.63636363636363,-0.19239940148092938,-0.05304464270851439,0.5193113967760312,-0.004693380473330327,-0.004725004975543529
mac_walkforward-2026-08-17T14:17:31,1,c000,mac_walkforward-2026-08-17T14:17:31-w1-train,c007,16,train,"Escolher os parâmetros do MAC pelo melhor Sharpe de cada janela de treino e aplicá-los na janela seguinte intocada. Duas perguntas: (1) a escolha é estável entre janelas ou cada período elege um parâmetro diferente — o que já seria veredicto negativo sozinho; (2) quanto do retorno in-sample sobrevive out-of-sample (WFE).
",B3SA3.SA,2018-01-01,2021-12-31,MovingAverageCrossover,AtrStop,9,50,14,2.5,0.01,0.0,5.0,0.09292230226305809,0.022922218833201446,0.030185834643501837,0.7125609902107548,0.5054347398504873,9,0.4444444444444444,4.63866188646478,103.24700251450871,75.66666666666667,0.6889055971124198,0.14301832420183214,0.4817485965132095,0.5297396622497514,0.5422685770715239
mac_walkforward-2026-08-17T14:17:31,1,c000,mac_walkforward-2026-08-17T14:17:31-w1-train,c007,16,train,"Escolher os parâmetros do MAC pelo melhor Sharpe de cada janela de treino e aplicá-los na janela seguinte intocada. Duas perguntas: (1) a escolha é estável entre janelas ou cada período elege um parâmetro diferente — o que já seria veredicto negativo sozinho; (2) quanto do retorno in-sample sobrevive out-of-sample (WFE).
",RENT3.SA,2018-01-01,2021-12-31,MovingAverageCrossover,AtrStop,9,50,14,2.5,0.01,0.0,5.0,0.07979573582215149,0.019774469124721028,0.038428743534746894,0.6727213971125006,0.5350187246972703,8,0.5,3.3770122462233902,100.16379418650514,102.625,1.5322262289464423,0.26741149713781587,0.5788071086564944,0.7272047948773914,0.7606543849457112
mac_walkforward-2026-08-17T14:17:31,1,c000,mac_walkforward-2026-08-17T14:17:31-w1-train,c007,16,train,"Escolher os parâmetros do MAC pelo melhor Sharpe de cada janela de treino e aplicá-los na janela seguinte intocada. Duas perguntas: (1) a escolha é estável entre janelas ou cada período elege um parâmetro diferente — o que já seria veredicto negativo sozinho; (2) quanto do retorno in-sample sobrevive out-of-sample (WFE).
",SUZB3.SA,2018-01-01,2021-12-31,MovingAverageCrossover,AtrStop,9,50,14,2.5,0.01,0.0,5.0,0.09540397242567411,0.023514153807341343,0.027289338153812834,0.8473962950768645,0.6152034121876435,8,0.75,2.293299562996143,99.33608803200867,72.25,2.248135881683323,0.35050995276212915,0.542505066996683,0.887959085039053,0.9627590799938754
mac_walkforward-2026-08-17T14:17:31,1,c000,mac_walkforward-2026-08-17T14:17:31-w1-train,c007,16,train,"Escolher os parâmetros do MAC pelo melhor Sharpe de cada janela de treino e aplicá-los na janela seguinte intocada. Duas perguntas: (1) a escolha é estável entre janelas ou cada período elege um parâmetro diferente — o que já seria veredicto negativo sozinho; (2) quanto do retorno in-sample sobrevive out-of-sample (WFE).
",RADL3.SA,2018-01-01,2021-12-31,MovingAverageCrossover,AtrStop,9,50,14,2.5,0.01,0.0,5.0,0.02625634074231664,0.006632449746237334,0.055616084030070456,0.20884065668678795,0.15165562775272598,14,0.2857142857142857,3.5481815754730657,17.498531407324258,47.642857142857146,0.38699309634981605,0.08702009919777831,0.37378143798595426,0.41598147128233176,0.42398247173023046
mac_walkforward-2026-08-17T14:17:31,1,c000,mac_walkforward-2026-08-17T14:17:31-w1-train,c008,16,train,"Escolher os parâmetros do MAC pelo melhor Sharpe de cada janela de treino e aplicá-los na janela seguinte intocada. Duas perguntas: (1) a escolha é estável entre janelas ou cada período elege um parâmetro diferente — o que já seria veredicto negativo sozinho; (2) quanto do retorno in-sample sobrevive out-of-sample (WFE).
",PETR4.SA,2018-01-01,2021-12-31,MovingAverageCrossover,AtrStop,12,21,14,2.0,0.01,0.0,5.0,0.048896878130566535,0.012250782684526396,0.05775647685124912,0.2892347217966677,0.21192586143258324,19,0.47368421052631576,1.4729944909713188,19.30955157910517,42.0,1.2791802430917225,0.23382989489247286,0.6334390076644771,0.6772594234766911,0.6429513434198731
mac_walkforward-2026-08-17T14:17:31,1,c000,mac_walkforward-2026-08-17T14:17:31-w1-train,c008,16,train,"Escolher os parâmetros do MAC pelo melhor Sharpe de cada janela de treino e aplicá-los na janela seguinte intocada. Duas perguntas: (1) a escolha é estável entre janelas ou cada período elege um parâmetro diferente — o que já seria veredicto negativo sozinho; (2) quanto do retorno in-sample sobrevive out-of-sample (WFE).
",VALE3.SA,2018-01-01,2021-12-31,MovingAverageCrossover,AtrStop,12,21,14,2.0,0.01,0.0,5.0,0.12250282653037847,0.029913725243666534,0.05395132731369677,0.6775282166112114,0.5194795849849435,24,0.5,1.8510702883473167,45.423763220819126,32.541666666666664,1.4433602942681008,0.2559153763022073,0.43671320506549666,0.7577316639333939,0.7720959784011904
mac_walkforward-2026-08-17T14:17:31,1,c000,mac_walkforward-2026-08-17T14:17:31-w1-train,c008,16,train,"Escolher os parâmetros do MAC pelo melhor Sharpe de cada janela de treino e aplicá-los na janela seguinte intocada. Duas perguntas: (1) a escolha é estável entre janelas ou cada período elege um parâmetro diferente — o que já seria veredicto negativo sozinho; (2) quanto do retorno in-sample sobrevive out-of-sample (WFE).
",ITUB4.SA,2018-01-01,2021-12-31,MovingAverageCrossover,AtrStop,12,21,14,2.0,0.01,0.0,5.0,-0.02259352216286281,-0.005811863182536681,0.07030038248423998,-0.1438229061363751,-0.0958034537057271,25,0.28,2.117924140163707,-9.037408865145158,22.92,-0.10863228069418329,-0.02890553877963309,0.44319103171384033,0.09628152466876601,0.0954885190672406
mac_walkforward-2026-08-17T14:17:31,1,c000,mac_walkforward-2026-08-17T14:17:31-w1-train,c008,16,train,"Escolher os parâmetros do MAC pelo melhor Sharpe de cada janela de treino e aplicá-los na janela seguinte intocada. Duas perguntas: (1) a escolha é estável entre janelas ou cada período elege um parâmetro diferente — o que já seria veredicto negativo sozinho; (2) quanto do retorno in-sample sobrevive out-of-sample (WFE).
",BBDC4.SA,2018-01-01,2021-12-31,MovingAverageCrossover,AtrStop,12,21,14,2.0,0.01,0.0,5.0,0.11474026547002669,0.028092415774424007,0.047676402394719354,0.7064785332033199,0.5670203509604391,24,0.5416666666666666,2.2799912829887123,47.80844394584438,28.416666666666668,0.03408950785959641,0.008586632087501211,0.5273592645792584,0.21593498234006622,0.22390804623386795
mac_walkforward-2026-08-17T14:17:31,1,c000,mac_walkforward-2026-08-17T14:17:31-w1-train,c008,16,train,"Escolher os parâmetros do MAC pelo melhor Sharpe de cada janela de treino e aplicá-los na janela seguinte intocada. Duas perguntas: (1) a escolha é estável entre janelas ou cada período elege um parâmetro diferente — o que já seria veredicto negativo sozinho; (2) quanto do retorno in-sample sobrevive out-of-sample (WFE).
",WEGE3.SA,2018-01-01,2021-12-31,MovingAverageCrossover,AtrStop,12,21,14,2.0,0.01,0.0,5.0,0.2137304841828065,0.05064569393511875,0.09465575598940365,0.8491159620009611,0.6509910591375316,25,0.44,4.060957119183417,85.49219367312257,32.28,2.611325706729838,0.3875187625715091,0.4665994459889489,1.040720297021485,1.0538435737168776
mac_walkforward-2026-08-17T14:17:31,1,c000,mac_walkforward-2026-08-17T14:17:31-w1-train,c008,16,train,"Escolher os parâmetros do MAC pelo melhor Sharpe de cada janela de treino e aplicá-los na janela seguinte intocada. Duas perguntas: (1) a escolha é estável entre janelas ou cada período elege um parâmetro diferente — o que já seria veredicto negativo sozinho; (2) quanto do retorno in-sample sobrevive out-of-sample (WFE).
",ABEV3.SA,2018-01-01,2021-12-31,MovingAverageCrossover,AtrStop,12,21,14,2.0,0.01,0.0,5.0,0.015395914993196147,0.0039045740348730984,0.04004198211914468,0.12752255435440968,0.09371824031426483,22,0.5,1.214753597794113,8.038643294759629,31.454545454545453,-0.19239940148092938,-0.05304464270851439,0.5193113967760312,-0.004693380473330327,-0.004725004975543529
mac_walkforward-2026-08-17T14:17:31,1,c000,mac_walkforward-2026-08-17T14:17:31-w1-train,c008,16,train,"Escolher os parâmetros do MAC pelo melhor Sharpe de cada janela de treino e aplicá-los na janela seguinte intocada. Duas perguntas: (1) a escolha é estável entre janelas ou cada período elege um parâmetro diferente — o que já seria veredicto negativo sozinho; (2) quanto do retorno in-sample sobrevive out-of-sample (WFE).
",B3SA3.SA,2018-01-01,2021-12-31,MovingAverageCrossover,AtrStop,12,21,14,2.0,0.01,0.0,5.0,0.008278544401225885,0.002105051821069681,0.08490347725769833,0.07482648704461956,0.05442641191617365,28,0.32142857142857145,2.3452082532312803,5.784767637531192,24.25,0.6889055971124198,0.14301832420183214,0.4817485965132095,0.5297396622497514,0.5422685770715239
mac_walkforward-2026-08-17T14:17:31,1,c000,mac_walkforward-2026-08-17T14:17:31-w1-train,c008,16,train,"Escolher os parâmetros do MAC pelo melhor Sharpe de cada janela de treino e aplicá-los na janela seguinte intocada. Duas perguntas: (1) a escolha é estável entre janelas ou cada período elege um parâmetro diferente — o que já seria veredicto negativo sozinho; (2) quanto do retorno in-sample sobrevive out-of-sample (WFE).
",RENT3.SA,2018-01-01,2021-12-31,MovingAverageCrossover,AtrStop,12,21,14,2.0,0.01,0.0,5.0,0.1354637737621256,0.03293391644203214,0.04686684717099974,0.8635465818063587,0.742695755706113,23,0.5652173913043478,2.1022457279967908,58.58919535413692,33.82608695652174,1.5322262289464423,0.26741149713781587,0.5788071086564944,0.7272047948773914,0.7606543849457112
mac_walkforward-2026-08-17T14:17:31,1,c000,mac_walkforward-2026-08-17T14:17:31-w1-train,c008,16,train,"Escolher os parâmetros do MAC pelo melhor Sharpe de cada janela de treino e aplicá-los na janela seguinte intocada. Duas perguntas: (1) a escolha é estável entre janelas ou cada período elege um parâmetro diferente — o que já seria veredicto negativo sozinho; (2) quanto do retorno in-sample sobrevive out-of-sample (WFE).
",SUZB3.SA,2018-01-01,2021-12-31,MovingAverageCrossover,AtrStop,12,21,14,2.0,0.01,0.0,5.0,0.11811358906312064,0.028885046938967873,0.1065422292712691,0.5536669715067449,0.45016087616003986,29,0.3103448275862069,3.4930010393871322,33.83086546821727,24.103448275862068,2.248135881683323,0.35050995276212915,0.542505066996683,0.887959085039053,0.9627590799938754
mac_walkforward-2026-08-17T14:17:31,1,c000,mac_walkforward-2026-08-17T14:17:31-w1-train,c008,16,train,"Escolher os parâmetros do MAC pelo melhor Sharpe de cada janela de treino e aplicá-los na janela seguinte intocada. Duas perguntas: (1) a escolha é estável entre janelas ou cada período elege um parâmetro diferente — o que já seria veredicto negativo sozinho; (2) quanto do retorno in-sample sobrevive out-of-sample (WFE).
",RADL3.SA,2018-01-01,2021-12-31,MovingAverageCrossover,AtrStop,12,21,14,2.0,0.01,0.0,5.0,0.04154940728179146,0.010437468415462003,0.06405690417360838,0.29272648375365307,0.21873861859369664,27,0.4074074074074074,2.052213856750799,14.6068612859289,25.51851851851852,0.38699309634981605,0.08702009919777831,0.37378143798595426,0.41598147128233176,0.42398247173023046
mac_walkforward-2026-08-17T14:17:31,1,c000,mac_walkforward-2026-08-17T14:17:31-w1-train,c009,16,train,"Escolher os parâmetros do MAC pelo melhor Sharpe de cada janela de treino e aplicá-los na janela seguinte intocada. Duas perguntas: (1) a escolha é estável entre janelas ou cada período elege um parâmetro diferente — o que já seria veredicto negativo sozinho; (2) quanto do retorno in-sample sobrevive out-of-sample (WFE).
",PETR4.SA,2018-01-01,2021-12-31,MovingAverageCrossover,AtrStop,12,21,14,2.5,0.01,0.0,5.0,0.034727013211480307,0.008745188133580939,0.0465462679768149,0.25535976927743065,0.18715142592071207,19,0.47368421052631576,1.4080550770354745,13.210999510688309,42.05263157894737,1.2791802430917225,0.23382989489247286,0.6334390076644771,0.6772594234766911,0.6429513434198731
mac_walkforward-2026-08-17T14:17:31,1,c000,mac_walkforward-2026-08-17T14:17:31-w1-train,c009,16,train,"Escolher os parâmetros do MAC pelo melhor Sharpe de cada janela de treino e aplicá-los na janela seguinte intocada. Duas perguntas: (1) a escolha é estável entre janelas ou cada período elege um parâmetro diferente — o que já seria veredicto negativo sozinho; (2) quanto do retorno in-sample sobrevive out-of-sample (WFE).
",VALE3.SA,2018-01-01,2021-12-31,MovingAverageCrossover,AtrStop,12,21,14,2.5,0.01,0.0,5.0,0.07563349140575237,0.01877041253615852,0.04904036858410595,0.5252624308278708,0.3991987585094302,24,0.5,1.5391690145969341,27.16369836516738,33.083333333333336,1.4433602942681008,0.2559153763022073,0.43671320506549666,0.7577316639333939,0.7720959784011904
mac_walkforward-2026-08-17T14:17:31,1,c000,mac_walkforward-2026-08-17T14:17:31-w1-train,c009,16,train,"Escolher os parâmetros do MAC pelo melhor Sharpe de cada janela de treino e aplicá-los na janela seguinte intocada. Duas perguntas: (1) a escolha é estável entre janelas ou cada período elege um parâmetro diferente — o que já seria veredicto negativo sozinho; (2) quanto do retorno in-sample sobrevive out-of-sample (WFE).
",ITUB4.SA,2018-01-01,2021-12-31,MovingAverageCrossover,AtrStop,12,21,14,2.5,0.01,0.0,5.0,-0.00313951468538487,-0.0008017050131029491,0.056228842368171446,-0.011274609932752911,-0.008178531445453555,25,0.32,2.056731140889642,-1.2558058741540452,26.48,-0.10863228069418329,-0.02890553877963309,0.44319103171384033,0.09628152466876601,0.0954885190672406
mac_walkforward-2026-08-17T14:17:31,1,c000,mac_walkforward-2026-08-17T14:17:31-w1-train,c009,16,train,"Escolher os parâmetros do MAC pelo melhor Sharpe de cada janela de treino e aplicá-los na janela seguinte intocada. Duas perguntas: (1) a escolha é estável entre janelas ou cada período elege um parâmetro diferente — o que já seria veredicto negativo sozinho; (2) quanto do retorno in-sample sobrevive out-of-sample (WFE).
",BBDC4.SA,2018-01-01,2021-12-31,MovingAverageCrossover,AtrStop,12,21,14,2.5,0.01,0.0,5.0,0.0824070805596413,0.02040293182430486,0.04398905386998198,0.6346262577826427,0.5082731633796301,24,0.5416666666666666,1.9796707429008213,34.33628356651706,28.958333333333332,0.03408950785959641,0.008586632087501211,0.5273592645792584,0.21593498234006622,0.22390804623386795
mac_walkforward-2026-08-17T14:17:31,1,c000,mac_walkforward-2026-08-17T14:17:31-w1-train,c009,16,train,"Escolher os parâmetros do MAC pelo melhor Sharpe de cada janela de treino e aplicá-los na janela seguinte intocada. Duas perguntas: (1) a escolha é estável entre janelas ou cada período elege um parâmetro diferente — o que já seria veredicto negativo sozinho; (2) quanto do retorno in-sample sobrevive out-of-sample (WFE).
",WEGE3.SA,2018-01-01,2021-12-31,MovingAverageCrossover,AtrStop,12,21,14,2.5,0.01,0.0,5.0,0.15892106773867254,0.0383353115041547,0.07831639472144342,0.7917325453393339,0.6125728472097731,25,0.44,3.6441064496221536,63.568427095468806,32.84,2.611325706729838,0.3875187625715091,0.4665994459889489,1.040720297021485,1.0538435737168776
mac_walkforward-2026-08-17T14:17:31,1,c000,mac_walkforward-2026-08-17T14:17:31-w1-train,c009,16,train,"Escolher os parâmetros do MAC pelo melhor Sharpe de cada janela de treino e aplicá-los na janela seguinte intocada. Duas perguntas: (1) a escolha é estável entre janelas ou cada período elege um parâmetro diferente — o que já seria veredicto negativo sozinho; (2) quanto do retorno in-sample sobrevive out-of-sample (WFE).
",ABEV3.SA,2018-01-01,2021-12-31,MovingAverageCrossover,AtrStop,12,21,14,2.5,0.01,0.0,5.0,0.0171867170529878,0.004355871725087335,0.03196624587099461,0.16590443344258127,0.12354333750754622,22,0.5,1.3106855152237598,8.644544207821951,32.09090909090909,-0.19239940148092938,-0.05304464270851439,0.5193113967760312,-0.004693380473330327,-0.004725004975543529
mac_walkforward-2026-08-17T14:17:31,1,c000,mac_walkforward-2026-08-17T14:17:31-w1-train,c009,16,train,"Escolher os parâmetros do MAC pelo melhor Sharpe de cada janela de treino e aplicá-los na janela seguinte intocada. Duas perguntas: (1) a escolha é estável entre janelas ou cada período elege um parâmetro diferente — o que já seria veredicto negativo sozinho; (2) quanto do retorno in-sample sobrevive out-of-sample (WFE).
",B3SA3.SA,2018-01-01,2021-12-31,MovingAverageCrossover,AtrStop,12,21,14,2.5,0.01,0.0,5.0,-0.004495214202521081,-0.0011484773535581638,0.07255228946759755,-0.022653274696107582,-0.01654821057282428,28,0.32142857142857145,2.1406975321524904,0.633514193941062,24.857142857142858,0.6889055971124198,0.14301832420183214,0.4817485965132095,0.5297396622497514,0.5422685770715239
mac_walkforward-2026-08-17T14:17:31,1,c000,mac_walkforward-2026-08-17T14:17:31-w1-train,c009,16,train,"Escolher os parâmetros do MAC pelo melhor Sharpe de cada janela de treino e aplicá-los na janela seguinte intocada. Duas perguntas: (1) a escolha é estável entre janelas ou cada período elege um parâmetro diferente — o que já seria veredicto negativo sozinho; (2) quanto do retorno in-sample sobrevive out-of-sample (WFE).
",RENT3.SA,2018-01-01,2021-12-31,MovingAverageCrossover,AtrStop,12,21,14,2.5,0.01,0.0,5.0,0.10670843974878297,0.026197956894347785,0.04118404285602643,0.8548993109705493,0.7373275412390101,23,0.5652173913043478,2.119753705423133,46.15289712916882,34.56521739130435,1.5322262289464423,0.26741149713781587,0.5788071086564944,0.7272047948773914,0.7606543849457112
mac_walkforward-2026-08-17T14:17:31,1,c000,mac_walkforward-2026-08-17T14:17:31-w1-train,c009,16,train,"Escolher os parâmetros do MAC pelo melhor Sharpe de cada janela de treino e aplicá-los na janela seguinte intocada. Duas perguntas: (1) a escolha é estável entre janelas ou cada período elege um parâmetro diferente — o que já seria veredicto negativo sozinho; (2) quanto do retorno in-sample sobrevive out-of-sample (WFE).
",SUZB3.SA,2018-01-01,2021-12-31,MovingAverageCrossover,AtrStop,12,21,14,2.5,0.01,0.0,5.0,0.09688615292439828,0.02386721133150438,0.08214085622375303,0.5594210910198285,0.4625951029203402,29,0.3448275862068966,3.075243058808573,28.019988291470522,25.344827586206897,2.248135881683323,0.35050995276212915,0.542505066996683,0.887959085039053,0.9627590799938754
mac_walkforward-2026-08-17T14:17:31,1,c000,mac_walkforward-2026-08-17T14:17:31-w1-train,c009,16,train,"Escolher os parâmetros do MAC pelo melhor Sharpe de cada janela de treino e aplicá-los na janela seguinte intocada. Duas perguntas: (1) a escolha é estável entre janelas ou cada período elege um parâmetro diferente — o que já seria veredicto negativo sozinho; (2) quanto do retorno in-sample sobrevive out-of-sample (WFE).
",RADL3.SA,2018-01-01,2021-12-31,MovingAverageCrossover,AtrStop,12,21,14,2.5,0.01,0.0,5.0,0.03415376038015183,0.008602615841642569,0.05070752958614521,0.2962621712684764,0.2237244271658329,27,0.4074074074074074,2.081885917348602,12.03329216147024,26.14814814814815,0.38699309634981605,0.08702009919777831,0.37378143798595426,0.41598147128233176,0.42398247173023046
mac_walkforward-2026-08-17T14:17:31,1,c000,mac_walkforward-2026-08-17T14:17:31-w1-train,c010,16,train,"Escolher os parâmetros do MAC pelo melhor Sharpe de cada janela de treino e aplicá-los na janela seguinte intocada. Duas perguntas: (1) a escolha é estável entre janelas ou cada período elege um parâmetro diferente — o que já seria veredicto negativo sozinho; (2) quanto do retorno in-sample sobrevive out-of-sample (WFE).
",PETR4.SA,2018-01-01,2021-12-31,MovingAverageCrossover,AtrStop,12,50,14,2.0,0.01,0.0,5.0,0.07242459967602,0.01799435519050996,0.04917869132750273,0.45242573417941206,0.3271566331891661,11,0.5454545454545454,1.5413187384377416,56.58913087763447,64.54545454545455,1.2791802430917225,0.23382989489247286,0.6334390076644771,0.6772594234766911,0.6429513434198731
mac_walkforward-2026-08-17T14:17:31,1,c000,mac_walkforward-2026-08-17T14:17:31-w1-train,c010,16,train,"Escolher os parâmetros do MAC pelo melhor Sharpe de cada janela de treino e aplicá-los na janela seguinte intocada. Duas perguntas: (1) a escolha é estável entre janelas ou cada período elege um parâmetro diferente — o que já seria veredicto negativo sozinho; (2) quanto do retorno in-sample sobrevive out-of-sample (WFE).
",VALE3.SA,2018-01-01,2021-12-31,MovingAverageCrossover,AtrStop,12,50,14,2.0,0.01,0.0,5.0,0.1267017020450074,0.030894989094377934,0.10063741466485687,0.6626158771493541,0.45220740279905997,12,0.3333333333333333,5.2125885173645505,106.69579953868042,52.833333333333336,1.4433602942681008,0.2559153763022073,0.43671320506549666,0.7577316639333939,0.7720959784011904
mac_walkforward-2026-08-17T14:17:31,1,c000,mac_walkforward-2026-08-17T14:17:31-w1-train,c010,16,train,"Escolher os parâmetros do MAC pelo melhor Sharpe de cada janela de treino e aplicá-los na janela seguinte intocada. Duas perguntas: (1) a escolha é estável entre janelas ou cada período elege um parâmetro diferente — o que já seria veredicto negativo sozinho; (2) quanto do retorno in-sample sobrevive out-of-sample (WFE).
",ITUB4.SA,2018-01-01,2021-12-31,MovingAverageCrossover,AtrStop,12,50,14,2.0,0.01,0.0,5.0,-0.036462717259453936,-0.009429263438331392,0.07415192812118467,-0.2806051525416719,-0.16727463951972268,11,0.2727272727272727,1.3734096408988172,-33.1479247813217,46.54545454545455,-0.10863228069418329,-0.02890553877963309,0.44319103171384033,0.09628152466876601,0.0954885190672406
mac_walkforward-2026-08-17T14:17:31,1,c000,mac_walkforward-2026-08-17T14:17:31-w1-train,c010,16,train,"Escolher os parâmetros do MAC pelo melhor Sharpe de cada janela de treino e aplicá-los na janela seguinte intocada. Duas perguntas: (1) a escolha é estável entre janelas ou cada período elege um parâmetro diferente — o que já seria veredicto negativo sozinho; (2) quanto do retorno in-sample sobrevive out-of-sample (WFE).
",BBDC4.SA,2018-01-01,2021-12-31,MovingAverageCrossover,AtrStop,12,50,14,2.0,0.01,0.0,5.0,0.0034177308107818938,0.0008706214003675328,0.06728525296828107,0.04291260506675493,0.027866452890474448,11,0.2727272727272727,2.8468348923108207,3.1070280098018865,50.45454545454545,0.03408950785959641,0.008586632087501211,0.5273592645792584,0.21593498234006622,0.22390804623386795
mac_walkforward-2026-08-17T14:17:31,1,c000,mac_walkforward-2026-08-17T14:17:31-w1-train,c010,16,train,"Escolher os parâmetros do MAC pelo melhor Sharpe de cada janela de treino e aplicá-los na janela seguinte intocada. Duas perguntas: (1) a escolha é estável entre janelas ou cada período elege um parâmetro diferente — o que já seria veredicto negativo sozinho; (2) quanto do retorno in-sample sobrevive out-of-sample (WFE).
",WEGE3.SA,2018-01-01,2021-12-31,MovingAverageCrossover,AtrStop,12,50,14,2.0,0.01,0.0,5.0,-0.027571032883510038,-0.0071056854142950154,0.06092659715102539,-0.1975965828297015,-0.11487032970794468,12,0.25,1.9570961688924617,-22.975860736258472,38.5,2.611325706729838,0.3875187625715091,0.4665994459889489,1.040720297021485,1.0538435737168776
mac_walkforward-2026-08-17T14:17:31,1,c000,mac_walkforward-2026-08-17T14:17:31-w1-train,c010,16,train,"Escolher os parâmetros do MAC pelo melhor Sharpe de cada janela de treino e aplicá-los na janela seguinte intocada. Duas perguntas: (1) a escolha é estável entre janelas ou cada período elege um parâmetro diferente — o que já seria veredicto negativo sozinho; (2) quanto do retorno in-sample sobrevive out-of-sample (WFE).
",ABEV3.SA,2018-01-01,2021-12-31,MovingAverageCrossover,AtrStop,12,50,14,2.0,0.01,0.0,5.0,-0.025890720646164822,-0.0066683653558844425,0.055891180340872766,-0.19715276042102062,-0.11572938047493114,11,0.2727272727272727,1.6336723615609114,-23.537018769240714,41.45454545454545,-0.19239940148092938,-0.05304464270851439,0.5193113967760312,-0.004693380473330327,-0.004725004975543529
mac_walkforward-2026-08-17T14:17:31,1,c000,mac_walkforward-2026-08-17T14:17:31-w1-train,c010,16,train,"Escolher os parâmetros do MAC pelo melhor Sharpe de cada janela de treino e aplicá-los na janela seguinte intocada. Duas perguntas: (1) a escolha é estável entre janelas ou cada período elege um parâmetro diferente — o que já seria veredicto negativo sozinho; (2) quanto do retorno in-sample sobrevive out-of-sample (WFE).
",B3SA3.SA,2018-01-01,2021-12-31,MovingAverageCrossover,AtrStop,12,50,14,2.0,0.01,0.0,5.0,0.06929027926237996,0.017234660818313374,0.03250741816455881,0.5260786742224319,0.33119273190107595,8,0.375,4.916686224281346,86.61284907797493,65.75,0.6889055971124198,0.14301832420183214,0.4817485965132095,0.5297396622497514,0.5422685770715239
mac_walkforward-2026-08-17T14:17:31,1,c000,mac_walkforward-2026-08-17T14:17:31-w1-train,c010,16,train,"Escolher os parâmetros do MAC pelo melhor Sharpe de cada janela de treino e aplicá-los na janela seguinte intocada. Duas perguntas: (1) a escolha é estável entre janelas ou cada período elege um parâmetro diferente — o que já seria veredicto negativo sozinho; (2) quanto do retorno in-sample sobrevive out-of-sample (WFE).
",RENT3.SA,2018-01-01,2021-12-31,MovingAverageCrossover,AtrStop,12,50,14,2.0,0.01,0.0,5.0,0.09606457740642171,0.02367155479421945,0.05941741856199214,0.6338289626442487,0.4788858819831329,7,0.42857142857142855,4.496432498866725,133.14195436706885,115.14285714285714,1.5322262289464423,0.26741149713781587,0.5788071086564944,0.7272047948773914,0.7606543849457112
mac_walkforward-2026-08-17T14:17:31,1,c000,mac_walkforward-2026-08-17T14:17:31-w1-train,c010,16,train,"Escolher os parâmetros do MAC pelo melhor Sharpe de cada janela de treino e aplicá-los na janela seguinte intocada. Duas perguntas: (1) a escolha é estável entre janelas ou cada período elege um parâmetro diferente — o que já seria veredicto negativo sozinho; (2) quanto do retorno in-sample sobrevive out-of-sample (WFE).
",SUZB3.SA,2018-01-01,2021-12-31,MovingAverageCrossover,AtrStop,12,50,14,2.0,0.01,0.0,5.0,0.10977875468750553,0.026923354580671965,0.033328149198970036,0.7784296282707716,0.5596367069419691,7,0.7142857142857143,2.1679152443788334,133.99162871421245,81.57142857142857,2.248135881683323,0.35050995276212915,0.542505066996683,0.887959085039053,0.9627590799938754
mac_walkforward-2026-08-17T14:17:31,1,c000,mac_walkforward-2026-08-17T14:17:31-w1-train,c010,16,train,"Escolher os parâmetros do MAC pelo melhor Sharpe de cada janela de treino e aplicá-los na janela seguinte intocada. Duas perguntas: (1) a escolha é estável entre janelas ou cada período elege um parâmetro diferente — o que já seria veredicto negativo sozinho; (2) quanto do retorno in-sample sobrevive out-of-sample (WFE).
",RADL3.SA,2018-01-01,2021-12-31,MovingAverageCrossover,AtrStop,12,50,14,2.0,0.01,0.0,5.0,0.02938381719577987,0.007414006190888944,0.08925447337113883,0.2004112784336492,0.12990696165594653,12,0.25,4.023413180966531,22.65485102558502,47.916666666666664,0.38699309634981605,0.08702009919777831,0.37378143798595426,0.41598147128233176,0.42398247173023046
mac_walkforward-2026-08-17T14:17:31,1,c000,mac_walkforward-2026-08-17T14:17:31-w1-train,c011,16,train,"Escolher os parâmetros do MAC pelo melhor Sharpe de cada janela de treino e aplicá-los na janela seguinte intocada. Duas perguntas: (1) a escolha é estável entre janelas ou cada período elege um parâmetro diferente — o que já seria veredicto negativo sozinho; (2) quanto do retorno in-sample sobrevive out-of-sample (WFE).
",PETR4.SA,2018-01-01,2021-12-31,MovingAverageCrossover,AtrStop,12,50,14,2.5,0.01,0.0,5.0,0.04954345633237356,0.012409901043930693,0.039865501001281924,0.3878394441364034,0.28353365121318175,11,0.5454545454545454,1.3588077935686147,37.75401700932628,65.54545454545455,1.2791802430917225,0.23382989489247286,0.6334390076644771,0.6772594234766911,0.6429513434198731
mac_walkforward-2026-08-17T14:17:31,1,c000,mac_walkforward-2026-08-17T14:17:31-w1-train,c011,16,train,"Escolher os parâmetros do MAC pelo melhor Sharpe de cada janela de treino e aplicá-los na janela seguinte intocada. Duas perguntas: (1) a escolha é estável entre janelas ou cada período elege um parâmetro diferente — o que já seria veredicto negativo sozinho; (2) quanto do retorno in-sample sobrevive out-of-sample (WFE).
",VALE3.SA,2018-01-01,2021-12-31,MovingAverageCrossover,AtrStop,12,50,14,2.5,0.01,0.0,5.0,0.11355758392704107,0.027814097595007414,0.07241894993246994,0.6986643398220616,0.5099731690941578,12,0.4166666666666667,4.070424036799449,95.52732625735227,61.5,1.4433602942681008,0.2559153763022073,0.43671320506549666,0.7577316639333939,0.7720959784011904
mac_walkforward-2026-08-17T14:17:31,1,c000,mac_walkforward-2026-08-17T14:17:31-w1-train,c011,16,train,"Escolher os parâmetros do MAC pelo melhor Sharpe de cada janela de treino e aplicá-los na janela seguinte intocada. Duas perguntas: (1) a escolha é estável entre janelas ou cada período elege um parâmetro diferente — o que já seria veredicto negativo sozinho; (2) quanto do retorno in-sample sobrevive out-of-sample (WFE).
",ITUB4.SA,2018-01-01,2021-12-31,MovingAverageCrossover,AtrStop,12,50,14,2.5,0.01,0.0,5.0,-0.023602275576999454,-0.006073674848980359,0.05675226583776693,-0.2059512287901632,-0.13055217498955082,11,0.2727272727272727,1.516791144743526,-21.456614160908746,53.27272727272727,-0.10863228069418329,-0.02890553877963309,0.44319103171384033,0.09628152466876601,0.0954885190672406
mac_walkforward-2026-08-17T14:17:31,1,c000,mac_walkforward-2026-08-17T14:17:31-w1-train,c011,16,train,"Escolher os parâmetros do MAC pelo melhor Sharpe de cada janela de treino e aplicá-los na janela seguinte intocada. Duas perguntas: (1) a escolha é estável entre janelas ou cada período elege um parâmetro diferente — o que já seria veredicto negativo sozinho; (2) quanto do retorno in-sample sobrevive out-of-sample (WFE).
",BBDC4.SA,2018-01-01,2021-12-31,MovingAverageCrossover,AtrStop,12,50,14,2.5,0.01,0.0,5.0,-0.002884761603882735,-0.0007365813216047012,0.05828496432950111,-0.01453389673642635,-0.009392519503402566,11,0.2727272727272727,2.5001886024556197,-2.622510548984177,50.63636363636363,0.03408950785959641,0.008586632087501211,0.5273592645792584,0.21593498234006622,0.22390804623386795
mac_walkforward-2026-08-17T14:17:31,1,c000,mac_walkforward-2026-08-17T14:17:31-w1-train,c011,16,train,"Escolher os parâmetros do MAC pelo melhor Sharpe de cada janela de treino e aplicá-los na janela seguinte intocada. Duas perguntas: (1) a escolha é estável entre janelas ou cada período elege um parâmetro diferente — o que já seria veredicto negativo sozinho; (2) quanto do retorno in-sample sobrevive out-of-sample (WFE).
",WEGE3.SA,2018-01-01,2021-12-31,MovingAverageCrossover,AtrStop,12,50,14,2.5,0.01,0.0,5.0,-0.0027423669346013924,-0.00070018572325381,0.1452142100664659,0.012039194213928505,0.00738180929209166,12,0.4166666666666667,1.3312953296363734,-2.285305778834408,59.083333333333336,2.611325706729838,0.3875187625715091,0.4665994459889489,1.040720297021485,1.0538435737168776
mac_walkforward-2026-08-17T14:17:31,1,c000,mac_walkforward-2026-08-17T14:17:31-w1-train,c011,16,train,"Escolher os parâmetros do MAC pelo melhor Sharpe de cada janela de treino e aplicá-los na janela seguinte intocada. Duas perguntas: (1) a escolha é estável entre janelas ou cada período elege um parâmetro diferente — o que já seria veredicto negativo sozinho; (2) quanto do retorno in-sample sobrevive out-of-sample (WFE).
",ABEV3.SA,2018-01-01,2021-12-31,MovingAverageCrossover,AtrStop,12,50,14,2.5,0.01,0.0,5.0,-0.03010001764664505,-0.007764944418448105,0.048302044841164044,-0.29080941290311324,-0.17908222332170554,11,0.2727272727272727,1.3898247322438717,-27.363652406040686,44.90909090909091,-0.19239940148092938,-0.05304464270851439,0.5193113967760312,-0.004693380473330327,-0.004725004975543529
mac_walkforward-2026-08-17T14:17:31,1,c000,mac_walkforward-2026-08-17T14:17:31-w1-train,c011,16,train,"Escolher os parâmetros do MAC pelo melhor Sharpe de cada janela de treino e aplicá-los na janela seguinte intocada. Duas perguntas: (1) a escolha é estável entre janelas ou cada período elege um parâmetro diferente — o que já seria veredicto negativo sozinho; (2) quanto do retorno in-sample sobrevive out-of-sample (WFE).
",B3SA3.SA,2018-01-01,2021-12-31,MovingAverageCrossover,AtrStop,12,50,14,2.5,0.01,0.0,5.0,0.04899290818404323,0.012274419626337574,0.03016913516925734,0.4524497113402189,0.28361510445745186,8,0.375,4.051188792116819,61.24113523005387,67.0,0.6889055971124198,0.14301832420183214,0.4817485965132095,0.5297396622497514,0.5422685770715239
mac_walkforward-2026-08-17T14:17:31,1,c000,mac_walkforward-2026-08-17T14:17:31-w1-train,c011,16,train,"Escolher os parâmetros do MAC pelo melhor Sharpe de cada janela de treino e aplicá-los na janela seguinte intocada. Duas perguntas: (1) a escolha é estável entre janelas ou cada período elege um parâmetro diferente — o que já seria veredicto negativo sozinho; (2) quanto do retorno in-sample sobrevive out-of-sample (WFE).
",RENT3.SA,2018-01-01,2021-12-31,MovingAverageCrossover,AtrStop,12,50,14,2.5,0.01,0.0,5.0,0.06983499819992245,0.017366808397941913,0.05022112919211007,0.5699578542835738,0.42312283446048177,7,0.42857142857142855,3.7601302020308225,96.51798683546033,115.14285714285714,1.5322262289464423,0.26741149713781587,0.5788071086564944,0.7272047948773914,0.7606543849457112
mac_walkforward-2026-08-17T14:17:31,1,c000,mac_walkforward-2026-08-17T14:17:31-w1-train,c011,16,train,"Escolher os parâmetros do MAC pelo melhor Sharpe de cada janela de treino e aplicá-los na janela seguinte intocada. Duas perguntas: (1) a escolha é estável entre janelas ou cada período elege um parâmetro diferente — o que já seria veredicto negativo sozinho; (2) quanto do retorno in-sample sobrevive out-of-sample (WFE).
",SUZB3.SA,2018-01-01,2021-12-31,MovingAverageCrossover,AtrStop,12,50,14,2.5,0.01,0.0,5.0,0.08215289923056646,0.020341808592965416,0.027952571350880393,0.7394310549288983,0.5329780581837442,7,0.7142857142857143,1.7519202544011483,99.36994352087565,81.85714285714286,2.248135881683323,0.35050995276212915,0.542505066996683,0.887959085039053,0.9627590799938754
mac_walkforward-2026-08-17T14:17:31,1,c000,mac_walkforward-2026-08-17T14:17:31-w1-train,c011,16,train,"Escolher os parâmetros do MAC pelo melhor Sharpe de cada janela de treino e aplicá-los na janela seguinte intocada. Duas perguntas: (1) a escolha é estável entre janelas ou cada período elege um parâmetro diferente — o que já seria veredicto negativo sozinho; (2) quanto do retorno in-sample sobrevive out-of-sample (WFE).
",RADL3.SA,2018-01-01,2021-12-31,MovingAverageCrossover,AtrStop,12,50,14,2.5,0.01,0.0,5.0,0.02146104487462641,0.005430652164396976,0.07350052963377332,0.17989865177636452,0.11812713625437658,12,0.25,3.9050128032878066,16.418873418803287,49.916666666666664,0.38699309634981605,0.08702009919777831,0.37378143798595426,0.41598147128233176,0.42398247173023046
mac_walkforward-2026-08-17T14:17:31,1,c000,mac_walkforward-2026-08-17T14:17:31-w1-train,c012,16,train,"Escolher os parâmetros do MAC pelo melhor Sharpe de cada janela de treino e aplicá-los na janela seguinte intocada. Duas perguntas: (1) a escolha é estável entre janelas ou cada período elege um parâmetro diferente — o que já seria veredicto negativo sozinho; (2) quanto do retorno in-sample sobrevive out-of-sample (WFE).
",PETR4.SA,2018-01-01,2021-12-31,MovingAverageCrossover,AtrStop,20,21,14,2.0,0.01,0.0,5.0,0.02184224636387877,0.005526342513300531,0.07559975941258229,0.14283834636806378,0.10635441731623432,52,0.4807692307692308,1.2196958726310874,4.257917505950447,14.807692307692308,1.2791802430917225,0.23382989489247286,0.6334390076644771,0.6772594234766911,0.6429513434198731
mac_walkforward-2026-08-17T14:17:31,1,c000,mac_walkforward-2026-08-17T14:17:31-w1-train,c012,16,train,"Escolher os parâmetros do MAC pelo melhor Sharpe de cada janela de treino e aplicá-los na janela seguinte intocada. Duas perguntas: (1) a escolha é estável entre janelas ou cada período elege um parâmetro diferente — o que já seria veredicto negativo sozinho; (2) quanto do retorno in-sample sobrevive out-of-sample (WFE).
",VALE3.SA,2018-01-01,2021-12-31,MovingAverageCrossover,AtrStop,20,21,14,2.0,0.01,0.0,5.0,0.16545711218151693,0.039825811877849615,0.0523863295108353,0.8071996185861714,0.63064618203918,59,0.4915254237288136,1.9424046290279502,26.32691215123637,12.94915254237288,1.4433602942681008,0.2559153763022073,0.43671320506549666,0.7577316639333939,0.7720959784011904
mac_walkforward-2026-08-17T14:17:31,1,c000,mac_walkforward-2026-08-17T14:17:31-w1-train,c012,16,train,"Escolher os parâmetros do MAC pelo melhor Sharpe de cada janela de treino e aplicá-los na janela seguinte intocada. Duas perguntas: (1) a escolha é estável entre janelas ou cada período elege um parâmetro diferente — o que já seria veredicto negativo sozinho; (2) quanto do retorno in-sample sobrevive out-of-sample (WFE).
",ITUB4.SA,2018-01-01,2021-12-31,MovingAverageCrossover,AtrStop,20,21,14,2.0,0.01,0.0,5.0,-0.031928359046050514,-0.008242356786463012,0.09547027383323486,-0.21330041998418975,-0.1564227070716188,61,0.3770491803278688,1.337321806024717,-5.234157220664004,10.147540983606557,-0.10863228069418329,-0.02890553877963309,0.44319103171384033,0.09628152466876601,0.0954885190672406
mac_walkforward-2026-08-17T14:17:31,1,c000,mac_walkforward-2026-08-17T14:17:31-w1-train,c012,16,train,"Escolher os parâmetros do MAC pelo melhor Sharpe de cada janela de treino e aplicá-los na janela seguinte intocada. Duas perguntas: (1) a escolha é estável entre janelas ou cada período elege um parâmetro diferente — o que já seria veredicto negativo sozinho; (2) quanto do retorno in-sample sobrevive out-of-sample (WFE).
",BBDC4.SA,2018-01-01,2021-12-31,MovingAverageCrossover,AtrStop,20,21,14,2.0,0.01,0.0,5.0,-0.05433963645136464,-0.014149640930560925,0.10548117989833403,-0.38458761896944477,-0.2535668846146261,51,0.43137254901960786,0.882409365978344,-10.328987127666194,10.803921568627452,0.03408950785959641,0.008586632087501211,0.5273592645792584,0.21593498234006622,0.22390804623386795
mac_walkforward-2026-08-17T14:17:31,1,c000,mac_walkforward-2026-08-17T14:17:31-w1-train,c012,16,train,"Escolher os parâmetros do MAC pelo melhor Sharpe de cada janela de treino e aplicá-los na janela seguinte intocada. Duas perguntas: (1) a escolha é estável entre janelas ou cada período elege um parâmetro diferente — o que já seria veredicto negativo sozinho; (2) quanto do retorno in-sample sobrevive out-of-sample (WFE).
",WEGE3.SA,2018-01-01,2021-12-31,MovingAverageCrossover,AtrStop,20,21,14,2.0,0.01,0.0,5.0,0.1172338925020826,0.028678516185856928,0.126437173008013,0.4903915578472565,0.34522223356993437,62,0.4032258064516129,2.6506281198224597,19.88408938533273,11.661290322580646,2.611325706729838,0.3875187625715091,0.4665994459889489,1.040720297021485,1.0538435737168776
mac_walkforward-2026-08-17T14:17:31,1,c000,mac_walkforward-2026-08-17T14:17:31-w1-train,c012,16,train,"Escolher os parâmetros do MAC pelo melhor Sharpe de cada janela de treino e aplicá-los na janela seguinte intocada. Duas perguntas: (1) a escolha é estável entre janelas ou cada período elege um parâmetro diferente — o que já seria veredicto negativo sozinho; (2) quanto do retorno in-sample sobrevive out-of-sample (WFE).
",ABEV3.SA,2018-01-01,2021-12-31,MovingAverageCrossover,AtrStop,20,21,14,2.0,0.01,0.0,5.0,-0.005585138182332194,-0.0014275225612229159,0.055669667176129776,-0.02101041823324374,-0.01604846146104483,52,0.4807692307692308,1.037629372613687,-1.074065035063866,12.884615384615385,-0.19239940148092938,-0.05304464270851439,0.5193113967760312,-0.004693380473330327,-0.004725004975543529
mac_walkforward-2026-08-17T14:17:31,1,c000,mac_walkforward-2026-08-17T14:17:31-w1-train,c012,16,train,"Escolher os parâmetros do MAC pelo melhor Sharpe de cada janela de treino e aplicá-los na janela seguinte intocada. Duas perguntas: (1) a escolha é estável entre janelas ou cada período elege um parâmetro diferente — o que já seria veredicto negativo sozinho; (2) quanto do retorno in-sample sobrevive out-of-sample (WFE).
",B3SA3.SA,2018-01-01,2021-12-31,MovingAverageCrossover,AtrStop,20,21,14,2.0,0.01,0.0,5.0,-0.011664913049924341,-0.0029882766313684694,0.05013851953034634,-0.05653165085674024,-0.04262061278973225,71,0.4084507042253521,1.367382635543127,-1.5625209281791494,9.76056338028169,0.6889055971124198,0.14301832420183214,0.4817485965132095,0.5297396622497514,0.5422685770715239
mac_walkforward-2026-08-17T14:17:31,1,c000,mac_walkforward-2026-08-17T14:17:31-w1-train,c012,16,train,"Escolher os parâmetros do MAC pelo melhor Sharpe de cada janela de treino e aplicá-los na janela seguinte intocada. Duas perguntas: (1) a escolha é estável entre janelas ou cada período elege um parâmetro diferente — o que já seria veredicto negativo sozinho; (2) quanto do retorno in-sample sobrevive out-of-sample (WFE).
",RENT3.SA,2018-01-01,2021-12-31,MovingAverageCrossover,AtrStop,20,21,14,2.0,0.01,0.0,5.0,0.07463143068342237,0.01852825365816657,0.04527114963112391,0.513567248973538,0.428874367950066,56,0.5,1.4567692770052276,13.290552821457329,13.303571428571429,1.5322262289464423,0.26741149713781587,0.5788071086564944,0.7272047948773914,0.7606543849457112
mac_walkforward-2026-08-17T14:17:31,1,c000,mac_walkforward-2026-08-17T14:17:31-w1-train,c012,16,train,"Escolher os parâmetros do MAC pelo melhor Sharpe de cada janela de treino e aplicá-los na janela seguinte intocada. Duas perguntas: (1) a escolha é estável entre janelas ou cada período elege um parâmetro diferente — o que já seria veredicto negativo sozinho; (2) quanto do retorno in-sample sobrevive out-of-sample (WFE).
",SUZB3.SA,2018-01-01,2021-12-31,MovingAverageCrossover,AtrStop,20,21,14,2.0,0.01,0.0,5.0,0.22673264735462162,0.053505046104346254,0.05447716707069701,1.0631083893946427,0.9055842759540892,58,0.4482758620689655,2.9102012975449627,36.085325170065396,11.827586206896552,2.248135881683323,0.35050995276212915,0.542505066996683,0.887959085039053,0.9627590799938754
mac_walkforward-2026-08-17T14:17:31,1,c000,mac_walkforward-2026-08-17T14:17:31-w1-train,c012,16,train,"Escolher os parâmetros do MAC pelo melhor Sharpe de cada janela de treino e aplicá-los na janela seguinte intocada. Duas perguntas: (1) a escolha é estável entre janelas ou cada período elege um parâmetro diferente — o que já seria veredicto negativo sozinho; (2) quanto do retorno in-sample sobrevive out-of-sample (WFE).
",RADL3.SA,2018-01-01,2021-12-31,MovingAverageCrossover,AtrStop,20,21,14,2.0,0.01,0.0,5.0,-0.012022738571366376,-0.0030803575269079397,0.07676597011749663,-0.0674251339167,-0.0493875393707726,71,0.43661971830985913,1.1963613917126288,-2.0267108238718063,8.661971830985916,0.38699309634981605,0.08702009919777831,0.37378143798595426,0.41598147128233176,0.42398247173023046
mac_walkforward-2026-08-17T14:17:31,1,c000,mac_walkforward-2026-08-17T14:17:31-w1-train,c013,16,train,"Escolher os parâmetros do MAC pelo melhor Sharpe de cada janela de treino e aplicá-los na janela seguinte intocada. Duas perguntas: (1) a escolha é estável entre janelas ou cada período elege um parâmetro diferente — o que já seria veredicto negativo sozinho; (2) quanto do retorno in-sample sobrevive out-of-sample (WFE).
",PETR4.SA,2018-01-01,2021-12-31,MovingAverageCrossover,AtrStop,20,21,14,2.5,0.01,0.0,5.0,0.009365897386255817,0.0023805841097575,0.06321984403369278,0.08255781381912988,0.06132150902640582,52,0.4807692307692308,1.151649343046249,1.846626245249562,14.923076923076923,1.2791802430917225,0.23382989489247286,0.6334390076644771,0.6772594234766911,0.6429513434198731
mac_walkforward-2026-08-17T14:17:31,1,c000,mac_walkforward-2026-08-17T14:17:31-w1-train,c013,16,train,"Escolher os parâmetros do MAC pelo melhor Sharpe de cada janela de treino e aplicá-los na janela seguinte intocada. Duas perguntas: (1) a escolha é estável entre janelas ou cada período elege um parâmetro diferente — o que já seria veredicto negativo sozinho; (2) quanto do retorno in-sample sobrevive out-of-sample (WFE).
",VALE3.SA,2018-01-01,2021-12-31,MovingAverageCrossover,AtrStop,20,21,14,2.5,0.01,0.0,5.0,0.12416650198723578,0.030302847436099123,0.04594288716610944,0.7531227963761522,0.5921560339666501,59,0.4915254237288136,1.856499441338192,19.70402437161538,13.186440677966102,1.4433602942681008,0.2559153763022073,0.43671320506549666,0.7577316639333939,0.7720959784011904
mac_walkforward-2026-08-17T14:17:31,1,c000,mac_walkforward-2026-08-17T14:17:31-w1-train,c013,16,train,"Escolher os parâmetros do MAC pelo melhor Sharpe de cada janela de treino e aplicá-los na janela seguinte intocada. Duas perguntas: (1) a escolha é estável entre janelas ou cada período elege um parâmetro diferente — o que já seria veredicto negativo sozinho; (2) quanto do retorno in-sample sobrevive out-of-sample (WFE).
",ITUB4.SA,2018-01-01,2021-12-31,MovingAverageCrossover,AtrStop,20,21,14,2.5,0.01,0.0,5.0,-0.020555697438967346,-0.005283579978752062,0.07514406023502533,-0.16228442319452957,-0.1230329818872168,61,0.3770491803278688,1.3905917180266143,-3.3697864654044722,11.147540983606557,-0.10863228069418329,-0.02890553877963309,0.44319103171384033,0.09628152466876601,0.0954885190672406
mac_walkforward-2026-08-17T14:17:31,1,c000,mac_walkforward-2026-08-17T14:17:31-w1-train,c013,16,train,"Escolher os parâmetros do MAC pelo melhor Sharpe de cada janela de treino e aplicá-los na janela seguinte intocada. Duas perguntas: (1) a escolha é estável entre janelas ou cada período elege um parâmetro diferente — o que já seria veredicto negativo sozinho; (2) quanto do retorno in-sample sobrevive out-of-sample (WFE).
",BBDC4.SA,2018-01-01,2021-12-31,MovingAverageCrossover,AtrStop,20,21,14,2.5,0.01,0.0,5.0,-0.0057401985005050005,-0.0014672400222219828,0.06058040185807455,-0.03030363476041401,-0.02319397647782783,51,0.45098039215686275,1.1702349207050773,-0.8505986232167205,13.156862745098039,0.03408950785959641,0.008586632087501211,0.5273592645792584,0.21593498234006622,0.22390804623386795
mac_walkforward-2026-08-17T14:17:31,1,c000,mac_walkforward-2026-08-17T14:17:31-w1-train,c013,16,train,"Escolher os parâmetros do MAC pelo melhor Sharpe de cada janela de treino e aplicá-los na janela seguinte intocada. Duas perguntas: (1) a escolha é estável entre janelas ou cada período elege um parâmetro diferente — o que já seria veredicto negativo sozinho; (2) quanto do retorno in-sample sobrevive out-of-sample (WFE).
",WEGE3.SA,2018-01-01,2021-12-31,MovingAverageCrossover,AtrStop,20,21,14,2.5,0.01,0.0,5.0,0.11305012808462744,0.02769461147124641,0.10282257560320573,0.5677066457240927,0.4104205215299307,62,0.43548387096774194,2.648744595122181,19.010596681929556,12.403225806451612,2.611325706729838,0.3875187625715091,0.4665994459889489,1.040720297021485,1.0538435737168776
mac_walkforward-2026-08-17T14:17:31,1,c000,mac_walkforward-2026-08-17T14:17:31-w1-train,c013,16,train,"Escolher os parâmetros do MAC pelo melhor Sharpe de cada janela de treino e aplicá-los na janela seguinte intocada. Duas perguntas: (1) a escolha é estável entre janelas ou cada período elege um parâmetro diferente — o que já seria veredicto negativo sozinho; (2) quanto do retorno in-sample sobrevive out-of-sample (WFE).
",ABEV3.SA,2018-01-01,2021-12-31,MovingAverageCrossover,AtrStop,20,21,14,2.5,0.01,0.0,5.0,-0.013915340207624638,-0.003567803090197219,0.050452225513270096,-0.10600772460583163,-0.08118834252902211,52,0.4807692307692308,0.9573910280393138,-2.6760269630049676,13.076923076923077,-0.19239940148092938,-0.05304464270851439,0.5193113967760312,-0.004693380473330327,-0.004725004975543529
mac_walkforward-2026-08-17T14:17:31,1,c000,mac_walkforward-2026-08-17T14:17:31-w1-train,c013,16,train,"Escolher os parâmetros do MAC pelo melhor Sharpe de cada janela de treino e aplicá-los na janela seguinte intocada. Duas perguntas: (1) a escolha é estável entre janelas ou cada período elege um parâmetro diferente — o que já seria veredicto negativo sozinho; (2) quanto do retorno in-sample sobrevive out-of-sample (WFE).
",B3SA3.SA,2018-01-01,2021-12-31,MovingAverageCrossover,AtrStop,20,21,14,2.5,0.01,0.0,5.0,-0.007183917298449138,-0.001837258715983947,0.04289405521670232,-0.042440191655177144,-0.03256111104164955,71,0.4084507042253521,1.3859627705270012,-0.9471026901810928,10.084507042253522,0.6889055971124198,0.14301832420183214,0.4817485965132095,0.5297396622497514,0.5422685770715239
mac_walkforward-2026-08-17T14:17:31,1,c000,mac_walkforward-2026-08-17T14:17:31-w1-train,c013,16,train,"Escolher os parâmetros do MAC pelo melhor Sharpe de cada janela de treino e aplicá-los na janela seguinte intocada. Duas perguntas: (1) a escolha é estável entre janelas ou cada período elege um parâmetro diferente — o que já seria veredicto negativo sozinho; (2) quanto do retorno in-sample sobrevive out-of-sample (WFE).
",RENT3.SA,2018-01-01,2021-12-31,MovingAverageCrossover,AtrStop,20,21,14,2.5,0.01,0.0,5.0,0.08023201181685846,0.019879544776687075,0.03961064837162382,0.6473048154401316,0.5629551303895476,56,0.5357142857142857,1.4114697971498906,14.297413701213019,14.232142857142858,1.5322262289464423,0.26741149713781587,0.5788071086564944,0.7272047948773914,0.7606543849457112
mac_walkforward-2026-08-17T14:17:31,1,c000,mac_walkforward-2026-08-17T14:17:31-w1-train,c013,16,train,"Escolher os parâmetros do MAC pelo melhor Sharpe de cada janela de treino e aplicá-los na janela seguinte intocada. Duas perguntas: (1) a escolha é estável entre janelas ou cada período elege um parâmetro diferente — o que já seria veredicto negativo sozinho; (2) quanto do retorno in-sample sobrevive out-of-sample (WFE).
",SUZB3.SA,2018-01-01,2021-12-31,MovingAverageCrossover,AtrStop,20,21,14,2.5,0.01,0.0,5.0,0.18380328787487454,0.04397652541637864,0.042878552513438015,1.0732276583892886,0.9324504979855981,58,0.46551724137931033,2.8101708425781577,29.351824929045303,12.413793103448276,2.248135881683323,0.35050995276212915,0.542505066996683,0.887959085039053,0.9627590799938754
mac_walkforward-2026-08-17T14:17:31,1,c000,mac_walkforward-2026-08-17T14:17:31-w1-train,c013,16,train,"Escolher os parâmetros do MAC pelo melhor Sharpe de cada janela de treino e aplicá-los na janela seguinte intocada. Duas perguntas: (1) a escolha é estável entre janelas ou cada período elege um parâmetro diferente — o que já seria veredicto negativo sozinho; (2) quanto do retorno in-sample sobrevive out-of-sample (WFE).
",RADL3.SA,2018-01-01,2021-12-31,MovingAverageCrossover,AtrStop,20,21,14,2.5,0.01,0.0,5.0,0.02848991788727573,0.00719080147569362,0.03952518690053093,0.2428836421117876,0.18839946614693473,71,0.4507042253521127,1.4445490833809205,3.735482638687079,9.80281690140845,0.38699309634981605,0.08702009919777831,0.37378143798595426,0.41598147128233176,0.42398247173023046
mac_walkforward-2026-08-17T14:17:31,1,c000,mac_walkforward-2026-08-17T14:17:31-w1-train,c014,16,train,"Escolher os parâmetros do MAC pelo melhor Sharpe de cada janela de treino e aplicá-los na janela seguinte intocada. Duas perguntas: (1) a escolha é estável entre janelas ou cada período elege um parâmetro diferente — o que já seria veredicto negativo sozinho; (2) quanto do retorno in-sample sobrevive out-of-sample (WFE).
",PETR4.SA,2018-01-01,2021-12-31,MovingAverageCrossover,AtrStop,20,50,14,2.0,0.01,0.0,5.0,0.04306222908501178,0.010811601502950685,0.04743974331487307,0.3029456366207706,0.19882381224733872,10,0.5,1.891305588521492,47.53079338071759,54.1,1.2791802430917225,0.23382989489247286,0.6334390076644771,0.6772594234766911,0.6429513434198731
mac_walkforward-2026-08-17T14:17:31,1,c000,mac_walkforward-2026-08-17T14:17:31-w1-train,c014,16,train,"Escolher os parâmetros do MAC pelo melhor Sharpe de cada janela de treino e aplicá-los na janela seguinte intocada. Duas perguntas: (1) a escolha é estável entre janelas ou cada período elege um parâmetro diferente — o que já seria veredicto negativo sozinho; (2) quanto do retorno in-sample sobrevive out-of-sample (WFE).
",VALE3.SA,2018-01-01,2021-12-31,MovingAverageCrossover,AtrStop,20,50,14,2.0,0.01,0.0,5.0,0.16640724944384844,0.04004196544683625,0.050466785101664594,0.8145095558439802,0.5976066192348939,8,0.625,3.781454746070003,208.37366584744524,86.625,1.4433602942681008,0.2559153763022073,0.43671320506549666,0.7577316639333939,0.7720959784011904
mac_walkforward-2026-08-17T14:17:31,1,c000,mac_walkforward-2026-08-17T14:17:31-w1-train,c014,16,train,"Escolher os parâmetros do MAC pelo melhor Sharpe de cada janela de treino e aplicá-los na janela seguinte intocada. Duas perguntas: (1) a escolha é estável entre janelas ou cada período elege um parâmetro diferente — o que já seria veredicto negativo sozinho; (2) quanto do retorno in-sample sobrevive out-of-sample (WFE).
",ITUB4.SA,2018-01-01,2021-12-31,MovingAverageCrossover,AtrStop,20,50,14,2.0,0.01,0.0,5.0,0.011089024620277499,0.002816767373761575,0.04519145580557935,0.1018278319828942,0.06635356606010483,9,0.4444444444444444,1.5475472245840265,12.321138466975182,63.22222222222222,-0.10863228069418329,-0.02890553877963309,0.44319103171384033,0.09628152466876601,0.0954885190672406
mac_walkforward-2026-08-17T14:17:31,1,c000,mac_walkforward-2026-08-17T14:17:31-w1-train,c014,16,train,"Escolher os parâmetros do MAC pelo melhor Sharpe de cada janela de treino e aplicá-los na janela seguinte intocada. Duas perguntas: (1) a escolha é estável entre janelas ou cada período elege um parâmetro diferente — o que já seria veredicto negativo sozinho; (2) quanto do retorno in-sample sobrevive out-of-sample (WFE).
",BBDC4.SA,2018-01-01,2021-12-31,MovingAverageCrossover,AtrStop,20,50,14,2.0,0.01,0.0,5.0,0.006770704729049726,0.0017226028132522053,0.056293423911684334,0.0759005219392029,0.04424804628646348,9,0.3333333333333333,2.2395556783320822,7.523005254499897,49.333333333333336,0.03408950785959641,0.008586632087501211,0.5273592645792584,0.21593498234006622,0.22390804623386795
mac_walkforward-2026-08-17T14:17:31,1,c000,mac_walkforward-2026-08-17T14:17:31-w1-train,c014,16,train,"Escolher os parâmetros do MAC pelo melhor Sharpe de cada janela de treino e aplicá-los na janela seguinte intocada. Duas perguntas: (1) a escolha é estável entre janelas ou cada período elege um parâmetro diferente — o que já seria veredicto negativo sozinho; (2) quanto do retorno in-sample sobrevive out-of-sample (WFE).
",WEGE3.SA,2018-01-01,2021-12-31,MovingAverageCrossover,AtrStop,20,50,14,2.0,0.01,0.0,5.0,0.13776975790440438,0.03346856809479215,0.1481099067924207,0.5254911984642616,0.3335412545496336,10,0.5,3.5704201806432363,137.76975790440414,72.2,2.611325706729838,0.3875187625715091,0.4665994459889489,1.040720297021485,1.0538435737168776
mac_walkforward-2026-08-17T14:17:31,1,c000,mac_walkforward-2026-08-17T14:17:31-w1-train,c014,16,train,"Escolher os parâmetros do MAC pelo melhor Sharpe de cada janela de treino e aplicá-los na janela seguinte intocada. Duas perguntas: (1) a escolha é estável entre janelas ou cada período elege um parâmetro diferente — o que já seria veredicto negativo sozinho; (2) quanto do retorno in-sample sobrevive out-of-sample (WFE).
",ABEV3.SA,2018-01-01,2021-12-31,MovingAverageCrossover,AtrStop,20,50,14,2.0,0.01,0.0,5.0,-0.03273439931382782,-0.008453041547534124,0.057361020277817844,-0.24727397726672104,-0.14317655022896644,10,0.3,1.2636294240332413,-32.734399313827886,44.5,-0.19239940148092938,-0.05304464270851439,0.5193113967760312,-0.004693380473330327,-0.004725004975543529
mac_walkforward-2026-08-17T14:17:31,1,c000,mac_walkforward-2026-08-17T14:17:31-w1-train,c014,16,train,"Escolher os parâmetros do MAC pelo melhor Sharpe de cada janela de treino e aplicá-los na janela seguinte intocada. Duas perguntas: (1) a escolha é estável entre janelas ou cada período elege um parâmetro diferente — o que já seria veredicto negativo sozinho; (2) quanto do retorno in-sample sobrevive out-of-sample (WFE).
",B3SA3.SA,2018-01-01,2021-12-31,MovingAverageCrossover,AtrStop,20,50,14,2.0,0.01,0.0,5.0,0.0022766681650541187,0.000580196874317318,0.03915755063583178,0.03751200939992689,0.01641473435299646,8,0.25,3.1190851916295492,2.8458352063176937,32.25,0.6889055971124198,0.14301832420183214,0.4817485965132095,0.5297396622497514,0.5422685770715239
mac_walkforward-2026-08-17T14:17:31,1,c000,mac_walkforward-2026-08-17T14:17:31-w1-train,c014,16,train,"Escolher os parâmetros do MAC pelo melhor Sharpe de cada janela de treino e aplicá-los na janela seguinte intocada. Duas perguntas: (1) a escolha é estável entre janelas ou cada período elege um parâmetro diferente — o que já seria veredicto negativo sozinho; (2) quanto do retorno in-sample sobrevive out-of-sample (WFE).
",RENT3.SA,2018-01-01,2021-12-31,MovingAverageCrossover,AtrStop,20,50,14,2.0,0.01,0.0,5.0,0.09939153779403886,0.02446319036759359,0.0593716330649571,0.6384203439139245,0.4745993946394177,6,0.5,4.348642646175217,175.23357389373777,136.5,1.5322262289464423,0.26741149713781587,0.5788071086564944,0.7272047948773914,0.7606543849457112
mac_walkforward-2026-08-17T14:17:31,1,c000,mac_walkforward-2026-08-17T14:17:31-w1-train,c014,16,train,"Escolher os parâmetros do MAC pelo melhor Sharpe de cada janela de treino e aplicá-los na janela seguinte intocada. Duas perguntas: (1) a escolha é estável entre janelas ou cada período elege um parâmetro diferente — o que já seria veredicto negativo sozinho; (2) quanto do retorno in-sample sobrevive out-of-sample (WFE).
",SUZB3.SA,2018-01-01,2021-12-31,MovingAverageCrossover,AtrStop,20,50,14,2.0,0.01,0.0,5.0,0.12016603915092428,0.02936644064807803,0.030827664380606662,0.8267599378754147,0.5773848177903081,7,0.5714285714285714,4.043189224122052,154.35295216816286,79.14285714285714,2.248135881683323,0.35050995276212915,0.542505066996683,0.887959085039053,0.9627590799938754
mac_walkforward-2026-08-17T14:17:31,1,c000,mac_walkforward-2026-08-17T14:17:31-w1-train,c014,16,train,"Escolher os parâmetros do MAC pelo melhor Sharpe de cada janela de treino e aplicá-los na janela seguinte intocada. Duas perguntas: (1) a escolha é estável entre janelas ou cada período elege um parâmetro diferente — o que já seria veredicto negativo sozinho; (2) quanto do retorno in-sample sobrevive out-of-sample (WFE).
",RADL3.SA,2018-01-01,2021-12-31,MovingAverageCrossover,AtrStop,20,50,14,2.0,0.01,0.0,5.0,0.0962407730882131,0.02371352463752463,0.036371732428848995,0.6488058118403077,0.48594368564552864,9,0.4444444444444444,4.590499661259421,92.82328335249741,83.0,0.38699309634981605,0.08702009919777831,0.37378143798595426,0.41598147128233176,0.42398247173023046
mac_walkforward-2026-08-17T14:17:31,1,c000,mac_walkforward-2026-08-17T14:17:31-w1-train,c015,16,train,"Escolher os parâmetros do MAC pelo melhor Sharpe de cada janela de treino e aplicá-los na janela seguinte intocada. Duas perguntas: (1) a escolha é estável entre janelas ou cada período elege um parâmetro diferente — o que já seria veredicto negativo sozinho; (2) quanto do retorno in-sample sobrevive out-of-sample (WFE).
",PETR4.SA,2018-01-01,2021-12-31,MovingAverageCrossover,AtrStop,20,50,14,2.5,0.01,0.0,5.0,0.045658432201614474,0.01145272254324059,0.03621746261421332,0.36509195719960696,0.26348320629446387,10,0.6,1.4398504625280746,49.23920226638518,67.2,1.2791802430917225,0.23382989489247286,0.6334390076644771,0.6772594234766911,0.6429513434198731
mac_walkforward-2026-08-17T14:17:31,1,c000,mac_walkforward-2026-08-17T14:17:31-w1-train,c015,16,train,"Escolher os parâmetros do MAC pelo melhor Sharpe de cada janela de treino e aplicá-los na janela seguinte intocada. Duas perguntas: (1) a escolha é estável entre janelas ou cada período elege um parâmetro diferente — o que já seria veredicto negativo sozinho; (2) quanto do retorno in-sample sobrevive out-of-sample (WFE).
",VALE3.SA,2018-01-01,2021-12-31,MovingAverageCrossover,AtrStop,20,50,14,2.5,0.01,0.0,5.0,0.1260969685228397,0.030753832894353073,0.04173454293255094,0.7674457069626465,0.5798738964054115,8,0.625,3.0514098229810145,157.90002550968183,90.5,1.4433602942681008,0.2559153763022073,0.43671320506549666,0.7577316639333939,0.7720959784011904
mac_walkforward-2026-08-17T14:17:31,1,c000,mac_walkforward-2026-08-17T14:17:31-w1-train,c015,16,train,"Escolher os parâmetros do MAC pelo melhor Sharpe de cada janela de treino e aplicá-los na janela seguinte intocada. Duas perguntas: (1) a escolha é estável entre janelas ou cada período elege um parâmetro diferente — o que já seria veredicto negativo sozinho; (2) quanto do retorno in-sample sobrevive out-of-sample (WFE).
",ITUB4.SA,2018-01-01,2021-12-31,MovingAverageCrossover,AtrStop,20,50,14,2.5,0.01,0.0,5.0,0.0009685566207451313,0.000246951685779484,0.04016444411089851,0.022591156190833406,0.014598934796861087,9,0.4444444444444444,1.2769320967680187,1.07617402305062,63.888888888888886,-0.10863228069418329,-0.02890553877963309,0.44319103171384033,0.09628152466876601,0.0954885190672406
mac_walkforward-2026-08-17T14:17:31,1,c000,mac_walkforward-2026-08-17T14:17:31-w1-train,c015,16,train,"Escolher os parâmetros do MAC pelo melhor Sharpe de cada janela de treino e aplicá-los na janela seguinte intocada. Duas perguntas: (1) a escolha é estável entre janelas ou cada período elege um parâmetro diferente — o que já seria veredicto negativo sozinho; (2) quanto do retorno in-sample sobrevive out-of-sample (WFE).
",BBDC4.SA,2018-01-01,2021-12-31,MovingAverageCrossover,AtrStop,20,50,14,2.5,0.01,0.0,5.0,-0.0014340059313106002,-0.00036595412129558635,0.05007992335382724,-0.00411144947127741,-0.0025322883639998343,9,0.3333333333333333,1.9446539154672666,-1.5933399236783627,56.55555555555556,0.03408950785959641,0.008586632087501211,0.5273592645792584,0.21593498234006622,0.22390804623386795
mac_walkforward-2026-08-17T14:17:31,1,c000,mac_walkforward-2026-08-17T14:17:31-w1-train,c015,16,train,"Escolher os parâmetros do MAC pelo melhor Sharpe de cada janela de treino e aplicá-los na janela seguinte intocada. Duas perguntas: (1) a escolha é estável entre janelas ou cada período elege um parâmetro diferente — o que já seria veredicto negativo sozinho; (2) quanto do retorno in-sample sobrevive out-of-sample (WFE).
",WEGE3.SA,2018-01-01,2021-12-31,MovingAverageCrossover,AtrStop,20,50,14,2.5,0.01,0.0,5.0,0.10403983670514805,0.025566249552359643,0.12229758377678017,0.49070501832191493,0.315151739556029,10,0.5,3.1861653496103792,104.03983670514808,74.8,2.611325706729838,0.3875187625715091,0.4665994459889489,1.040720297021485,1.0538435737168776
mac_walkforward-2026-08-17T14:17:31,1,c000,mac_walkforward-2026-08-17T14:17:31-w1-train,c015,16,train,"Escolher os parâmetros do MAC pelo melhor Sharpe de cada janela de treino e aplicá-los na janela seguinte intocada. Duas perguntas: (1) a escolha é estável entre janelas ou cada período elege um parâmetro diferente — o que já seria veredicto negativo sozinho; (2) quanto do retorno in-sample sobrevive out-of-sample (WFE).
",ABEV3.SA,2018-01-01,2021-12-31,MovingAverageCrossover,AtrStop,20,50,14,2.5,0.01,0.0,5.0,-0.03784716715380387,-0.009792483950594844,0.0529546947227474,-0.3619131873855571,-0.2069803308036083,10,0.3,1.0480344403812962,-37.8471671538037,45.0,-0.19239940148092938,-0.05304464270851439,0.5193113967760312,-0.004693380473330327,-0.004725004975543529
mac_walkforward-2026-08-17T14:17:31,1,c000,mac_walkforward-2026-08-17T14:17:31-w1-train,c015,16,train,"Escolher os parâmetros do MAC pelo melhor Sharpe de cada janela de treino e aplicá-los na janela seguinte intocada. Duas perguntas: (1) a escolha é estável entre janelas ou cada período elege um parâmetro diferente — o que já seria veredicto negativo sozinho; (2) quanto do retorno in-sample sobrevive out-of-sample (WFE).
",B3SA3.SA,2018-01-01,2021-12-31,MovingAverageCrossover,AtrStop,20,50,14,2.5,0.01,0.0,5.0,0.04408245187593751,0.011063682702958655,0.033548099768969115,0.4344740518155099,0.2443952993989877,8,0.375,3.223622549759158,55.103064844921875,51.5,0.6889055971124198,0.14301832420183214,0.4817485965132095,0.5297396622497514,0.5422685770715239
mac_walkforward-2026-08-17T14:17:31,1,c000,mac_walkforward-2026-08-17T14:17:31-w1-train,c015,16,train,"Escolher os parâmetros do MAC pelo melhor Sharpe de cada janela de treino e aplicá-los na janela seguinte intocada. Duas perguntas: (1) a escolha é estável entre janelas ou cada período elege um parâmetro diferente — o que já seria veredicto negativo sozinho; (2) quanto do retorno in-sample sobrevive out-of-sample (WFE).
",RENT3.SA,2018-01-01,2021-12-31,MovingAverageCrossover,AtrStop,20,50,14,2.5,0.01,0.0,5.0,0.07451475090054926,0.01850004578677833,0.048989476779286036,0.599760197826128,0.4439014874526108,6,0.5,3.7597973156660274,131.37700967867016,137.5,1.5322262289464423,0.26741149713781587,0.5788071086564944,0.7272047948773914,0.7606543849457112
mac_walkforward-2026-08-17T14:17:31,1,c000,mac_walkforward-2026-08-17T14:17:31-w1-train,c015,16,train,"Escolher os parâmetros do MAC pelo melhor Sharpe de cada janela de treino e aplicá-los na janela seguinte intocada. Duas perguntas: (1) a escolha é estável entre janelas ou cada período elege um parâmetro diferente — o que já seria veredicto negativo sozinho; (2) quanto do retorno in-sample sobrevive out-of-sample (WFE).
",SUZB3.SA,2018-01-01,2021-12-31,MovingAverageCrossover,AtrStop,20,50,14,2.5,0.01,0.0,5.0,0.09232014339212502,0.02277843927245149,0.02642311578664848,0.7922518834647632,0.5521127730947127,7,0.5714285714285714,3.4471960077700072,118.77014788354423,79.28571428571429,2.248135881683323,0.35050995276212915,0.542505066996683,0.887959085039053,0.9627590799938754
mac_walkforward-2026-08-17T14:17:31,1,c000,mac_walkforward-2026-08-17T14:17:31-w1-train,c015,16,train,"Escolher os parâmetros do MAC pelo melhor Sharpe de cada janela de treino e aplicá-los na janela seguinte intocada. Duas perguntas: (1) a escolha é estável entre janelas ou cada período elege um parâmetro diferente — o que já seria veredicto negativo sozinho; (2) quanto do retorno in-sample sobrevive out-of-sample (WFE).
",RADL3.SA,2018-01-01,2021-12-31,MovingAverageCrossover,AtrStop,20,50,14,2.5,0.01,0.0,5.0,0.07700796520496778,0.019102295890044196,0.030975701598639802,0.6424698448749123,0.4793751855286293,9,0.4444444444444444,4.631287189110366,74.55101341823288,83.77777777777777,0.38699309634981605,0.08702009919777831,0.37378143798595426,0.41598147128233176,0.42398247173023046
mac_walkforward-2026-08-17T14:17:31,1,c000,mac_walkforward-2026-08-17T14:17:31-w1-test,c000,1,test,"Escolher os parâmetros do MAC pelo melhor Sharpe de cada janela de treino e aplicá-los na janela seguinte intocada. Duas perguntas: (1) a escolha é estável entre janelas ou cada período elege um parâmetro diferente — o que já seria veredicto negativo sozinho; (2) quanto do retorno in-sample sobrevive out-of-sample (WFE).
",PETR4.SA,2022-01-01,2022-12-31,MovingAverageCrossover,AtrStop,5,21,14,2.0,0.01,0.0,5.0,0.028031416450509994,0.02837389126895462,0.03900292926834673,0.7549563004145055,0.49321144693347985,5,0.6,1.6837914763875244,61.930203304291446,31.0,0.3489792521041153,0.35385327117248866,0.3910173013872587,0.9427304722053889,0.9078826375240403
mac_walkforward-2026-08-17T14:17:31,1,c000,mac_walkforward-2026-08-17T14:17:31-w1-test,c000,1,test,"Escolher os parâmetros do MAC pelo melhor Sharpe de cada janela de treino e aplicá-los na janela seguinte intocada. Duas perguntas: (1) a escolha é estável entre janelas ou cada período elege um parâmetro diferente — o que já seria veredicto negativo sozinho; (2) quanto do retorno in-sample sobrevive out-of-sample (WFE).
",VALE3.SA,2022-01-01,2022-12-31,MovingAverageCrossover,AtrStop,5,21,14,2.0,0.01,0.0,5.0,-0.005516484679760514,-0.0055827624810027565,0.044493024618582906,-0.12866885951200038,-0.08896772485073043,7,0.2857142857142857,0.4107190652860229,-47.83797085302121,16.571428571428573,0.24804586306737986,0.2513821309762623,0.34506381741229664,0.7692747120370008,0.838487310397295
mac_walkforward-2026-08-17T14:17:31,1,c000,mac_walkforward-2026-08-17T14:17:31-w1-test,c000,1,test,"Escolher os parâmetros do MAC pelo melhor Sharpe de cada janela de treino e aplicá-los na janela seguinte intocada. Duas perguntas: (1) a escolha é estável entre janelas ou cada período elege um parâmetro diferente — o que já seria veredicto negativo sozinho; (2) quanto do retorno in-sample sobrevive out-of-sample (WFE).
",ITUB4.SA,2022-01-01,2022-12-31,MovingAverageCrossover,AtrStop,5,21,14,2.0,0.01,0.0,5.0,0.039319577866480326,0.03980261364062576,0.029586674765645814,1.000756523261052,0.7208600175891035,4,0.75,2.9075210609386777,97.95252458507436,39.25,0.20830512313131422,0.21106289035018833,0.23752775643120447,0.8532365627138195,0.9086766274680875
mac_walkforward-2026-08-17T14:17:31,1,c000,mac_walkforward-2026-08-17T14:17:31-w1-test,c000,1,test,"Escolher os parâmetros do MAC pelo melhor Sharpe de cada janela de treino e aplicá-los na janela seguinte intocada. Duas perguntas: (1) a escolha é estável entre janelas ou cada período elege um parâmetro diferente — o que já seria veredicto negativo sozinho; (2) quanto do retorno in-sample sobrevive out-of-sample (WFE).
",BBDC4.SA,2022-01-01,2022-12-31,MovingAverageCrossover,AtrStop,5,21,14,2.0,0.01,0.0,5.0,0.020302528700552713,0.02054963385080666,0.02197914706264376,0.7493590421315098,0.5349411711227936,5,0.6,2.5918890635182494,39.73707774791223,23.4,-0.13452694088441808,-0.13603216909688842,0.3576023452325087,-0.2868937359394273,-0.24889448152698757
mac_walkforward-2026-08-17T14:17:31,1,c000,mac_walkforward-2026-08-17T14:17:31-w1-test,c000,1,test,"Escolher os parâmetros do MAC pelo melhor Sharpe de cada janela de treino e aplicá-los na janela seguinte intocada. Duas perguntas: (1) a escolha é estável entre janelas ou cada período elege um parâmetro diferente — o que já seria veredicto negativo sozinho; (2) quanto do retorno in-sample sobrevive out-of-sample (WFE).
",WEGE3.SA,2022-01-01,2022-12-31,MovingAverageCrossover,AtrStop,5,21,14,2.0,0.01,0.0,5.0,0.036724665134084455,0.03717525590364312,0.02306412119330179,0.9822963623107064,0.7738939739443166,7,0.5714285714285714,2.4866186499207936,52.37747405609391,24.285714285714285,0.22349514528792103,0.22647217343723947,0.35380604987467756,0.7325908937189809,0.8180893322061722
mac_walkforward-2026-08-17T14:17:31,1,c000,mac_walkforward-2026-08-17T14:17:31-w1-test,c000,1,test,"Escolher os parâmetros do MAC pelo melhor Sharpe de cada janela de treino e aplicá-los na janela seguinte intocada. Duas perguntas: (1) a escolha é estável entre janelas ou cada período elege um parâmetro diferente — o que já seria veredicto negativo sozinho; (2) quanto do retorno in-sample sobrevive out-of-sample (WFE).
",ABEV3.SA,2022-01-01,2022-12-31,MovingAverageCrossover,AtrStop,5,21,14,2.0,0.01,0.0,5.0,-0.03192091591458179,-0.032299226727085184,0.042057064593455186,-1.004456801288243,-0.7556022542992918,11,0.2727272727272727,1.3676920319032912,-29.019014467801636,13.363636363636363,-0.002928872295691165,-0.0029641075641226866,0.1537413349073937,0.11154209653187107,0.11461405470961857
mac_walkforward-2026-08-17T14:17:31,1,c000,mac_walkforward-2026-08-17T14:17:31-w1-test,c000,1,test,"Escolher os parâmetros do MAC pelo melhor Sharpe de cada janela de treino e aplicá-los na janela seguinte intocada. Duas perguntas: (1) a escolha é estável entre janelas ou cada período elege um parâmetro diferente — o que já seria veredicto negativo sozinho; (2) quanto do retorno in-sample sobrevive out-of-sample (WFE).
",B3SA3.SA,2022-01-01,2022-12-31,MovingAverageCrossover,AtrStop,5,21,14,2.0,0.01,0.0,5.0,-0.02047899398988995,-0.020723154555756573,0.046859989583858556,-0.6730856915205192,-0.4482417948043322,6,0.16666666666666666,1.547115376263432,-44.49408409053768,18.666666666666668,0.27240393376137284,0.2761024583203149,0.37122019845892684,0.7710064132093698,0.8225095107891344
mac_walkforward-2026-08-17T14:17:31,1,c000,mac_walkforward-2026-08-17T14:17:31-w1-test,c000,1,test,"Escolher os parâmetros do MAC pelo melhor Sharpe de cada janela de treino e aplicá-los na janela seguinte intocada. Duas perguntas: (1) a escolha é estável entre janelas ou cada período elege um parâmetro diferente — o que já seria veredicto negativo sozinho; (2) quanto do retorno in-sample sobrevive out-of-sample (WFE).
",RENT3.SA,2022-01-01,2022-12-31,MovingAverageCrossover,AtrStop,5,21,14,2.0,0.01,0.0,5.0,-0.009940418957249175,-0.010059578634901145,0.027095216690756173,-0.2859065631489637,-0.19598946283646582,5,0.4,1.0699011740470223,-14.990829029274106,31.4,0.07188154396302315,0.07277836777397106,0.3275375048630004,0.37369033961217873,0.3919729989291781
mac_walkforward-2026-08-17T14:17:31,1,c000,mac_walkforward-2026-08-17T14:17:31-w1-test,c000,1,test,"Escolher os parâmetros do MAC pelo melhor Sharpe de cada janela de treino e aplicá-los na janela seguinte intocada. Duas perguntas: (1) a escolha é estável entre janelas ou cada período elege um parâmetro diferente — o que já seria veredicto negativo sozinho; (2) quanto do retorno in-sample sobrevive out-of-sample (WFE).
",SUZB3.SA,2022-01-01,2022-12-31,MovingAverageCrossover,AtrStop,5,21,14,2.0,0.01,0.0,5.0,0.012359891365529396,0.012509733321826921,0.02263909217838779,0.43021255596123453,0.26164061478837086,6,0.3333333333333333,3.063143778050087,20.599818942548737,22.166666666666668,-0.14067920757319008,-0.14224746376867003,0.32998833802384653,-0.31307660187642095,-0.32086446917946143
mac_walkforward-2026-08-17T14:17:31,1,c000,mac_walkforward-2026-08-17T14:17:31-w1-test,c000,1,test,"Escolher os parâmetros do MAC pelo melhor Sharpe de cada janela de treino e aplicá-los na janela seguinte intocada. Duas perguntas: (1) a escolha é estável entre janelas ou cada período elege um parâmetro diferente — o que já seria veredicto negativo sozinho; (2) quanto do retorno in-sample sobrevive out-of-sample (WFE).
",RADL3.SA,2022-01-01,2022-12-31,MovingAverageCrossover,AtrStop,5,21,14,2.0,0.01,0.0,5.0,-0.020339682148431848,-0.020582199281600433,0.03584358819804054,-0.600925668744846,-0.43249593262374797,7,0.2857142857142857,1.235277143302111,-30.15407517917449,21.285714285714285,0.03163500789332918,0.0320221913765788,0.24495660746538883,0.25736068215067787,0.26196623896064813
mac_walkforward-2026-08-17T14:17:31,2,c000,mac_walkforward-2026-08-17T14:17:31-w2-train,c000,16,train,"Escolher os parâmetros do MAC pelo melhor Sharpe de cada janela de treino e aplicá-los na janela seguinte intocada. Duas perguntas: (1) a escolha é estável entre janelas ou cada período elege um parâmetro diferente — o que já seria veredicto negativo sozinho; (2) quanto do retorno in-sample sobrevive out-of-sample (WFE).
",PETR4.SA,2018-01-01,2022-12-31,MovingAverageCrossover,AtrStop,5,21,14,2.0,0.01,0.0,5.0,0.1492083443110266,0.028713451189689154,0.05568480254882144,0.6587535129329803,0.5033776153110867,37,0.5405405405405406,1.7375423584949763,41.21274591574106,28.72972972972973,2.1436834455355354,0.26257073492494465,0.6334387946610796,0.7296636932547208,0.6931261328183784
mac_walkforward-2026-08-17T14:17:31,2,c000,mac_walkforward-2026-08-17T14:17:31-w2-train,c000,16,train,"Escolher os parâmetros do MAC pelo melhor Sharpe de cada janela de treino e aplicá-los na janela seguinte intocada. Duas perguntas: (1) a escolha é estável entre janelas ou cada período elege um parâmetro diferente — o que já seria veredicto negativo sozinho; (2) quanto do retorno in-sample sobrevive out-of-sample (WFE).
",VALE3.SA,2018-01-01,2022-12-31,MovingAverageCrossover,AtrStop,5,21,14,2.0,0.01,0.0,5.0,0.13881811427519475,0.0268133793207066,0.04965990173170013,0.6310045088973144,0.49285424590677174,34,0.47058823529411764,1.8937861448328008,31.480549471001616,30.08823529411765,2.0525194501505015,0.25503033168254197,0.4367131575276357,0.7599791435973704,0.7825756348839882
mac_walkforward-2026-08-17T14:17:31,2,c000,mac_walkforward-2026-08-17T14:17:31-w2-train,c000,16,train,"Escolher os parâmetros do MAC pelo melhor Sharpe de cada janela de treino e aplicá-los na janela seguinte intocada. Duas perguntas: (1) a escolha é estável entre janelas ou cada período elege um parâmetro diferente — o que já seria veredicto negativo sozinho; (2) quanto do retorno in-sample sobrevive out-of-sample (WFE).
",ITUB4.SA,2018-01-01,2022-12-31,MovingAverageCrossover,AtrStop,5,21,14,2.0,0.01,0.0,5.0,0.06507004517087256,0.012914852690739886,0.0746996066151316,0.35339338615569266,0.26813789329301996,36,0.4166666666666667,2.0308616246920588,18.0353055174248,24.47222222222222,0.10673809619494334,0.020858413941338805,0.4433163456048249,0.23148791128922122,0.2310534632153321
mac_walkforward-2026-08-17T14:17:31,2,c000,mac_walkforward-2026-08-17T14:17:31-w2-train,c000,16,train,"Escolher os parâmetros do MAC pelo melhor Sharpe de cada janela de treino e aplicá-los na janela seguinte intocada. Duas perguntas: (1) a escolha é estável entre janelas ou cada período elege um parâmetro diferente — o que já seria veredicto negativo sozinho; (2) quanto do retorno in-sample sobrevive out-of-sample (WFE).
",BBDC4.SA,2018-01-01,2022-12-31,MovingAverageCrossover,AtrStop,5,21,14,2.0,0.01,0.0,5.0,0.09906568173047137,0.019413856282470165,0.046922831039713946,0.5501421965327712,0.4049617984985303,32,0.46875,2.1710836974485255,30.811841815367373,25.71875,-0.08262839403771416,-0.017401854167669262,0.5273594101954151,0.14225237656019435,0.1430265820719605
mac_walkforward-2026-08-17T14:17:31,2,c000,mac_walkforward-2026-08-17T14:17:31-w2-train,c000,16,train,"Escolher os parâmetros do MAC pelo melhor Sharpe de cada janela de treino e aplicá-los na janela seguinte intocada. Duas perguntas: (1) a escolha é estável entre janelas ou cada período elege um parâmetro diferente — o que já seria veredicto negativo sozinho; (2) quanto do retorno in-sample sobrevive out-of-sample (WFE).
",WEGE3.SA,2018-01-01,2022-12-31,MovingAverageCrossover,AtrStop,5,21,14,2.0,0.01,0.0,5.0,0.29845068668131636,0.05460109936358437,0.06084418779115882,1.0728184016450093,0.870043867010543,38,0.42105263157894735,4.3020508505266415,78.51958042956757,26.342105263157894,3.2919951787205957,0.3451799689161936,0.4950571311436214,0.9643978595743756,0.994410294541838
mac_walkforward-2026-08-17T14:17:31,2,c000,mac_walkforward-2026-08-17T14:17:31-w2-train,c000,16,train,"Escolher os parâmetros do MAC pelo melhor Sharpe de cada janela de treino e aplicá-los na janela seguinte intocada. Duas perguntas: (1) a escolha é estável entre janelas ou cada período elege um parâmetro diferente — o que já seria veredicto negativo sozinho; (2) quanto do retorno in-sample sobrevive out-of-sample (WFE).
",ABEV3.SA,2018-01-01,2022-12-31,MovingAverageCrossover,AtrStop,5,21,14,2.0,0.01,0.0,5.0,-0.06425698115997525,-0.013427952994472858,0.08590412905489847,-0.39853638592380203,-0.2851285927019671,37,0.32432432432432434,1.3402761077752718,-17.366751664858167,22.486486486486488,-0.19945596633740903,-0.04427341978819832,0.5193114528170232,0.010174492042723452,0.010267014188156787
mac_walkforward-2026-08-17T14:17:31,2,c000,mac_walkforward-2026-08-17T14:17:31-w2-train,c000,16,train,"Escolher os parâmetros do MAC pelo melhor Sharpe de cada janela de treino e aplicá-los na janela seguinte intocada. Duas perguntas: (1) a escolha é estável entre janelas ou cada período elege um parâmetro diferente — o que já seria veredicto negativo sozinho; (2) quanto do retorno in-sample sobrevive out-of-sample (WFE).
",B3SA3.SA,2018-01-01,2022-12-31,MovingAverageCrossover,AtrStop,5,21,14,2.0,0.01,0.0,5.0,0.032321713415774056,0.00649613803513005,0.07286928732879691,0.18710339106163854,0.1421063178396879,40,0.325,2.348087562895215,6.451157043325348,21.95,1.0772109664771787,0.16044479626865504,0.5080760884781114,0.5641425157726299,0.5822702151114016
mac_walkforward-2026-08-17T14:17:31,2,c000,mac_walkforward-2026-08-17T14:17:31-w2-train,c000,16,train,"Escolher os parâmetros do MAC pelo melhor Sharpe de cada janela de treino e aplicá-los na janela seguinte intocada. Duas perguntas: (1) a escolha é estável entre janelas ou cada período elege um parâmetro diferente — o que já seria veredicto negativo sozinho; (2) quanto do retorno in-sample sobrevive out-of-sample (WFE).
",RENT3.SA,2018-01-01,2022-12-31,MovingAverageCrossover,AtrStop,5,21,14,2.0,0.01,0.0,5.0,0.1388585740679955,0.02682080497212813,0.06224648668051195,0.6839255692399724,0.5981761958484075,32,0.40625,3.02049342496658,44.26652019640314,34.96875,1.6062172573091806,0.21529209976381725,0.5788069957791858,0.6483425996195168,0.6784410941569451
mac_walkforward-2026-08-17T14:17:31,2,c000,mac_walkforward-2026-08-17T14:17:31-w2-train,c000,16,train,"Escolher os parâmetros do MAC pelo melhor Sharpe de cada janela de treino e aplicá-los na janela seguinte intocada. Duas perguntas: (1) a escolha é estável entre janelas ou cada período elege um parâmetro diferente — o que já seria veredicto negativo sozinho; (2) quanto do retorno in-sample sobrevive out-of-sample (WFE).
",SUZB3.SA,2018-01-01,2022-12-31,MovingAverageCrossover,AtrStop,5,21,14,2.0,0.01,0.0,5.0,0.16361879216598973,0.031326184990259964,0.101152498544028,0.6455876997879124,0.5234056105794961,35,0.37142857142857144,3.3046157083879395,46.74822633314002,26.4,1.7648588923243502,0.2299978515169332,0.5425050855314355,0.6946100120202962,0.7500582071201394
mac_walkforward-2026-08-17T14:17:31,2,c000,mac_walkforward-2026-08-17T14:17:31-w2-train,c000,16,train,"Escolher os parâmetros do MAC pelo melhor Sharpe de cada janela de treino e aplicá-los na janela seguinte intocada. Duas perguntas: (1) a escolha é estável entre janelas ou cada período elege um parâmetro diferente — o que já seria veredicto negativo sozinho; (2) quanto do retorno in-sample sobrevive out-of-sample (WFE).
",RADL3.SA,2018-01-01,2022-12-31,MovingAverageCrossover,AtrStop,5,21,14,2.0,0.01,0.0,5.0,-0.036963951776525894,-0.0076374362590565514,0.09903258958561062,-0.1743721792692537,-0.1346425530121184,44,0.25,2.4367774912121822,-8.570102382890754,21.318181818181817,0.3690986871650095,0.06603596362284136,0.3737816855688932,0.35857603340268274,0.3648464129096414
mac_walkforward-2026-08-17T14:17:31,2,c000,mac_walkforward-2026-08-17T14:17:31-w2-train,c001,16,train,"Escolher os parâmetros do MAC pelo melhor Sharpe de cada janela de treino e aplicá-los na janela seguinte intocada. Duas perguntas: (1) a escolha é estável entre janelas ou cada período elege um parâmetro diferente — o que já seria veredicto negativo sozinho; (2) quanto do retorno in-sample sobrevive out-of-sample (WFE).
",PETR4.SA,2018-01-01,2022-12-31,MovingAverageCrossover,AtrStop,5,21,14,2.5,0.01,0.0,5.0,0.11995304291210074,0.023327923437713283,0.04500361030137958,0.663326094107491,0.507669401211702,37,0.5405405405405406,1.766861700807439,33.110018291219276,28.83783783783784,2.1436834455355354,0.26257073492494465,0.6334387946610796,0.7296636932547208,0.6931261328183784
mac_walkforward-2026-08-17T14:17:31,2,c000,mac_walkforward-2026-08-17T14:17:31-w2-train,c001,16,train,"Escolher os parâmetros do MAC pelo melhor Sharpe de cada janela de treino e aplicá-los na janela seguinte intocada. Duas perguntas: (1) a escolha é estável entre janelas ou cada período elege um parâmetro diferente — o que já seria veredicto negativo sozinho; (2) quanto do retorno in-sample sobrevive out-of-sample (WFE).
",VALE3.SA,2018-01-01,2022-12-31,MovingAverageCrossover,AtrStop,5,21,14,2.5,0.01,0.0,5.0,0.09608183496793488,0.018849889743244086,0.04378487155548309,0.5521558893858165,0.43295653592990463,34,0.47058823529411764,1.7201280348032741,21.154649397604327,30.41176470588235,2.0525194501505015,0.25503033168254197,0.4367131575276357,0.7599791435973704,0.7825756348839882
mac_walkforward-2026-08-17T14:17:31,2,c000,mac_walkforward-2026-08-17T14:17:31-w2-train,c001,16,train,"Escolher os parâmetros do MAC pelo melhor Sharpe de cada janela de treino e aplicá-los na janela seguinte intocada. Duas perguntas: (1) a escolha é estável entre janelas ou cada período elege um parâmetro diferente — o que já seria veredicto negativo sozinho; (2) quanto do retorno in-sample sobrevive out-of-sample (WFE).
",ITUB4.SA,2018-01-01,2022-12-31,MovingAverageCrossover,AtrStop,5,21,14,2.5,0.01,0.0,5.0,0.06290222603319906,0.01249485199667344,0.05964620344863528,0.41869245440366326,0.3217233404638694,36,0.4166666666666667,2.240282477495655,17.44115515696798,24.97222222222222,0.10673809619494334,0.020858413941338805,0.4433163456048249,0.23148791128922122,0.2310534632153321
mac_walkforward-2026-08-17T14:17:31,2,c000,mac_walkforward-2026-08-17T14:17:31-w2-train,c001,16,train,"Escolher os parâmetros do MAC pelo melhor Sharpe de cada janela de treino e aplicá-los na janela seguinte intocada. Duas perguntas: (1) a escolha é estável entre janelas ou cada período elege um parâmetro diferente — o que já seria veredicto negativo sozinho; (2) quanto do retorno in-sample sobrevive out-of-sample (WFE).
",BBDC4.SA,2018-01-01,2022-12-31,MovingAverageCrossover,AtrStop,5,21,14,2.5,0.01,0.0,5.0,0.077403336749029,0.015291475123169862,0.039597563803709046,0.5359859542475952,0.4022469509894492,32,0.46875,2.1443694662630435,24.074096264840108,26.5625,-0.08262839403771416,-0.017401854167669262,0.5273594101954151,0.14225237656019435,0.1430265820719605
mac_walkforward-2026-08-17T14:17:31,2,c000,mac_walkforward-2026-08-17T14:17:31-w2-train,c001,16,train,"Escolher os parâmetros do MAC pelo melhor Sharpe de cada janela de treino e aplicá-los na janela seguinte intocada. Duas perguntas: (1) a escolha é estável entre janelas ou cada período elege um parâmetro diferente — o que já seria veredicto negativo sozinho; (2) quanto do retorno in-sample sobrevive out-of-sample (WFE).
",WEGE3.SA,2018-01-01,2022-12-31,MovingAverageCrossover,AtrStop,5,21,14,2.5,0.01,0.0,5.0,0.23142055893269564,0.04328411564584167,0.05069620827810536,1.0559128785245866,0.859617437078934,38,0.42105263157894735,4.217701583980722,60.88499692887058,26.55263157894737,3.2919951787205957,0.3451799689161936,0.4950571311436214,0.9643978595743756,0.994410294541838
mac_walkforward-2026-08-17T14:17:31,2,c000,mac_walkforward-2026-08-17T14:17:31-w2-train,c001,16,train,"Escolher os parâmetros do MAC pelo melhor Sharpe de cada janela de treino e aplicá-los na janela seguinte intocada. Duas perguntas: (1) a escolha é estável entre janelas ou cada período elege um parâmetro diferente — o que já seria veredicto negativo sozinho; (2) quanto do retorno in-sample sobrevive out-of-sample (WFE).
",ABEV3.SA,2018-01-01,2022-12-31,MovingAverageCrossover,AtrStop,5,21,14,2.5,0.01,0.0,5.0,-0.05447591653991091,-0.011337511657906862,0.07229715217272488,-0.4201493825233876,-0.30428925767071296,37,0.32432432432432434,1.314662163169645,-14.723220686462453,23.054054054054053,-0.19945596633740903,-0.04427341978819832,0.5193114528170232,0.010174492042723452,0.010267014188156787
mac_walkforward-2026-08-17T14:17:31,2,c000,mac_walkforward-2026-08-17T14:17:31-w2-train,c001,16,train,"Escolher os parâmetros do MAC pelo melhor Sharpe de cada janela de treino e aplicá-los na janela seguinte intocada. Duas perguntas: (1) a escolha é estável entre janelas ou cada período elege um parâmetro diferente — o que já seria veredicto negativo sozinho; (2) quanto do retorno in-sample sobrevive out-of-sample (WFE).
",B3SA3.SA,2018-01-01,2022-12-31,MovingAverageCrossover,AtrStop,5,21,14,2.5,0.01,0.0,5.0,0.038181018483323115,0.007656366886005017,0.060884168968637374,0.25551734551526745,0.19919414731599627,40,0.35,2.255203864135314,8.234346669758832,23.05,1.0772109664771787,0.16044479626865504,0.5080760884781114,0.5641425157726299,0.5822702151114016
mac_walkforward-2026-08-17T14:17:31,2,c000,mac_walkforward-2026-08-17T14:17:31-w2-train,c001,16,train,"Escolher os parâmetros do MAC pelo melhor Sharpe de cada janela de treino e aplicá-los na janela seguinte intocada. Duas perguntas: (1) a escolha é estável entre janelas ou cada período elege um parâmetro diferente — o que já seria veredicto negativo sozinho; (2) quanto do retorno in-sample sobrevive out-of-sample (WFE).
",RENT3.SA,2018-01-01,2022-12-31,MovingAverageCrossover,AtrStop,5,21,14,2.5,0.01,0.0,5.0,0.10780636849578906,0.021058914527305683,0.046359837698628004,0.6699987798622683,0.5888971028953628,32,0.40625,3.0107110551074725,34.38078599672329,35.34375,1.6062172573091806,0.21529209976381725,0.5788069957791858,0.6483425996195168,0.6784410941569451
mac_walkforward-2026-08-17T14:17:31,2,c000,mac_walkforward-2026-08-17T14:17:31-w2-train,c001,16,train,"Escolher os parâmetros do MAC pelo melhor Sharpe de cada janela de treino e aplicá-los na janela seguinte intocada. Duas perguntas: (1) a escolha é estável entre janelas ou cada período elege um parâmetro diferente — o que já seria veredicto negativo sozinho; (2) quanto do retorno in-sample sobrevive out-of-sample (WFE).
",SUZB3.SA,2018-01-01,2022-12-31,MovingAverageCrossover,AtrStop,5,21,14,2.5,0.01,0.0,5.0,0.13145036074310057,0.02545764702353992,0.07922929521678052,0.6472721796235757,0.5259766449096374,35,0.37142857142857144,3.36463355016029,37.55724592660025,26.742857142857144,1.7648588923243502,0.2299978515169332,0.5425050855314355,0.6946100120202962,0.7500582071201394
mac_walkforward-2026-08-17T14:17:31,2,c000,mac_walkforward-2026-08-17T14:17:31-w2-train,c001,16,train,"Escolher os parâmetros do MAC pelo melhor Sharpe de cada janela de treino e aplicá-los na janela seguinte intocada. Duas perguntas: (1) a escolha é estável entre janelas ou cada período elege um parâmetro diferente — o que já seria veredicto negativo sozinho; (2) quanto do retorno in-sample sobrevive out-of-sample (WFE).
",RADL3.SA,2018-01-01,2022-12-31,MovingAverageCrossover,AtrStop,5,21,14,2.5,0.01,0.0,5.0,-0.03664103179383471,-0.007569711937727042,0.0840190859384649,-0.22276451732148203,-0.17177893229765254,44,0.25,2.3314706910966985,-8.464482096426517,21.59090909090909,0.3690986871650095,0.06603596362284136,0.3737816855688932,0.35857603340268274,0.3648464129096414
mac_walkforward-2026-08-17T14:17:31,2,c000,mac_walkforward-2026-08-17T14:17:31-w2-train,c002,16,train,"Escolher os parâmetros do MAC pelo melhor Sharpe de cada janela de treino e aplicá-los na janela seguinte intocada. Duas perguntas: (1) a escolha é estável entre janelas ou cada período elege um parâmetro diferente — o que já seria veredicto negativo sozinho; (2) quanto do retorno in-sample sobrevive out-of-sample (WFE).
",PETR4.SA,2018-01-01,2022-12-31,MovingAverageCrossover,AtrStop,5,50,14,2.0,0.01,0.0,5.0,0.0526979987706353,0.010508636920088632,0.06781135426531466,0.24513956567464243,0.1872121869055297,22,0.36363636363636365,2.581238026044311,23.953635804834438,50.36363636363637,2.1436834455355354,0.26257073492494465,0.6334387946610796,0.7296636932547208,0.6931261328183784
mac_walkforward-2026-08-17T14:17:31,2,c000,mac_walkforward-2026-08-17T14:17:31-w2-train,c002,16,train,"Escolher os parâmetros do MAC pelo melhor Sharpe de cada janela de treino e aplicá-los na janela seguinte intocada. Duas perguntas: (1) a escolha é estável entre janelas ou cada período elege um parâmetro diferente — o que já seria veredicto negativo sozinho; (2) quanto do retorno in-sample sobrevive out-of-sample (WFE).
",VALE3.SA,2018-01-01,2022-12-31,MovingAverageCrossover,AtrStop,5,50,14,2.0,0.01,0.0,5.0,0.19783915141467,0.03742889122427706,0.08795957821763203,0.7512586118598749,0.597321360125885,20,0.4,4.488548111839477,84.83614626234507,51.95,2.0525194501505015,0.25503033168254197,0.4367131575276357,0.7599791435973704,0.7825756348839882
mac_walkforward-2026-08-17T14:17:31,2,c000,mac_walkforward-2026-08-17T14:17:31-w2-train,c002,16,train,"Escolher os parâmetros do MAC pelo melhor Sharpe de cada janela de treino e aplicá-los na janela seguinte intocada. Duas perguntas: (1) a escolha é estável entre janelas ou cada período elege um parâmetro diferente — o que já seria veredicto negativo sozinho; (2) quanto do retorno in-sample sobrevive out-of-sample (WFE).
",ITUB4.SA,2018-01-01,2022-12-31,MovingAverageCrossover,AtrStop,5,50,14,2.0,0.01,0.0,5.0,0.022713447600208436,0.004582156864784137,0.07032680999323716,0.14151508814420102,0.09695006792779784,19,0.3157894736842105,2.703670236562629,11.954446105372885,41.05263157894737,0.10673809619494334,0.020858413941338805,0.4433163456048249,0.23148791128922122,0.2310534632153321
mac_walkforward-2026-08-17T14:17:31,2,c000,mac_walkforward-2026-08-17T14:17:31-w2-train,c002,16,train,"Escolher os parâmetros do MAC pelo melhor Sharpe de cada janela de treino e aplicá-los na janela seguinte intocada. Duas perguntas: (1) a escolha é estável entre janelas ou cada período elege um parâmetro diferente — o que já seria veredicto negativo sozinho; (2) quanto do retorno in-sample sobrevive out-of-sample (WFE).
",BBDC4.SA,2018-01-01,2022-12-31,MovingAverageCrossover,AtrStop,5,50,14,2.0,0.01,0.0,5.0,0.02842503504053484,0.005721631101308189,0.05361163804213928,0.17457309894254075,0.12491842002186332,20,0.3,3.1012690518044947,14.212517520267564,42.45,-0.08262839403771416,-0.017401854167669262,0.5273594101954151,0.14225237656019435,0.1430265820719605
mac_walkforward-2026-08-17T14:17:31,2,c000,mac_walkforward-2026-08-17T14:17:31-w2-train,c002,16,train,"Escolher os parâmetros do MAC pelo melhor Sharpe de cada janela de treino e aplicá-los na janela seguinte intocada. Duas perguntas: (1) a escolha é estável entre janelas ou cada período elege um parâmetro diferente — o que já seria veredicto negativo sozinho; (2) quanto do retorno in-sample sobrevive out-of-sample (WFE).
",WEGE3.SA,2018-01-01,2022-12-31,MovingAverageCrossover,AtrStop,5,50,14,2.0,0.01,0.0,5.0,0.14897342867784968,0.02867064339856773,0.11974177114167406,0.4961878548627774,0.34780640135000707,18,0.3888888888888889,4.607325863189923,83.02970803969113,51.111111111111114,3.2919951787205957,0.3451799689161936,0.4950571311436214,0.9643978595743756,0.994410294541838
mac_walkforward-2026-08-17T14:17:31,2,c000,mac_walkforward-2026-08-17T14:17:31-w2-train,c002,16,train,"Escolher os parâmetros do MAC pelo melhor Sharpe de cada janela de treino e aplicá-los na janela seguinte intocada. Duas perguntas: (1) a escolha é estável entre janelas ou cada período elege um parâmetro diferente — o que já seria veredicto negativo sozinho; (2) quanto do retorno in-sample sobrevive out-of-sample (WFE).
",ABEV3.SA,2018-01-01,2022-12-31,MovingAverageCrossover,AtrStop,5,50,14,2.0,0.01,0.0,5.0,-0.04531759300086324,-0.00939571997190125,0.07617374871203074,-0.2702355939759328,-0.18064510798892205,20,0.3,1.2574285340904843,-22.658796500431794,36.65,-0.19945596633740903,-0.04427341978819832,0.5193114528170232,0.010174492042723452,0.010267014188156787
mac_walkforward-2026-08-17T14:17:31,2,c000,mac_walkforward-2026-08-17T14:17:31-w2-train,c002,16,train,"Escolher os parâmetros do MAC pelo melhor Sharpe de cada janela de treino e aplicá-los na janela seguinte intocada. Duas perguntas: (1) a escolha é estável entre janelas ou cada período elege um parâmetro diferente — o que já seria veredicto negativo sozinho; (2) quanto do retorno in-sample sobrevive out-of-sample (WFE).
",B3SA3.SA,2018-01-01,2022-12-31,MovingAverageCrossover,AtrStop,5,50,14,2.0,0.01,0.0,5.0,0.1338813159532346,0.02590573966805665,0.040124557112808275,0.6496182163416575,0.46931777266494284,14,0.5714285714285714,4.045339338180165,97.2830604463154,62.0,1.0772109664771787,0.16044479626865504,0.5080760884781114,0.5641425157726299,0.5822702151114016
mac_walkforward-2026-08-17T14:17:31,2,c000,mac_walkforward-2026-08-17T14:17:31-w2-train,c002,16,train,"Escolher os parâmetros do MAC pelo melhor Sharpe de cada janela de treino e aplicá-los na janela seguinte intocada. Duas perguntas: (1) a escolha é estável entre janelas ou cada período elege um parâmetro diferente — o que já seria veredicto negativo sozinho; (2) quanto do retorno in-sample sobrevive out-of-sample (WFE).
",RENT3.SA,2018-01-01,2022-12-31,MovingAverageCrossover,AtrStop,5,50,14,2.0,0.01,0.0,5.0,0.11013012617468076,0.021494521884848572,0.07800663087815089,0.6027228507164981,0.4835413750323059,16,0.375,3.730392962584816,68.83132885917523,65.5625,1.6062172573091806,0.21529209976381725,0.5788069957791858,0.6483425996195168,0.6784410941569451
mac_walkforward-2026-08-17T14:17:31,2,c000,mac_walkforward-2026-08-17T14:17:31-w2-train,c002,16,train,"Escolher os parâmetros do MAC pelo melhor Sharpe de cada janela de treino e aplicá-los na janela seguinte intocada. Duas perguntas: (1) a escolha é estável entre janelas ou cada período elege um parâmetro diferente — o que já seria veredicto negativo sozinho; (2) quanto do retorno in-sample sobrevive out-of-sample (WFE).
",SUZB3.SA,2018-01-01,2022-12-31,MovingAverageCrossover,AtrStop,5,50,14,2.0,0.01,0.0,5.0,0.08118773031734716,0.016016381618496167,0.05325730433418883,0.46210205564212953,0.3179371308754198,19,0.3157894736842105,4.351395905113054,42.73038437755152,38.73684210526316,1.7648588923243502,0.2299978515169332,0.5425050855314355,0.6946100120202962,0.7500582071201394
mac_walkforward-2026-08-17T14:17:31,2,c000,mac_walkforward-2026-08-17T14:17:31-w2-train,c002,16,train,"Escolher os parâmetros do MAC pelo melhor Sharpe de cada janela de treino e aplicá-los na janela seguinte intocada. Duas perguntas: (1) a escolha é estável entre janelas ou cada período elege um parâmetro diferente — o que já seria veredicto negativo sozinho; (2) quanto do retorno in-sample sobrevive out-of-sample (WFE).
",RADL3.SA,2018-01-01,2022-12-31,MovingAverageCrossover,AtrStop,5,50,14,2.0,0.01,0.0,5.0,-0.01780949653015229,-0.003651184474828928,0.11694731489663315,-0.06961653527550665,-0.05103237192226713,27,0.18518518518518517,3.8914561300293853,-6.3107694782975665,32.851851851851855,0.3690986871650095,0.06603596362284136,0.3737816855688932,0.35857603340268274,0.3648464129096414
mac_walkforward-2026-08-17T14:17:31,2,c000,mac_walkforward-2026-08-17T14:17:31-w2-train,c003,16,train,"Escolher os parâmetros do MAC pelo melhor Sharpe de cada janela de treino e aplicá-los na janela seguinte intocada. Duas perguntas: (1) a escolha é estável entre janelas ou cada período elege um parâmetro diferente — o que já seria veredicto negativo sozinho; (2) quanto do retorno in-sample sobrevive out-of-sample (WFE).
",PETR4.SA,2018-01-01,2022-12-31,MovingAverageCrossover,AtrStop,5,50,14,2.5,0.01,0.0,5.0,0.03706113258786936,0.007435016808959194,0.054493105504564134,0.21230823956464712,0.1607547440802471,22,0.36363636363636365,2.44368921287771,16.8459693581226,50.63636363636363,2.1436834455355354,0.26257073492494465,0.6334387946610796,0.7296636932547208,0.6931261328183784
mac_walkforward-2026-08-17T14:17:31,2,c000,mac_walkforward-2026-08-17T14:17:31-w2-train,c003,16,train,"Escolher os parâmetros do MAC pelo melhor Sharpe de cada janela de treino e aplicá-los na janela seguinte intocada. Duas perguntas: (1) a escolha é estável entre janelas ou cada período elege um parâmetro diferente — o que já seria veredicto negativo sozinho; (2) quanto do retorno in-sample sobrevive out-of-sample (WFE).
",VALE3.SA,2018-01-01,2022-12-31,MovingAverageCrossover,AtrStop,5,50,14,2.5,0.01,0.0,5.0,0.15173581052907004,0.02917358153474714,0.07271032253948509,0.7253915592698231,0.5771653343593999,20,0.4,4.209516286453803,65.03449799915784,52.0,2.0525194501505015,0.25503033168254197,0.4367131575276357,0.7599791435973704,0.7825756348839882
mac_walkforward-2026-08-17T14:17:31,2,c000,mac_walkforward-2026-08-17T14:17:31-w2-train,c003,16,train,"Escolher os parâmetros do MAC pelo melhor Sharpe de cada janela de treino e aplicá-los na janela seguinte intocada. Duas perguntas: (1) a escolha é estável entre janelas ou cada período elege um parâmetro diferente — o que já seria veredicto negativo sozinho; (2) quanto do retorno in-sample sobrevive out-of-sample (WFE).
",ITUB4.SA,2018-01-01,2022-12-31,MovingAverageCrossover,AtrStop,5,50,14,2.5,0.01,0.0,5.0,0.04530670543773385,0.009060351055053095,0.04988595989381941,0.29800203420477483,0.22010173930365404,19,0.3684210526315789,2.799656797185029,23.845634440912644,46.0,0.10673809619494334,0.020858413941338805,0.4433163456048249,0.23148791128922122,0.2310534632153321
mac_walkforward-2026-08-17T14:17:31,2,c000,mac_walkforward-2026-08-17T14:17:31-w2-train,c003,16,train,"Escolher os parâmetros do MAC pelo melhor Sharpe de cada janela de treino e aplicá-los na janela seguinte intocada. Duas perguntas: (1) a escolha é estável entre janelas ou cada período elege um parâmetro diferente — o que já seria veredicto negativo sozinho; (2) quanto do retorno in-sample sobrevive out-of-sample (WFE).
",BBDC4.SA,2018-01-01,2022-12-31,MovingAverageCrossover,AtrStop,5,50,14,2.5,0.01,0.0,5.0,0.01639432736684099,0.003315557539707026,0.044766024803461264,0.12707246367681782,0.09076645391463216,20,0.3,2.8414994020979942,8.19716368342024,42.6,-0.08262839403771416,-0.017401854167669262,0.5273594101954151,0.14225237656019435,0.1430265820719605
mac_walkforward-2026-08-17T14:17:31,2,c000,mac_walkforward-2026-08-17T14:17:31-w2-train,c003,16,train,"Escolher os parâmetros do MAC pelo melhor Sharpe de cada janela de treino e aplicá-los na janela seguinte intocada. Duas perguntas: (1) a escolha é estável entre janelas ou cada período elege um parâmetro diferente — o que já seria veredicto negativo sozinho; (2) quanto do retorno in-sample sobrevive out-of-sample (WFE).
",WEGE3.SA,2018-01-01,2022-12-31,MovingAverageCrossover,AtrStop,5,50,14,2.5,0.01,0.0,5.0,0.16249235102289838,0.03112288319953138,0.09950103010137425,0.6205283717512794,0.47270437254814546,18,0.4444444444444444,4.7127068779995005,90.48804156299873,59.44444444444444,3.2919951787205957,0.3451799689161936,0.4950571311436214,0.9643978595743756,0.994410294541838
mac_walkforward-2026-08-17T14:17:31,2,c000,mac_walkforward-2026-08-17T14:17:31-w2-train,c003,16,train,"Escolher os parâmetros do MAC pelo melhor Sharpe de cada janela de treino e aplicá-los na janela seguinte intocada. Duas perguntas: (1) a escolha é estável entre janelas ou cada período elege um parâmetro diferente — o que já seria veredicto negativo sozinho; (2) quanto do retorno in-sample sobrevive out-of-sample (WFE).
",ABEV3.SA,2018-01-01,2022-12-31,MovingAverageCrossover,AtrStop,5,50,14,2.5,0.01,0.0,5.0,-0.04336215390997167,-0.008983041778522716,0.06301107752223263,-0.32903644017747224,-0.22389121117960517,20,0.3,1.1514438147724781,-21.681076954985844,37.55,-0.19945596633740903,-0.04427341978819832,0.5193114528170232,0.010174492042723452,0.010267014188156787
mac_walkforward-2026-08-17T14:17:31,2,c000,mac_walkforward-2026-08-17T14:17:31-w2-train,c003,16,train,"Escolher os parâmetros do MAC pelo melhor Sharpe de cada janela de treino e aplicá-los na janela seguinte intocada. Duas perguntas: (1) a escolha é estável entre janelas ou cada período elege um parâmetro diferente — o que já seria veredicto negativo sozinho; (2) quanto do retorno in-sample sobrevive out-of-sample (WFE).
",B3SA3.SA,2018-01-01,2022-12-31,MovingAverageCrossover,AtrStop,5,50,14,2.5,0.01,0.0,5.0,0.10133216654033039,0.01984142235804498,0.0321093437857891,0.6099730480605122,0.4395803205902256,14,0.5714285714285714,3.4326090461210517,73.65472968430525,62.642857142857146,1.0772109664771787,0.16044479626865504,0.5080760884781114,0.5641425157726299,0.5822702151114016
mac_walkforward-2026-08-17T14:17:31,2,c000,mac_walkforward-2026-08-17T14:17:31-w2-train,c003,16,train,"Escolher os parâmetros do MAC pelo melhor Sharpe de cada janela de treino e aplicá-los na janela seguinte intocada. Duas perguntas: (1) a escolha é estável entre janelas ou cada período elege um parâmetro diferente — o que já seria veredicto negativo sozinho; (2) quanto do retorno in-sample sobrevive out-of-sample (WFE).
",RENT3.SA,2018-01-01,2022-12-31,MovingAverageCrossover,AtrStop,5,50,14,2.5,0.01,0.0,5.0,0.08289756774455559,0.01634324102324558,0.06666618473474328,0.5677634514732889,0.45550179350473213,16,0.375,3.512872679518944,51.81097984034744,66.5,1.6062172573091806,0.21529209976381725,0.5788069957791858,0.6483425996195168,0.6784410941569451
mac_walkforward-2026-08-17T14:17:31,2,c000,mac_walkforward-2026-08-17T14:17:31-w2-train,c003,16,train,"Escolher os parâmetros do MAC pelo melhor Sharpe de cada janela de treino e aplicá-los na janela seguinte intocada. Duas perguntas: (1) a escolha é estável entre janelas ou cada período elege um parâmetro diferente — o que já seria veredicto negativo sozinho; (2) quanto do retorno in-sample sobrevive out-of-sample (WFE).
",SUZB3.SA,2018-01-01,2022-12-31,MovingAverageCrossover,AtrStop,5,50,14,2.5,0.01,0.0,5.0,0.0668138800990381,0.013252215386601263,0.044043343877516405,0.458745198405221,0.32879130961093206,19,0.3157894736842105,4.513558617386562,35.16520005212531,41.473684210526315,1.7648588923243502,0.2299978515169332,0.5425050855314355,0.6946100120202962,0.7500582071201394
mac_walkforward-2026-08-17T14:17:31,2,c000,mac_walkforward-2026-08-17T14:17:31-w2-train,c003,16,train,"Escolher os parâmetros do MAC pelo melhor Sharpe de cada janela de treino e aplicá-los na janela seguinte intocada. Duas perguntas: (1) a escolha é estável entre janelas ou cada período elege um parâmetro diferente — o que já seria veredicto negativo sozinho; (2) quanto do retorno in-sample sobrevive out-of-sample (WFE).
",RADL3.SA,2018-01-01,2022-12-31,MovingAverageCrossover,AtrStop,5,50,14,2.5,0.01,0.0,5.0,0.0010758684691782872,0.00021890369310750835,0.0953734420070254,0.02329160330509987,0.01777264527284665,27,0.2222222222222222,3.553899906721469,0.6292597904976487,35.888888888888886,0.3690986871650095,0.06603596362284136,0.3737816855688932,0.35857603340268274,0.3648464129096414
mac_walkforward-2026-08-17T14:17:31,2,c000,mac_walkforward-2026-08-17T14:17:31-w2-train,c004,16,train,"Escolher os parâmetros do MAC pelo melhor Sharpe de cada janela de treino e aplicá-los na janela seguinte intocada. Duas perguntas: (1) a escolha é estável entre janelas ou cada período elege um parâmetro diferente — o que já seria veredicto negativo sozinho; (2) quanto do retorno in-sample sobrevive out-of-sample (WFE).
",PETR4.SA,2018-01-01,2022-12-31,MovingAverageCrossover,AtrStop,9,21,14,2.0,0.01,0.0,5.0,0.07904598008327057,0.015606374699793202,0.055741215154839534,0.3675490813617317,0.2742210332970515,29,0.4482758620689655,1.8353053557872996,27.25723451147266,35.62068965517241,2.1436834455355354,0.26257073492494465,0.6334387946610796,0.7296636932547208,0.6931261328183784
mac_walkforward-2026-08-17T14:17:31,2,c000,mac_walkforward-2026-08-17T14:17:31-w2-train,c004,16,train,"Escolher os parâmetros do MAC pelo melhor Sharpe de cada janela de treino e aplicá-los na janela seguinte intocada. Duas perguntas: (1) a escolha é estável entre janelas ou cada período elege um parâmetro diferente — o que já seria veredicto negativo sozinho; (2) quanto do retorno in-sample sobrevive out-of-sample (WFE).
",VALE3.SA,2018-01-01,2022-12-31,MovingAverageCrossover,AtrStop,9,21,14,2.0,0.01,0.0,5.0,0.10577685062910769,0.02067786906787772,0.07057343223250997,0.4967843363548276,0.37842548180643804,28,0.4642857142857143,1.8696601457605264,34.14882892724201,34.92857142857143,2.0525194501505015,0.25503033168254197,0.4367131575276357,0.7599791435973704,0.7825756348839882
mac_walkforward-2026-08-17T14:17:31,2,c000,mac_walkforward-2026-08-17T14:17:31-w2-train,c004,16,train,"Escolher os parâmetros do MAC pelo melhor Sharpe de cada janela de treino e aplicá-los na janela seguinte intocada. Duas perguntas: (1) a escolha é estável entre janelas ou cada período elege um parâmetro diferente — o que já seria veredicto negativo sozinho; (2) quanto do retorno in-sample sobrevive out-of-sample (WFE).
",ITUB4.SA,2018-01-01,2022-12-31,MovingAverageCrossover,AtrStop,9,21,14,2.0,0.01,0.0,5.0,0.055811008673603,0.011116192205048891,0.06568902219955387,0.2976249440444252,0.2184938490773117,27,0.4074074074074074,2.088217498746432,20.67074395318635,31.74074074074074,0.10673809619494334,0.020858413941338805,0.4433163456048249,0.23148791128922122,0.2310534632153321
mac_walkforward-2026-08-17T14:17:31,2,c000,mac_walkforward-2026-08-17T14:17:31-w2-train,c004,16,train,"Escolher os parâmetros do MAC pelo melhor Sharpe de cada janela de treino e aplicá-los na janela seguinte intocada. Duas perguntas: (1) a escolha é estável entre janelas ou cada período elege um parâmetro diferente — o que já seria veredicto negativo sozinho; (2) quanto do retorno in-sample sobrevive out-of-sample (WFE).
",BBDC4.SA,2018-01-01,2022-12-31,MovingAverageCrossover,AtrStop,9,21,14,2.0,0.01,0.0,5.0,0.10864451993432045,0.0212161166933027,0.052623409937559394,0.5861905008427806,0.4421324102423219,27,0.5555555555555556,1.7032974626983948,40.72890573556065,30.0,-0.08262839403771416,-0.017401854167669262,0.5273594101954151,0.14225237656019435,0.1430265820719605
mac_walkforward-2026-08-17T14:17:31,2,c000,mac_walkforward-2026-08-17T14:17:31-w2-train,c004,16,train,"Escolher os parâmetros do MAC pelo melhor Sharpe de cada janela de treino e aplicá-los na janela seguinte intocada. Duas perguntas: (1) a escolha é estável entre janelas ou cada período elege um parâmetro diferente — o que já seria veredicto negativo sozinho; (2) quanto do retorno in-sample sobrevive out-of-sample (WFE).
",WEGE3.SA,2018-01-01,2022-12-31,MovingAverageCrossover,AtrStop,9,21,14,2.0,0.01,0.0,5.0,0.3130905789147933,0.057010668089032324,0.07359135891277714,1.018026342266746,0.7850610649144689,29,0.4482758620689655,4.400095903140053,107.72281593439465,32.172413793103445,3.2919951787205957,0.3451799689161936,0.4950571311436214,0.9643978595743756,0.994410294541838
mac_walkforward-2026-08-17T14:17:31,2,c000,mac_walkforward-2026-08-17T14:17:31-w2-train,c004,16,train,"Escolher os parâmetros do MAC pelo melhor Sharpe de cada janela de treino e aplicá-los na janela seguinte intocada. Duas perguntas: (1) a escolha é estável entre janelas ou cada período elege um parâmetro diferente — o que já seria veredicto negativo sozinho; (2) quanto do retorno in-sample sobrevive out-of-sample (WFE).
",ABEV3.SA,2018-01-01,2022-12-31,MovingAverageCrossover,AtrStop,9,21,14,2.0,0.01,0.0,5.0,-0.011179701177480683,-0.0022858739219473456,0.05139456001257033,-0.05492938318031429,-0.03921431333728053,33,0.45454545454545453,1.1002170386725414,-3.387788235600198,25.0,-0.19945596633740903,-0.04427341978819832,0.5193114528170232,0.010174492042723452,0.010267014188156787
mac_walkforward-2026-08-17T14:17:31,2,c000,mac_walkforward-2026-08-17T14:17:31-w2-train,c004,16,train,"Escolher os parâmetros do MAC pelo melhor Sharpe de cada janela de treino e aplicá-los na janela seguinte intocada. Duas perguntas: (1) a escolha é estável entre janelas ou cada período elege um parâmetro diferente — o que já seria veredicto negativo sozinho; (2) quanto do retorno in-sample sobrevive out-of-sample (WFE).
",B3SA3.SA,2018-01-01,2022-12-31,MovingAverageCrossover,AtrStop,9,21,14,2.0,0.01,0.0,5.0,0.03373697039949741,0.006776859281587333,0.07260207622170196,0.19788046129330727,0.1477753772611229,35,0.34285714285714286,2.3261990930933525,10.216762112757944,24.34285714285714,1.0772109664771787,0.16044479626865504,0.5080760884781114,0.5641425157726299,0.5822702151114016
mac_walkforward-2026-08-17T14:17:31,2,c000,mac_walkforward-2026-08-17T14:17:31-w2-train,c004,16,train,"Escolher os parâmetros do MAC pelo melhor Sharpe de cada janela de treino e aplicá-los na janela seguinte intocada. Duas perguntas: (1) a escolha é estável entre janelas ou cada período elege um parâmetro diferente — o que já seria veredicto negativo sozinho; (2) quanto do retorno in-sample sobrevive out-of-sample (WFE).
",RENT3.SA,2018-01-01,2022-12-31,MovingAverageCrossover,AtrStop,9,21,14,2.0,0.01,0.0,5.0,0.1203866377879923,0.023408556304644,0.055104490369167335,0.6135139163967361,0.5032856120854104,26,0.4230769230769231,2.712569452178374,46.302552995381625,39.15384615384615,1.6062172573091806,0.21529209976381725,0.5788069957791858,0.6483425996195168,0.6784410941569451
mac_walkforward-2026-08-17T14:17:31,2,c000,mac_walkforward-2026-08-17T14:17:31-w2-train,c004,16,train,"Escolher os parâmetros do MAC pelo melhor Sharpe de cada janela de treino e aplicá-los na janela seguinte intocada. Duas perguntas: (1) a escolha é estável entre janelas ou cada período elege um parâmetro diferente — o que já seria veredicto negativo sozinho; (2) quanto do retorno in-sample sobrevive out-of-sample (WFE).
",SUZB3.SA,2018-01-01,2022-12-31,MovingAverageCrossover,AtrStop,9,21,14,2.0,0.01,0.0,5.0,-0.024447336466640213,-0.005025524907566248,0.09001231749923749,-0.11739702173826752,-0.08368846539668048,35,0.3142857142857143,1.8891138511321717,-6.984953276183116,22.457142857142856,1.7648588923243502,0.2299978515169332,0.5425050855314355,0.6946100120202962,0.7500582071201394
mac_walkforward-2026-08-17T14:17:31,2,c000,mac_walkforward-2026-08-17T14:17:31-w2-train,c004,16,train,"Escolher os parâmetros do MAC pelo melhor Sharpe de cada janela de treino e aplicá-los na janela seguinte intocada. Duas perguntas: (1) a escolha é estável entre janelas ou cada período elege um parâmetro diferente — o que já seria veredicto negativo sozinho; (2) quanto do retorno in-sample sobrevive out-of-sample (WFE).
",RADL3.SA,2018-01-01,2022-12-31,MovingAverageCrossover,AtrStop,9,21,14,2.0,0.01,0.0,5.0,-0.03258278342858989,-0.006720134334898931,0.12182860279315337,-0.15621464054077264,-0.1154579366053552,34,0.29411764705882354,1.9520995938904218,-9.359910052975158,25.764705882352942,0.3690986871650095,0.06603596362284136,0.3737816855688932,0.35857603340268274,0.3648464129096414
mac_walkforward-2026-08-17T14:17:31,2,c000,mac_walkforward-2026-08-17T14:17:31-w2-train,c005,16,train,"Escolher os parâmetros do MAC pelo melhor Sharpe de cada janela de treino e aplicá-los na janela seguinte intocada. Duas perguntas: (1) a escolha é estável entre janelas ou cada período elege um parâmetro diferente — o que já seria veredicto negativo sozinho; (2) quanto do retorno in-sample sobrevive out-of-sample (WFE).
",PETR4.SA,2018-01-01,2022-12-31,MovingAverageCrossover,AtrStop,9,21,14,2.5,0.01,0.0,5.0,0.05633517076331973,0.011218350712648872,0.04484975764021524,0.3271177759477632,0.24475093875970447,29,0.4482758620689655,1.7486852850555246,19.42592095286883,35.93103448275862,2.1436834455355354,0.26257073492494465,0.6334387946610796,0.7296636932547208,0.6931261328183784
mac_walkforward-2026-08-17T14:17:31,2,c000,mac_walkforward-2026-08-17T14:17:31-w2-train,c005,16,train,"Escolher os parâmetros do MAC pelo melhor Sharpe de cada janela de treino e aplicá-los na janela seguinte intocada. Duas perguntas: (1) a escolha é estável entre janelas ou cada período elege um parâmetro diferente — o que já seria veredicto negativo sozinho; (2) quanto do retorno in-sample sobrevive out-of-sample (WFE).
",VALE3.SA,2018-01-01,2022-12-31,MovingAverageCrossover,AtrStop,9,21,14,2.5,0.01,0.0,5.0,0.07223721671329919,0.014298615892694766,0.06363793662203863,0.42701433191178656,0.32746414058895623,28,0.4642857142857143,1.7180754780587852,23.034344844455596,35.642857142857146,2.0525194501505015,0.25503033168254197,0.4367131575276357,0.7599791435973704,0.7825756348839882
mac_walkforward-2026-08-17T14:17:31,2,c000,mac_walkforward-2026-08-17T14:17:31-w2-train,c005,16,train,"Escolher os parâmetros do MAC pelo melhor Sharpe de cada janela de treino e aplicá-los na janela seguinte intocada. Duas perguntas: (1) a escolha é estável entre janelas ou cada período elege um parâmetro diferente — o que já seria veredicto negativo sozinho; (2) quanto do retorno in-sample sobrevive out-of-sample (WFE).
",ITUB4.SA,2018-01-01,2022-12-31,MovingAverageCrossover,AtrStop,9,21,14,2.5,0.01,0.0,5.0,0.045729140881309194,0.009143344495911476,0.04992547089966133,0.2986774125226801,0.22172591573597933,27,0.4074074074074074,2.1120025725485014,16.936718844929448,32.74074074074074,0.10673809619494334,0.020858413941338805,0.4433163456048249,0.23148791128922122,0.2310534632153321
mac_walkforward-2026-08-17T14:17:31,2,c000,mac_walkforward-2026-08-17T14:17:31-w2-train,c005,16,train,"Escolher os parâmetros do MAC pelo melhor Sharpe de cada janela de treino e aplicá-los na janela seguinte intocada. Duas perguntas: (1) a escolha é estável entre janelas ou cada período elege um parâmetro diferente — o que já seria veredicto negativo sozinho; (2) quanto do retorno in-sample sobrevive out-of-sample (WFE).
",BBDC4.SA,2018-01-01,2022-12-31,MovingAverageCrossover,AtrStop,9,21,14,2.5,0.01,0.0,5.0,0.09043188555655624,0.017778654132884375,0.04212857050980813,0.5996874931105862,0.45701907625889576,27,0.5555555555555556,1.7931751141442458,33.8797905737917,31.555555555555557,-0.08262839403771416,-0.017401854167669262,0.5273594101954151,0.14225237656019435,0.1430265820719605
mac_walkforward-2026-08-17T14:17:31,2,c000,mac_walkforward-2026-08-17T14:17:31-w2-train,c005,16,train,"Escolher os parâmetros do MAC pelo melhor Sharpe de cada janela de treino e aplicá-los na janela seguinte intocada. Duas perguntas: (1) a escolha é estável entre janelas ou cada período elege um parâmetro diferente — o que já seria veredicto negativo sozinho; (2) quanto do retorno in-sample sobrevive out-of-sample (WFE).
",WEGE3.SA,2018-01-01,2022-12-31,MovingAverageCrossover,AtrStop,9,21,14,2.5,0.01,0.0,5.0,0.25171211301676877,0.046760759142867814,0.06110669208957563,1.009035555930624,0.813165253272526,29,0.4482758620689655,4.69724533188957,86.6176908579247,34.86206896551724,3.2919951787205957,0.3451799689161936,0.4950571311436214,0.9643978595743756,0.994410294541838
mac_walkforward-2026-08-17T14:17:31,2,c000,mac_walkforward-2026-08-17T14:17:31-w2-train,c005,16,train,"Escolher os parâmetros do MAC pelo melhor Sharpe de cada janela de treino e aplicá-los na janela seguinte intocada. Duas perguntas: (1) a escolha é estável entre janelas ou cada período elege um parâmetro diferente — o que já seria veredicto negativo sozinho; (2) quanto do retorno in-sample sobrevive out-of-sample (WFE).
",ABEV3.SA,2018-01-01,2022-12-31,MovingAverageCrossover,AtrStop,9,21,14,2.5,0.01,0.0,5.0,-0.021826502729058617,-0.004482003738091489,0.04649823420841034,-0.15902499638142345,-0.11312378835909476,33,0.45454545454545453,0.9813656609165066,-6.614091736078115,25.454545454545453,-0.19945596633740903,-0.04427341978819832,0.5193114528170232,0.010174492042723452,0.010267014188156787
mac_walkforward-2026-08-17T14:17:31,2,c000,mac_walkforward-2026-08-17T14:17:31-w2-train,c005,16,train,"Escolher os parâmetros do MAC pelo melhor Sharpe de cada janela de treino e aplicá-los na janela seguinte intocada. Duas perguntas: (1) a escolha é estável entre janelas ou cada período elege um parâmetro diferente — o que já seria veredicto negativo sozinho; (2) quanto do retorno in-sample sobrevive out-of-sample (WFE).
",B3SA3.SA,2018-01-01,2022-12-31,MovingAverageCrossover,AtrStop,9,21,14,2.5,0.01,0.0,5.0,0.01096446782461502,0.002222181103039178,0.06030388291807813,0.08781602193967121,0.06607309806582383,35,0.34285714285714286,2.0792749938560626,3.5841842246702846,24.857142857142858,1.0772109664771787,0.16044479626865504,0.5080760884781114,0.5641425157726299,0.5822702151114016
mac_walkforward-2026-08-17T14:17:31,2,c000,mac_walkforward-2026-08-17T14:17:31-w2-train,c005,16,train,"Escolher os parâmetros do MAC pelo melhor Sharpe de cada janela de treino e aplicá-los na janela seguinte intocada. Duas perguntas: (1) a escolha é estável entre janelas ou cada período elege um parâmetro diferente — o que já seria veredicto negativo sozinho; (2) quanto do retorno in-sample sobrevive out-of-sample (WFE).
",RENT3.SA,2018-01-01,2022-12-31,MovingAverageCrossover,AtrStop,9,21,14,2.5,0.01,0.0,5.0,0.08759454989181803,0.017239024378012058,0.04762083451863762,0.558154038211513,0.4569237697184171,26,0.4230769230769231,2.523779209531473,33.6902114968533,39.42307692307692,1.6062172573091806,0.21529209976381725,0.5788069957791858,0.6483425996195168,0.6784410941569451
mac_walkforward-2026-08-17T14:17:31,2,c000,mac_walkforward-2026-08-17T14:17:31-w2-train,c005,16,train,"Escolher os parâmetros do MAC pelo melhor Sharpe de cada janela de treino e aplicá-los na janela seguinte intocada. Duas perguntas: (1) a escolha é estável entre janelas ou cada período elege um parâmetro diferente — o que já seria veredicto negativo sozinho; (2) quanto do retorno in-sample sobrevive out-of-sample (WFE).
",SUZB3.SA,2018-01-01,2022-12-31,MovingAverageCrossover,AtrStop,9,21,14,2.5,0.01,0.0,5.0,0.07071062160166486,0.01400449553139338,0.0967489719668089,0.3610966870418787,0.29155807567591163,35,0.34285714285714286,2.702237414895909,20.20303474333299,26.37142857142857,1.7648588923243502,0.2299978515169332,0.5425050855314355,0.6946100120202962,0.7500582071201394
mac_walkforward-2026-08-17T14:17:31,2,c000,mac_walkforward-2026-08-17T14:17:31-w2-train,c005,16,train,"Escolher os parâmetros do MAC pelo melhor Sharpe de cada janela de treino e aplicá-los na janela seguinte intocada. Duas perguntas: (1) a escolha é estável entre janelas ou cada período elege um parâmetro diferente — o que já seria veredicto negativo sozinho; (2) quanto do retorno in-sample sobrevive out-of-sample (WFE).
",RADL3.SA,2018-01-01,2022-12-31,MovingAverageCrossover,AtrStop,9,21,14,2.5,0.01,0.0,5.0,-0.04093516590582347,-0.008471780697022702,0.1088490203924766,-0.2605496506091877,-0.1946382298106122,34,0.29411764705882354,1.7561902430101661,-11.863144800355737,26.41176470588235,0.3690986871650095,0.06603596362284136,0.3737816855688932,0.35857603340268274,0.3648464129096414
mac_walkforward-2026-08-17T14:17:31,2,c000,mac_walkforward-2026-08-17T14:17:31-w2-train,c006,16,train,"Escolher os parâmetros do MAC pelo melhor Sharpe de cada janela de treino e aplicá-los na janela seguinte intocada. Duas perguntas: (1) a escolha é estável entre janelas ou cada período elege um parâmetro diferente — o que já seria veredicto negativo sozinho; (2) quanto do retorno in-sample sobrevive out-of-sample (WFE).
",PETR4.SA,2018-01-01,2022-12-31,MovingAverageCrossover,AtrStop,9,50,14,2.0,0.01,0.0,5.0,0.04179898893507783,0.008370176539161722,0.05529176054735919,0.21350991387843957,0.14724866923005944,17,0.4117647058823529,1.9383561350207512,24.58764055004552,54.294117647058826,2.1436834455355354,0.26257073492494465,0.6334387946610796,0.7296636932547208,0.6931261328183784
mac_walkforward-2026-08-17T14:17:31,2,c000,mac_walkforward-2026-08-17T14:17:31-w2-train,c006,16,train,"Escolher os parâmetros do MAC pelo melhor Sharpe de cada janela de treino e aplicá-los na janela seguinte intocada. Duas perguntas: (1) a escolha é estável entre janelas ou cada período elege um parâmetro diferente — o que já seria veredicto negativo sozinho; (2) quanto do retorno in-sample sobrevive out-of-sample (WFE).
",VALE3.SA,2018-01-01,2022-12-31,MovingAverageCrossover,AtrStop,9,50,14,2.0,0.01,0.0,5.0,0.2006140267612,0.03791763691177685,0.09503470425092912,0.797202558481571,0.5848028762959304,12,0.3333333333333333,5.4583854173030755,121.5118970278969,66.41666666666667,2.0525194501505015,0.25503033168254197,0.4367131575276357,0.7599791435973704,0.7825756348839882
mac_walkforward-2026-08-17T14:17:31,2,c000,mac_walkforward-2026-08-17T14:17:31-w2-train,c006,16,train,"Escolher os parâmetros do MAC pelo melhor Sharpe de cada janela de treino e aplicá-los na janela seguinte intocada. Duas perguntas: (1) a escolha é estável entre janelas ou cada período elege um parâmetro diferente — o que já seria veredicto negativo sozinho; (2) quanto do retorno in-sample sobrevive out-of-sample (WFE).
",ITUB4.SA,2018-01-01,2022-12-31,MovingAverageCrossover,AtrStop,9,50,14,2.0,0.01,0.0,5.0,0.011632446285101627,0.0023569396228311223,0.056836072398094344,0.08191989818744823,0.055276452737962355,15,0.4,1.7436413872953844,7.754964190067898,51.4,0.10673809619494334,0.020858413941338805,0.4433163456048249,0.23148791128922122,0.2310534632153321
mac_walkforward-2026-08-17T14:17:31,2,c000,mac_walkforward-2026-08-17T14:17:31-w2-train,c006,16,train,"Escolher os parâmetros do MAC pelo melhor Sharpe de cada janela de treino e aplicá-los na janela seguinte intocada. Duas perguntas: (1) a escolha é estável entre janelas ou cada período elege um parâmetro diferente — o que já seria veredicto negativo sozinho; (2) quanto do retorno in-sample sobrevive out-of-sample (WFE).
",BBDC4.SA,2018-01-01,2022-12-31,MovingAverageCrossover,AtrStop,9,50,14,2.0,0.01,0.0,5.0,-0.019297833021479027,-0.003958694254615924,0.07717770285575756,-0.09775129419178484,-0.062446373363729955,18,0.2777777777777778,2.098607896617082,-10.72101834526607,39.22222222222222,-0.08262839403771416,-0.017401854167669262,0.5273594101954151,0.14225237656019435,0.1430265820719605
mac_walkforward-2026-08-17T14:17:31,2,c000,mac_walkforward-2026-08-17T14:17:31-w2-train,c006,16,train,"Escolher os parâmetros do MAC pelo melhor Sharpe de cada janela de treino e aplicá-los na janela seguinte intocada. Duas perguntas: (1) a escolha é estável entre janelas ou cada período elege um parâmetro diferente — o que já seria veredicto negativo sozinho; (2) quanto do retorno in-sample sobrevive out-of-sample (WFE).
",WEGE3.SA,2018-01-01,2022-12-31,MovingAverageCrossover,AtrStop,9,50,14,2.0,0.01,0.0,5.0,-0.030731811159163902,-0.00633358317438526,0.16993163273917783,-0.09648109937157302,-0.04469347807612028,14,0.2857142857142857,1.7498038543255876,-21.857448387322666,37.285714285714285,3.2919951787205957,0.3451799689161936,0.4950571311436214,0.9643978595743756,0.994410294541838
mac_walkforward-2026-08-17T14:17:31,2,c000,mac_walkforward-2026-08-17T14:17:31-w2-train,c006,16,train,"Escolher os parâmetros do MAC pelo melhor Sharpe de cada janela de treino e aplicá-los na janela seguinte intocada. Duas perguntas: (1) a escolha é estável entre janelas ou cada período elege um parâmetro diferente — o que já seria veredicto negativo sozinho; (2) quanto do retorno in-sample sobrevive out-of-sample (WFE).
",ABEV3.SA,2018-01-01,2022-12-31,MovingAverageCrossover,AtrStop,9,50,14,2.0,0.01,0.0,5.0,-0.02152176774025194,-0.004418881619165926,0.05320555511123795,-0.12590217549746452,-0.07615181716001551,14,0.35714285714285715,1.3191672729103299,-15.37269124303674,43.0,-0.19945596633740903,-0.04427341978819832,0.5193114528170232,0.010174492042723452,0.010267014188156787
mac_walkforward-2026-08-17T14:17:31,2,c000,mac_walkforward-2026-08-17T14:17:31-w2-train,c006,16,train,"Escolher os parâmetros do MAC pelo melhor Sharpe de cada janela de treino e aplicá-los na janela seguinte intocada. Duas perguntas: (1) a escolha é estável entre janelas ou cada período elege um parâmetro diferente — o que já seria veredicto negativo sozinho; (2) quanto do retorno in-sample sobrevive out-of-sample (WFE).
",B3SA3.SA,2018-01-01,2022-12-31,MovingAverageCrossover,AtrStop,9,50,14,2.0,0.01,0.0,5.0,0.12783029590395834,0.024788945186437372,0.042699522858348285,0.5997642729484725,0.4244542887714145,12,0.4166666666666667,4.591738059245962,106.52524658663185,72.91666666666667,1.0772109664771787,0.16044479626865504,0.5080760884781114,0.5641425157726299,0.5822702151114016
mac_walkforward-2026-08-17T14:17:31,2,c000,mac_walkforward-2026-08-17T14:17:31-w2-train,c006,16,train,"Escolher os parâmetros do MAC pelo melhor Sharpe de cada janela de treino e aplicá-los na janela seguinte intocada. Duas perguntas: (1) a escolha é estável entre janelas ou cada período elege um parâmetro diferente — o que já seria veredicto negativo sozinho; (2) quanto do retorno in-sample sobrevive out-of-sample (WFE).
",RENT3.SA,2018-01-01,2022-12-31,MovingAverageCrossover,AtrStop,9,50,14,2.0,0.01,0.0,5.0,0.07787541103834994,0.015382012290592106,0.08263529623188677,0.4272378421689158,0.330981490692822,13,0.38461538461538464,3.043858633582979,59.90416233719249,80.07692307692308,1.6062172573091806,0.21529209976381725,0.5788069957791858,0.6483425996195168,0.6784410941569451
mac_walkforward-2026-08-17T14:17:31,2,c000,mac_walkforward-2026-08-17T14:17:31-w2-train,c006,16,train,"Escolher os parâmetros do MAC pelo melhor Sharpe de cada janela de treino e aplicá-los na janela seguinte intocada. Duas perguntas: (1) a escolha é estável entre janelas ou cada período elege um parâmetro diferente — o que já seria veredicto negativo sozinho; (2) quanto do retorno in-sample sobrevive out-of-sample (WFE).
",SUZB3.SA,2018-01-01,2022-12-31,MovingAverageCrossover,AtrStop,9,50,14,2.0,0.01,0.0,5.0,0.03215933061892118,0.006463909232565346,0.059536376435459525,0.22417303355941684,0.1409850074287494,14,0.5,1.502132314331932,22.970950442086423,43.285714285714285,1.7648588923243502,0.2299978515169332,0.5425050855314355,0.6946100120202962,0.7500582071201394
mac_walkforward-2026-08-17T14:17:31,2,c000,mac_walkforward-2026-08-17T14:17:31-w2-train,c006,16,train,"Escolher os parâmetros do MAC pelo melhor Sharpe de cada janela de treino e aplicá-los na janela seguinte intocada. Duas perguntas: (1) a escolha é estável entre janelas ou cada período elege um parâmetro diferente — o que já seria veredicto negativo sozinho; (2) quanto do retorno in-sample sobrevive out-of-sample (WFE).
",RADL3.SA,2018-01-01,2022-12-31,MovingAverageCrossover,AtrStop,9,50,14,2.0,0.01,0.0,5.0,-0.0293916626255728,-0.0060540775868446195,0.11765999626442097,-0.15484155642248837,-0.0943126608394649,18,0.16666666666666666,3.787711744446454,-16.328701458651274,34.94444444444444,0.3690986871650095,0.06603596362284136,0.3737816855688932,0.35857603340268274,0.3648464129096414
mac_walkforward-2026-08-17T14:17:31,2,c000,mac_walkforward-2026-08-17T14:17:31-w2-train,c007,16,train,"Escolher os parâmetros do MAC pelo melhor Sharpe de cada janela de treino e aplicá-los na janela seguinte intocada. Duas perguntas: (1) a escolha é estável entre janelas ou cada período elege um parâmetro diferente — o que já seria veredicto negativo sozinho; (2) quanto do retorno in-sample sobrevive out-of-sample (WFE).
",PETR4.SA,2018-01-01,2022-12-31,MovingAverageCrossover,AtrStop,9,50,14,2.5,0.01,0.0,5.0,0.05160137605471449,0.010294272055562326,0.03795337962544326,0.30083001235394863,0.22064592274543018,17,0.47058823529411764,1.7899031226140263,30.35375062042048,61.11764705882353,2.1436834455355354,0.26257073492494465,0.6334387946610796,0.7296636932547208,0.6931261328183784
mac_walkforward-2026-08-17T14:17:31,2,c000,mac_walkforward-2026-08-17T14:17:31-w2-train,c007,16,train,"Escolher os parâmetros do MAC pelo melhor Sharpe de cada janela de treino e aplicá-los na janela seguinte intocada. Duas perguntas: (1) a escolha é estável entre janelas ou cada período elege um parâmetro diferente — o que já seria veredicto negativo sozinho; (2) quanto do retorno in-sample sobrevive out-of-sample (WFE).
",VALE3.SA,2018-01-01,2022-12-31,MovingAverageCrossover,AtrStop,9,50,14,2.5,0.01,0.0,5.0,0.16607586808735242,0.031769098480672,0.07116311700714853,0.799271465365526,0.5998645781117474,12,0.4166666666666667,4.098647626786655,103.16814581449466,72.91666666666667,2.0525194501505015,0.25503033168254197,0.4367131575276357,0.7599791435973704,0.7825756348839882
mac_walkforward-2026-08-17T14:17:31,2,c000,mac_walkforward-2026-08-17T14:17:31-w2-train,c007,16,train,"Escolher os parâmetros do MAC pelo melhor Sharpe de cada janela de treino e aplicá-los na janela seguinte intocada. Duas perguntas: (1) a escolha é estável entre janelas ou cada período elege um parâmetro diferente — o que já seria veredicto negativo sozinho; (2) quanto do retorno in-sample sobrevive out-of-sample (WFE).
",ITUB4.SA,2018-01-01,2022-12-31,MovingAverageCrossover,AtrStop,9,50,14,2.5,0.01,0.0,5.0,0.037220736488958295,0.007466574808671522,0.04063931096080864,0.24687979795177448,0.18038833317519207,15,0.4666666666666667,1.977896801979079,24.813824325971844,58.53333333333333,0.10673809619494334,0.020858413941338805,0.4433163456048249,0.23148791128922122,0.2310534632153321
mac_walkforward-2026-08-17T14:17:31,2,c000,mac_walkforward-2026-08-17T14:17:31-w2-train,c007,16,train,"Escolher os parâmetros do MAC pelo melhor Sharpe de cada janela de treino e aplicá-los na janela seguinte intocada. Duas perguntas: (1) a escolha é estável entre janelas ou cada período elege um parâmetro diferente — o que já seria veredicto negativo sozinho; (2) quanto do retorno in-sample sobrevive out-of-sample (WFE).
",BBDC4.SA,2018-01-01,2022-12-31,MovingAverageCrossover,AtrStop,9,50,14,2.5,0.01,0.0,5.0,0.016348833379755012,0.0033064160504898688,0.04474907485743639,0.12234533279791218,0.08821758048087477,18,0.3333333333333333,2.4411859082330327,9.08268521097486,46.44444444444444,-0.08262839403771416,-0.017401854167669262,0.5273594101954151,0.14225237656019435,0.1430265820719605
mac_walkforward-2026-08-17T14:17:31,2,c000,mac_walkforward-2026-08-17T14:17:31-w2-train,c007,16,train,"Escolher os parâmetros do MAC pelo melhor Sharpe de cada janela de treino e aplicá-los na janela seguinte intocada. Duas perguntas: (1) a escolha é estável entre janelas ou cada período elege um parâmetro diferente — o que já seria veredicto negativo sozinho; (2) quanto do retorno in-sample sobrevive out-of-sample (WFE).
",WEGE3.SA,2018-01-01,2022-12-31,MovingAverageCrossover,AtrStop,9,50,14,2.5,0.01,0.0,5.0,0.04941196704102291,0.009865759143890873,0.12635382857063507,0.2315516521532052,0.15095819634092256,14,0.5,1.807868115945197,35.37470099883997,65.71428571428571,3.2919951787205957,0.3451799689161936,0.4950571311436214,0.9643978595743756,0.994410294541838
mac_walkforward-2026-08-17T14:17:31,2,c000,mac_walkforward-2026-08-17T14:17:31-w2-train,c007,16,train,"Escolher os parâmetros do MAC pelo melhor Sharpe de cada janela de treino e aplicá-los na janela seguinte intocada. Duas perguntas: (1) a escolha é estável entre janelas ou cada período elege um parâmetro diferente — o que já seria veredicto negativo sozinho; (2) quanto do retorno in-sample sobrevive out-of-sample (WFE).
",ABEV3.SA,2018-01-01,2022-12-31,MovingAverageCrossover,AtrStop,9,50,14,2.5,0.01,0.0,5.0,-0.02760172271859851,-0.005681241120195857,0.04684499138270907,-0.21316770379222116,-0.13302713633153804,14,0.35714285714285715,1.1346580987184747,-19.71551622757011,44.642857142857146,-0.19945596633740903,-0.04427341978819832,0.5193114528170232,0.010174492042723452,0.010267014188156787
mac_walkforward-2026-08-17T14:17:31,2,c000,mac_walkforward-2026-08-17T14:17:31-w2-train,c007,16,train,"Escolher os parâmetros do MAC pelo melhor Sharpe de cada janela de treino e aplicá-los na janela seguinte intocada. Duas perguntas: (1) a escolha é estável entre janelas ou cada período elege um parâmetro diferente — o que já seria veredicto negativo sozinho; (2) quanto do retorno in-sample sobrevive out-of-sample (WFE).
",B3SA3.SA,2018-01-01,2022-12-31,MovingAverageCrossover,AtrStop,9,50,14,2.5,0.01,0.0,5.0,0.094764430430196,0.018600502496249005,0.036483281243233384,0.5556925910166658,0.39201664035135303,12,0.4166666666666667,4.021164023052432,78.97035869183028,73.08333333333333,1.0772109664771787,0.16044479626865504,0.5080760884781114,0.5641425157726299,0.5822702151114016
mac_walkforward-2026-08-17T14:17:31,2,c000,mac_walkforward-2026-08-17T14:17:31-w2-train,c007,16,train,"Escolher os parâmetros do MAC pelo melhor Sharpe de cada janela de treino e aplicá-los na janela seguinte intocada. Duas perguntas: (1) a escolha é estável entre janelas ou cada período elege um parâmetro diferente — o que já seria veredicto negativo sozinho; (2) quanto do retorno in-sample sobrevive out-of-sample (WFE).
",RENT3.SA,2018-01-01,2022-12-31,MovingAverageCrossover,AtrStop,9,50,14,2.5,0.01,0.0,5.0,0.057836106789480146,0.011510658026789411,0.06878255453981652,0.3937048416855943,0.30687786734819045,13,0.38461538461538464,2.884252305204533,44.48931291498487,81.84615384615384,1.6062172573091806,0.21529209976381725,0.5788069957791858,0.6483425996195168,0.6784410941569451
mac_walkforward-2026-08-17T14:17:31,2,c000,mac_walkforward-2026-08-17T14:17:31-w2-train,c007,16,train,"Escolher os parâmetros do MAC pelo melhor Sharpe de cada janela de treino e aplicá-los na janela seguinte intocada. Duas perguntas: (1) a escolha é estável entre janelas ou cada período elege um parâmetro diferente — o que já seria veredicto negativo sozinho; (2) quanto do retorno in-sample sobrevive out-of-sample (WFE).
",SUZB3.SA,2018-01-01,2022-12-31,MovingAverageCrossover,AtrStop,9,50,14,2.5,0.01,0.0,5.0,0.06268057167715457,0.012451869489678025,0.04903403939788962,0.4543022952870157,0.31723400685892617,14,0.5714285714285714,1.6525391433435634,44.77183691225357,54.42857142857143,1.7648588923243502,0.2299978515169332,0.5425050855314355,0.6946100120202962,0.7500582071201394
mac_walkforward-2026-08-17T14:17:31,2,c000,mac_walkforward-2026-08-17T14:17:31-w2-train,c007,16,train,"Escolher os parâmetros do MAC pelo melhor Sharpe de cada janela de treino e aplicá-los na janela seguinte intocada. Duas perguntas: (1) a escolha é estável entre janelas ou cada período elege um parâmetro diferente — o que já seria veredicto negativo sozinho; (2) quanto do retorno in-sample sobrevive out-of-sample (WFE).
",RADL3.SA,2018-01-01,2022-12-31,MovingAverageCrossover,AtrStop,9,50,14,2.5,0.01,0.0,5.0,0.0076136970583482455,0.0015451217986319765,0.0839067767755394,0.06294767541750612,0.044267524537307805,18,0.2777777777777778,2.8276512945173535,4.229831699082256,46.333333333333336,0.3690986871650095,0.06603596362284136,0.3737816855688932,0.35857603340268274,0.3648464129096414
mac_walkforward-2026-08-17T14:17:31,2,c000,mac_walkforward-2026-08-17T14:17:31-w2-train,c008,16,train,"Escolher os parâmetros do MAC pelo melhor Sharpe de cada janela de treino e aplicá-los na janela seguinte intocada. Duas perguntas: (1) a escolha é estável entre janelas ou cada período elege um parâmetro diferente — o que já seria veredicto negativo sozinho; (2) quanto do retorno in-sample sobrevive out-of-sample (WFE).
",PETR4.SA,2018-01-01,2022-12-31,MovingAverageCrossover,AtrStop,12,21,14,2.0,0.01,0.0,5.0,0.087462373056574,0.01721385849028456,0.057756476104625955,0.3955165901791262,0.2871423812724514,27,0.5185185185185185,1.4837393544678972,32.39347150243455,37.51851851851852,2.1436834455355354,0.26257073492494465,0.6334387946610796,0.7296636932547208,0.6931261328183784
mac_walkforward-2026-08-17T14:17:31,2,c000,mac_walkforward-2026-08-17T14:17:31-w2-train,c008,16,train,"Escolher os parâmetros do MAC pelo melhor Sharpe de cada janela de treino e aplicá-los na janela seguinte intocada. Duas perguntas: (1) a escolha é estável entre janelas ou cada período elege um parâmetro diferente — o que já seria veredicto negativo sozinho; (2) quanto do retorno in-sample sobrevive out-of-sample (WFE).
",VALE3.SA,2018-01-01,2022-12-31,MovingAverageCrossover,AtrStop,12,21,14,2.0,0.01,0.0,5.0,0.11671463621240807,0.022724910044406244,0.06244915941095458,0.5396244575624727,0.40693468727037324,30,0.4666666666666667,1.8521809881443205,35.35689696092543,31.5,2.0525194501505015,0.25503033168254197,0.4367131575276357,0.7599791435973704,0.7825756348839882
mac_walkforward-2026-08-17T14:17:31,2,c000,mac_walkforward-2026-08-17T14:17:31-w2-train,c008,16,train,"Escolher os parâmetros do MAC pelo melhor Sharpe de cada janela de treino e aplicá-los na janela seguinte intocada. Duas perguntas: (1) a escolha é estável entre janelas ou cada período elege um parâmetro diferente — o que já seria veredicto negativo sozinho; (2) quanto do retorno in-sample sobrevive out-of-sample (WFE).
",ITUB4.SA,2018-01-01,2022-12-31,MovingAverageCrossover,AtrStop,12,21,14,2.0,0.01,0.0,5.0,0.00132247345878711,0.0002690532640776677,0.07707449513812933,0.026161317769326245,0.018064201471601118,30,0.3333333333333333,2.018079731736641,0.4408244862621217,25.766666666666666,0.10673809619494334,0.020858413941338805,0.4433163456048249,0.23148791128922122,0.2310534632153321
mac_walkforward-2026-08-17T14:17:31,2,c000,mac_walkforward-2026-08-17T14:17:31-w2-train,c008,16,train,"Escolher os parâmetros do MAC pelo melhor Sharpe de cada janela de treino e aplicá-los na janela seguinte intocada. Duas perguntas: (1) a escolha é estável entre janelas ou cada período elege um parâmetro diferente — o que já seria veredicto negativo sozinho; (2) quanto do retorno in-sample sobrevive out-of-sample (WFE).
",BBDC4.SA,2018-01-01,2022-12-31,MovingAverageCrossover,AtrStop,12,21,14,2.0,0.01,0.0,5.0,0.1318057836562898,0.02552320917855866,0.0476759598341319,0.6551183682429063,0.5012459967162584,29,0.5172413793103449,2.390257127760369,45.45027022630712,29.03448275862069,-0.08262839403771416,-0.017401854167669262,0.5273594101954151,0.14225237656019435,0.1430265820719605
mac_walkforward-2026-08-17T14:17:31,2,c000,mac_walkforward-2026-08-17T14:17:31-w2-train,c008,16,train,"Escolher os parâmetros do MAC pelo melhor Sharpe de cada janela de treino e aplicá-los na janela seguinte intocada. Duas perguntas: (1) a escolha é estável entre janelas ou cada período elege um parâmetro diferente — o que já seria veredicto negativo sozinho; (2) quanto do retorno in-sample sobrevive out-of-sample (WFE).
",WEGE3.SA,2018-01-01,2022-12-31,MovingAverageCrossover,AtrStop,12,21,14,2.0,0.01,0.0,5.0,0.2623576472309348,0.04856678699017847,0.09465570267745756,0.8639075839838033,0.6675714450954382,30,0.4666666666666667,4.152575029229163,88.09067960976023,33.03333333333333,3.2919951787205957,0.3451799689161936,0.4950571311436214,0.9643978595743756,0.994410294541838
mac_walkforward-2026-08-17T14:17:31,2,c000,mac_walkforward-2026-08-17T14:17:31-w2-train,c008,16,train,"Escolher os parâmetros do MAC pelo melhor Sharpe de cada janela de treino e aplicá-los na janela seguinte intocada. Duas perguntas: (1) a escolha é estável entre janelas ou cada período elege um parâmetro diferente — o que já seria veredicto negativo sozinho; (2) quanto do retorno in-sample sobrevive out-of-sample (WFE).
",ABEV3.SA,2018-01-01,2022-12-31,MovingAverageCrossover,AtrStop,12,21,14,2.0,0.01,0.0,5.0,-0.017932503880876527,-0.0036765853277398453,0.06192933301476122,-0.08951977078671305,-0.06474038861479313,32,0.40625,1.2731097632913706,-5.603907462774091,26.28125,-0.19945596633740903,-0.04427341978819832,0.5193114528170232,0.010174492042723452,0.010267014188156787
mac_walkforward-2026-08-17T14:17:31,2,c000,mac_walkforward-2026-08-17T14:17:31-w2-train,c008,16,train,"Escolher os parâmetros do MAC pelo melhor Sharpe de cada janela de treino e aplicá-los na janela seguinte intocada. Duas perguntas: (1) a escolha é estável entre janelas ou cada período elege um parâmetro diferente — o que já seria veredicto negativo sozinho; (2) quanto do retorno in-sample sobrevive out-of-sample (WFE).
",B3SA3.SA,2018-01-01,2022-12-31,MovingAverageCrossover,AtrStop,12,21,14,2.0,0.01,0.0,5.0,0.01575426467653518,0.0031869143911620323,0.09138714351185692,0.10220130373959689,0.07545625144776333,38,0.3157894736842105,2.3637967650538214,4.6916028363639155,22.105263157894736,1.0772109664771787,0.16044479626865504,0.5080760884781114,0.5641425157726299,0.5822702151114016
mac_walkforward-2026-08-17T14:17:31,2,c000,mac_walkforward-2026-08-17T14:17:31-w2-train,c008,16,train,"Escolher os parâmetros do MAC pelo melhor Sharpe de cada janela de treino e aplicá-los na janela seguinte intocada. Duas perguntas: (1) a escolha é estável entre janelas ou cada período elege um parâmetro diferente — o que já seria veredicto negativo sozinho; (2) quanto do retorno in-sample sobrevive out-of-sample (WFE).
",RENT3.SA,2018-01-01,2022-12-31,MovingAverageCrossover,AtrStop,12,21,14,2.0,0.01,0.0,5.0,0.10586148361708925,0.020693770181401172,0.0706490132479777,0.5597180300861581,0.4680670719093558,30,0.4666666666666667,2.0691543605144016,35.28716120569628,33.733333333333334,1.6062172573091806,0.21529209976381725,0.5788069957791858,0.6483425996195168,0.6784410941569451
mac_walkforward-2026-08-17T14:17:31,2,c000,mac_walkforward-2026-08-17T14:17:31-w2-train,c008,16,train,"Escolher os parâmetros do MAC pelo melhor Sharpe de cada janela de treino e aplicá-los na janela seguinte intocada. Duas perguntas: (1) a escolha é estável entre janelas ou cada período elege um parâmetro diferente — o que já seria veredicto negativo sozinho; (2) quanto do retorno in-sample sobrevive out-of-sample (WFE).
",SUZB3.SA,2018-01-01,2022-12-31,MovingAverageCrossover,AtrStop,12,21,14,2.0,0.01,0.0,5.0,0.09311173058151234,0.018287304961541295,0.10654218253680682,0.3815123842673642,0.3031261500876595,36,0.3055555555555556,3.2604687517126196,25.864369605975536,25.416666666666668,1.7648588923243502,0.2299978515169332,0.5425050855314355,0.6946100120202962,0.7500582071201394
mac_walkforward-2026-08-17T14:17:31,2,c000,mac_walkforward-2026-08-17T14:17:31-w2-train,c008,16,train,"Escolher os parâmetros do MAC pelo melhor Sharpe de cada janela de treino e aplicá-los na janela seguinte intocada. Duas perguntas: (1) a escolha é estável entre janelas ou cada período elege um parâmetro diferente — o que já seria veredicto negativo sozinho; (2) quanto do retorno in-sample sobrevive out-of-sample (WFE).
",RADL3.SA,2018-01-01,2022-12-31,MovingAverageCrossover,AtrStop,12,21,14,2.0,0.01,0.0,5.0,0.027671960833286935,0.005571680055589168,0.10269732280161277,0.1618399547488423,0.11981788749332696,34,0.4117647058823529,1.7155625507808492,8.138812009790175,26.0,0.3690986871650095,0.06603596362284136,0.3737816855688932,0.35857603340268274,0.3648464129096414
mac_walkforward-2026-08-17T14:17:31,2,c000,mac_walkforward-2026-08-17T14:17:31-w2-train,c009,16,train,"Escolher os parâmetros do MAC pelo melhor Sharpe de cada janela de treino e aplicá-los na janela seguinte intocada. Duas perguntas: (1) a escolha é estável entre janelas ou cada período elege um parâmetro diferente — o que já seria veredicto negativo sozinho; (2) quanto do retorno in-sample sobrevive out-of-sample (WFE).
",PETR4.SA,2018-01-01,2022-12-31,MovingAverageCrossover,AtrStop,12,21,14,2.5,0.01,0.0,5.0,0.05915933843248422,0.011768083561168652,0.046546266986875535,0.33408913688303454,0.24257191876499198,27,0.5185185185185185,1.3631201140851767,21.910866086105262,37.96296296296296,2.1436834455355354,0.26257073492494465,0.6334387946610796,0.7296636932547208,0.6931261328183784
mac_walkforward-2026-08-17T14:17:31,2,c000,mac_walkforward-2026-08-17T14:17:31-w2-train,c009,16,train,"Escolher os parâmetros do MAC pelo melhor Sharpe de cada janela de treino e aplicá-los na janela seguinte intocada. Duas perguntas: (1) a escolha é estável entre janelas ou cada período elege um parâmetro diferente — o que já seria veredicto negativo sozinho; (2) quanto do retorno in-sample sobrevive out-of-sample (WFE).
",VALE3.SA,2018-01-01,2022-12-31,MovingAverageCrossover,AtrStop,12,21,14,2.5,0.01,0.0,5.0,0.06598212010376425,0.013091357739683618,0.05750707066334681,0.38643041592218297,0.2900038252462992,30,0.4666666666666667,1.56245725111658,19.413689651647005,32.06666666666667,2.0525194501505015,0.25503033168254197,0.4367131575276357,0.7599791435973704,0.7825756348839882
mac_walkforward-2026-08-17T14:17:31,2,c000,mac_walkforward-2026-08-17T14:17:31-w2-train,c009,16,train,"Escolher os parâmetros do MAC pelo melhor Sharpe de cada janela de treino e aplicá-los na janela seguinte intocada. Duas perguntas: (1) a escolha é estável entre janelas ou cada período elege um parâmetro diferente — o que já seria veredicto negativo sozinho; (2) quanto do retorno in-sample sobrevive out-of-sample (WFE).
",ITUB4.SA,2018-01-01,2022-12-31,MovingAverageCrossover,AtrStop,12,21,14,2.5,0.01,0.0,5.0,0.014294429916605456,0.002893267437122038,0.05625157578599853,0.10643949210894735,0.07825002467849813,30,0.36666666666666664,1.9427376508301213,4.764809972201947,28.733333333333334,0.10673809619494334,0.020858413941338805,0.4433163456048249,0.23148791128922122,0.2310534632153321
mac_walkforward-2026-08-17T14:17:31,2,c000,mac_walkforward-2026-08-17T14:17:31-w2-train,c009,16,train,"Escolher os parâmetros do MAC pelo melhor Sharpe de cada janela de treino e aplicá-los na janela seguinte intocada. Duas perguntas: (1) a escolha é estável entre janelas ou cada período elege um parâmetro diferente — o que já seria veredicto negativo sozinho; (2) quanto do retorno in-sample sobrevive out-of-sample (WFE).
",BBDC4.SA,2018-01-01,2022-12-31,MovingAverageCrossover,AtrStop,12,21,14,2.5,0.01,0.0,5.0,0.09561216097603231,0.018761006938421865,0.043988696039968744,0.5957990770456988,0.4553696986938965,29,0.5172413793103449,2.131080984744194,32.96971068139042,29.482758620689655,-0.08262839403771416,-0.017401854167669262,0.5273594101954151,0.14225237656019435,0.1430265820719605
mac_walkforward-2026-08-17T14:17:31,2,c000,mac_walkforward-2026-08-17T14:17:31-w2-train,c009,16,train,"Escolher os parâmetros do MAC pelo melhor Sharpe de cada janela de treino e aplicá-los na janela seguinte intocada. Duas perguntas: (1) a escolha é estável entre janelas ou cada período elege um parâmetro diferente — o que já seria veredicto negativo sozinho; (2) quanto do retorno in-sample sobrevive out-of-sample (WFE).
",WEGE3.SA,2018-01-01,2022-12-31,MovingAverageCrossover,AtrStop,12,21,14,2.5,0.01,0.0,5.0,0.1961378099660822,0.03712878362322214,0.07831634233122756,0.8143622271022889,0.6334370120415596,30,0.4666666666666667,3.7259479429960947,65.85786788828075,33.5,3.2919951787205957,0.3451799689161936,0.4950571311436214,0.9643978595743756,0.994410294541838
mac_walkforward-2026-08-17T14:17:31,2,c000,mac_walkforward-2026-08-17T14:17:31-w2-train,c009,16,train,"Escolher os parâmetros do MAC pelo melhor Sharpe de cada janela de treino e aplicá-los na janela seguinte intocada. Duas perguntas: (1) a escolha é estável entre janelas ou cada período elege um parâmetro diferente — o que já seria veredicto negativo sozinho; (2) quanto do retorno in-sample sobrevive out-of-sample (WFE).
",ABEV3.SA,2018-01-01,2022-12-31,MovingAverageCrossover,AtrStop,12,21,14,2.5,0.01,0.0,5.0,-0.017649965839588888,-0.003618245374678808,0.05738307419636965,-0.11520012851531677,-0.08377445574619154,32,0.40625,1.236941582099814,-5.5156143248714775,26.8125,-0.19945596633740903,-0.04427341978819832,0.5193114528170232,0.010174492042723452,0.010267014188156787
mac_walkforward-2026-08-17T14:17:31,2,c000,mac_walkforward-2026-08-17T14:17:31-w2-train,c009,16,train,"Escolher os parâmetros do MAC pelo melhor Sharpe de cada janela de treino e aplicá-los na janela seguinte intocada. Duas perguntas: (1) a escolha é estável entre janelas ou cada período elege um parâmetro diferente — o que já seria veredicto negativo sozinho; (2) quanto do retorno in-sample sobrevive out-of-sample (WFE).
",B3SA3.SA,2018-01-01,2022-12-31,MovingAverageCrossover,AtrStop,12,21,14,2.5,0.01,0.0,5.0,-0.001729547217866445,-0.00035229918984214237,0.07892206785319685,0.004194838120382595,0.0031174633151646717,38,0.3157894736842105,2.165206802275247,-0.02997157872117198,23.0,1.0772109664771787,0.16044479626865504,0.5080760884781114,0.5641425157726299,0.5822702151114016
mac_walkforward-2026-08-17T14:17:31,2,c000,mac_walkforward-2026-08-17T14:17:31-w2-train,c009,16,train,"Escolher os parâmetros do MAC pelo melhor Sharpe de cada janela de treino e aplicá-los na janela seguinte intocada. Duas perguntas: (1) a escolha é estável entre janelas ou cada período elege um parâmetro diferente — o que já seria veredicto negativo sozinho; (2) quanto do retorno in-sample sobrevive out-of-sample (WFE).
",RENT3.SA,2018-01-01,2022-12-31,MovingAverageCrossover,AtrStop,12,21,14,2.5,0.01,0.0,5.0,0.079937040044054,0.015777033828238363,0.06274779759471051,0.5283102279670698,0.4418602077113818,30,0.4666666666666667,2.009687303797072,26.645680014684732,34.46666666666667,1.6062172573091806,0.21529209976381725,0.5788069957791858,0.6483425996195168,0.6784410941569451
mac_walkforward-2026-08-17T14:17:31,2,c000,mac_walkforward-2026-08-17T14:17:31-w2-train,c009,16,train,"Escolher os parâmetros do MAC pelo melhor Sharpe de cada janela de treino e aplicá-los na janela seguinte intocada. Duas perguntas: (1) a escolha é estável entre janelas ou cada período elege um parâmetro diferente — o que já seria veredicto negativo sozinho; (2) quanto do retorno in-sample sobrevive out-of-sample (WFE).
",SUZB3.SA,2018-01-01,2022-12-31,MovingAverageCrossover,AtrStop,12,21,14,2.5,0.01,0.0,5.0,0.07455556754354165,0.014744642117401563,0.08310616897717751,0.37528646839785296,0.30201078661224284,36,0.3333333333333333,2.8900234184026634,20.709879873205985,26.5,1.7648588923243502,0.2299978515169332,0.5425050855314355,0.6946100120202962,0.7500582071201394
mac_walkforward-2026-08-17T14:17:31,2,c000,mac_walkforward-2026-08-17T14:17:31-w2-train,c009,16,train,"Escolher os parâmetros do MAC pelo melhor Sharpe de cada janela de treino e aplicá-los na janela seguinte intocada. Duas perguntas: (1) a escolha é estável entre janelas ou cada período elege um parâmetro diferente — o que já seria veredicto negativo sozinho; (2) quanto do retorno in-sample sobrevive out-of-sample (WFE).
",RADL3.SA,2018-01-01,2022-12-31,MovingAverageCrossover,AtrStop,12,21,14,2.5,0.01,0.0,5.0,0.020014862456075422,0.004042019350673165,0.08506236800759724,0.14317606508693762,0.10821237603605194,34,0.4117647058823529,1.6844006837120264,5.886724251786951,27.235294117647058,0.3690986871650095,0.06603596362284136,0.3737816855688932,0.35857603340268274,0.3648464129096414
mac_walkforward-2026-08-17T14:17:31,2,c000,mac_walkforward-2026-08-17T14:17:31-w2-train,c010,16,train,"Escolher os parâmetros do MAC pelo melhor Sharpe de cada janela de treino e aplicá-los na janela seguinte intocada. Duas perguntas: (1) a escolha é estável entre janelas ou cada período elege um parâmetro diferente — o que já seria veredicto negativo sozinho; (2) quanto do retorno in-sample sobrevive out-of-sample (WFE).
",PETR4.SA,2018-01-01,2022-12-31,MovingAverageCrossover,AtrStop,12,50,14,2.0,0.01,0.0,5.0,0.09623273452955439,0.018878440083480497,0.04917880488779414,0.4443670020824744,0.32094243677110496,15,0.5333333333333333,1.7234535179898702,64.15515635303633,64.93333333333334,2.1436834455355354,0.26257073492494465,0.6334387946610796,0.7296636932547208,0.6931261328183784
mac_walkforward-2026-08-17T14:17:31,2,c000,mac_walkforward-2026-08-17T14:17:31-w2-train,c010,16,train,"Escolher os parâmetros do MAC pelo melhor Sharpe de cada janela de treino e aplicá-los na janela seguinte intocada. Duas perguntas: (1) a escolha é estável entre janelas ou cada período elege um parâmetro diferente — o que já seria veredicto negativo sozinho; (2) quanto do retorno in-sample sobrevive out-of-sample (WFE).
",VALE3.SA,2018-01-01,2022-12-31,MovingAverageCrossover,AtrStop,12,50,14,2.0,0.01,0.0,5.0,0.16704732586765303,0.03194400882809956,0.10063753133086355,0.6809785707379036,0.4809218888839512,14,0.35714285714285715,4.186590141550881,86.45359686431004,54.785714285714285,2.0525194501505015,0.25503033168254197,0.4367131575276357,0.7599791435973704,0.7825756348839882
mac_walkforward-2026-08-17T14:17:31,2,c000,mac_walkforward-2026-08-17T14:17:31-w2-train,c010,16,train,"Escolher os parâmetros do MAC pelo melhor Sharpe de cada janela de treino e aplicá-los na janela seguinte intocada. Duas perguntas: (1) a escolha é estável entre janelas ou cada período elege um parâmetro diferente — o que já seria veredicto negativo sozinho; (2) quanto do retorno in-sample sobrevive out-of-sample (WFE).
",ITUB4.SA,2018-01-01,2022-12-31,MovingAverageCrossover,AtrStop,12,50,14,2.0,0.01,0.0,5.0,-0.027910678929859878,-0.0057455562625711165,0.07418240010774636,-0.14588085769339934,-0.09366438489848691,14,0.35714285714285715,1.2106352033284327,-19.936199235613817,51.642857142857146,0.10673809619494334,0.020858413941338805,0.4433163456048249,0.23148791128922122,0.2310534632153321
mac_walkforward-2026-08-17T14:17:31,2,c000,mac_walkforward-2026-08-17T14:17:31-w2-train,c010,16,train,"Escolher os parâmetros do MAC pelo melhor Sharpe de cada janela de treino e aplicá-los na janela seguinte intocada. Duas perguntas: (1) a escolha é estável entre janelas ou cada período elege um parâmetro diferente — o que já seria veredicto negativo sozinho; (2) quanto do retorno in-sample sobrevive out-of-sample (WFE).
",BBDC4.SA,2018-01-01,2022-12-31,MovingAverageCrossover,AtrStop,12,50,14,2.0,0.01,0.0,5.0,-0.027227651150665277,-0.005603392749430891,0.09235756370755632,-0.14679519421429138,-0.09441767892510347,15,0.2,2.6592525942612073,-18.151767433776794,47.733333333333334,-0.08262839403771416,-0.017401854167669262,0.5273594101954151,0.14225237656019435,0.1430265820719605
mac_walkforward-2026-08-17T14:17:31,2,c000,mac_walkforward-2026-08-17T14:17:31-w2-train,c010,16,train,"Escolher os parâmetros do MAC pelo melhor Sharpe de cada janela de treino e aplicá-los na janela seguinte intocada. Duas perguntas: (1) a escolha é estável entre janelas ou cada período elege um parâmetro diferente — o que já seria veredicto negativo sozinho; (2) quanto do retorno in-sample sobrevive out-of-sample (WFE).
",WEGE3.SA,2018-01-01,2022-12-31,MovingAverageCrossover,AtrStop,12,50,14,2.0,0.01,0.0,5.0,-0.035804039599741766,-0.007394258063993409,0.060926413812606696,-0.22505145228616655,-0.12485198497034238,14,0.2857142857142857,1.4967829108697532,-25.574313999816024,37.142857142857146,3.2919951787205957,0.3451799689161936,0.4950571311436214,0.9643978595743756,0.994410294541838
mac_walkforward-2026-08-17T14:17:31,2,c000,mac_walkforward-2026-08-17T14:17:31-w2-train,c010,16,train,"Escolher os parâmetros do MAC pelo melhor Sharpe de cada janela de treino e aplicá-los na janela seguinte intocada. Duas perguntas: (1) a escolha é estável entre janelas ou cada período elege um parâmetro diferente — o que já seria veredicto negativo sozinho; (2) quanto do retorno in-sample sobrevive out-of-sample (WFE).
",ABEV3.SA,2018-01-01,2022-12-31,MovingAverageCrossover,AtrStop,12,50,14,2.0,0.01,0.0,5.0,-0.03978943468443252,-0.008230782803133052,0.057081174578267,-0.25687440976648646,-0.15198499269077953,14,0.2857142857142857,1.3550846539318195,-28.421024774594542,40.785714285714285,-0.19945596633740903,-0.04427341978819832,0.5193114528170232,0.010174492042723452,0.010267014188156787
mac_walkforward-2026-08-17T14:17:31,2,c000,mac_walkforward-2026-08-17T14:17:31-w2-train,c010,16,train,"Escolher os parâmetros do MAC pelo melhor Sharpe de cada janela de treino e aplicá-los na janela seguinte intocada. Duas perguntas: (1) a escolha é estável entre janelas ou cada período elege um parâmetro diferente — o que já seria veredicto negativo sozinho; (2) quanto do retorno in-sample sobrevive out-of-sample (WFE).
",B3SA3.SA,2018-01-01,2022-12-31,MovingAverageCrossover,AtrStop,12,50,14,2.0,0.01,0.0,5.0,0.06478231674235113,0.012859146409789801,0.036359110676560336,0.4033647585639031,0.25188080372245963,10,0.4,3.5912835273080406,64.78231674235123,64.6,1.0772109664771787,0.16044479626865504,0.5080760884781114,0.5641425157726299,0.5822702151114016
mac_walkforward-2026-08-17T14:17:31,2,c000,mac_walkforward-2026-08-17T14:17:31-w2-train,c010,16,train,"Escolher os parâmetros do MAC pelo melhor Sharpe de cada janela de treino e aplicá-los na janela seguinte intocada. Duas perguntas: (1) a escolha é estável entre janelas ou cada período elege um parâmetro diferente — o que já seria veredicto negativo sozinho; (2) quanto do retorno in-sample sobrevive out-of-sample (WFE).
",RENT3.SA,2018-01-01,2022-12-31,MovingAverageCrossover,AtrStop,12,50,14,2.0,0.01,0.0,5.0,0.07785328350852128,0.015377769249065976,0.0680335983977344,0.4121669148783271,0.3050934860011522,11,0.36363636363636365,3.6335027976482133,70.77571228047424,92.81818181818181,1.6062172573091806,0.21529209976381725,0.5788069957791858,0.6483425996195168,0.6784410941569451
mac_walkforward-2026-08-17T14:17:31,2,c000,mac_walkforward-2026-08-17T14:17:31-w2-train,c010,16,train,"Escolher os parâmetros do MAC pelo melhor Sharpe de cada janela de treino e aplicá-los na janela seguinte intocada. Duas perguntas: (1) a escolha é estável entre janelas ou cada período elege um parâmetro diferente — o que já seria veredicto negativo sozinho; (2) quanto do retorno in-sample sobrevive out-of-sample (WFE).
",SUZB3.SA,2018-01-01,2022-12-31,MovingAverageCrossover,AtrStop,12,50,14,2.0,0.01,0.0,5.0,0.0776154147284549,0.015332152585933567,0.050454682273156755,0.45717357456122804,0.31550473545174407,12,0.5833333333333334,1.73658210272102,64.67951227371235,61.333333333333336,1.7648588923243502,0.2299978515169332,0.5425050855314355,0.6946100120202962,0.7500582071201394
mac_walkforward-2026-08-17T14:17:31,2,c000,mac_walkforward-2026-08-17T14:17:31-w2-train,c010,16,train,"Escolher os parâmetros do MAC pelo melhor Sharpe de cada janela de treino e aplicá-los na janela seguinte intocada. Duas perguntas: (1) a escolha é estável entre janelas ou cada período elege um parâmetro diferente — o que já seria veredicto negativo sozinho; (2) quanto do retorno in-sample sobrevive out-of-sample (WFE).
",RADL3.SA,2018-01-01,2022-12-31,MovingAverageCrossover,AtrStop,12,50,14,2.0,0.01,0.0,5.0,-0.01419505561209955,-0.002905935820298522,0.12427987215901,-0.058906536552407684,-0.03425348753715979,16,0.1875,3.825275350764505,-8.871909757562058,38.0,0.3690986871650095,0.06603596362284136,0.3737816855688932,0.35857603340268274,0.3648464129096414
mac_walkforward-2026-08-17T14:17:31,2,c000,mac_walkforward-2026-08-17T14:17:31-w2-train,c011,16,train,"Escolher os parâmetros do MAC pelo melhor Sharpe de cada janela de treino e aplicá-los na janela seguinte intocada. Duas perguntas: (1) a escolha é estável entre janelas ou cada período elege um parâmetro diferente — o que já seria veredicto negativo sozinho; (2) quanto do retorno in-sample sobrevive out-of-sample (WFE).
",PETR4.SA,2018-01-01,2022-12-31,MovingAverageCrossover,AtrStop,12,50,14,2.5,0.01,0.0,5.0,0.07285185353414425,0.014416940292624192,0.039865599911466536,0.42057469985799006,0.30799610790773474,15,0.5333333333333333,1.6563252960408144,48.56790235609643,65.86666666666666,2.1436834455355354,0.26257073492494465,0.6334387946610796,0.7296636932547208,0.6931261328183784
mac_walkforward-2026-08-17T14:17:31,2,c000,mac_walkforward-2026-08-17T14:17:31-w2-train,c011,16,train,"Escolher os parâmetros do MAC pelo melhor Sharpe de cada janela de treino e aplicá-los na janela seguinte intocada. Duas perguntas: (1) a escolha é estável entre janelas ou cada período elege um parâmetro diferente — o que já seria veredicto negativo sozinho; (2) quanto do retorno in-sample sobrevive out-of-sample (WFE).
",VALE3.SA,2018-01-01,2022-12-31,MovingAverageCrossover,AtrStop,12,50,14,2.5,0.01,0.0,5.0,0.14232194024726486,0.027455664827789494,0.07241900621347083,0.6925682266216442,0.5151015128531179,14,0.42857142857142855,3.2880174456351225,75.76416626540363,62.285714285714285,2.0525194501505015,0.25503033168254197,0.4367131575276357,0.7599791435973704,0.7825756348839882
mac_walkforward-2026-08-17T14:17:31,2,c000,mac_walkforward-2026-08-17T14:17:31-w2-train,c011,16,train,"Escolher os parâmetros do MAC pelo melhor Sharpe de cada janela de treino e aplicá-los na janela seguinte intocada. Duas perguntas: (1) a escolha é estável entre janelas ou cada período elege um parâmetro diferente — o que já seria veredicto negativo sozinho; (2) quanto do retorno in-sample sobrevive out-of-sample (WFE).
",ITUB4.SA,2018-01-01,2022-12-31,MovingAverageCrossover,AtrStop,12,50,14,2.5,0.01,0.0,5.0,-0.018571195355955417,-0.0038085150112204813,0.05677285451318568,-0.11305545874398054,-0.0758616937769167,14,0.35714285714285715,1.2842582075758922,-13.265139539968251,57.0,0.10673809619494334,0.020858413941338805,0.4433163456048249,0.23148791128922122,0.2310534632153321
mac_walkforward-2026-08-17T14:17:31,2,c000,mac_walkforward-2026-08-17T14:17:31-w2-train,c011,16,train,"Escolher os parâmetros do MAC pelo melhor Sharpe de cada janela de treino e aplicá-los na janela seguinte intocada. Duas perguntas: (1) a escolha é estável entre janelas ou cada período elege um parâmetro diferente — o que já seria veredicto negativo sozinho; (2) quanto do retorno in-sample sobrevive out-of-sample (WFE).
",BBDC4.SA,2018-01-01,2022-12-31,MovingAverageCrossover,AtrStop,12,50,14,2.5,0.01,0.0,5.0,-0.03073866887349319,-0.006335014232142333,0.08178542137519149,-0.2156212413503507,-0.138392006027499,15,0.2,2.3398518167988693,-20.49244591566247,47.93333333333333,-0.08262839403771416,-0.017401854167669262,0.5273594101954151,0.14225237656019435,0.1430265820719605
mac_walkforward-2026-08-17T14:17:31,2,c000,mac_walkforward-2026-08-17T14:17:31-w2-train,c011,16,train,"Escolher os parâmetros do MAC pelo melhor Sharpe de cada janela de treino e aplicá-los na janela seguinte intocada. Duas perguntas: (1) a escolha é estável entre janelas ou cada período elege um parâmetro diferente — o que já seria veredicto negativo sozinho; (2) quanto do retorno in-sample sobrevive out-of-sample (WFE).
",WEGE3.SA,2018-01-01,2022-12-31,MovingAverageCrossover,AtrStop,12,50,14,2.5,0.01,0.0,5.0,-0.011532131177366844,-0.002358268020244636,0.14521408174045133,-0.02787469770666907,-0.01604147563790632,14,0.42857142857142855,1.1005216169827168,-8.237236555262003,54.785714285714285,3.2919951787205957,0.3451799689161936,0.4950571311436214,0.9643978595743756,0.994410294541838
mac_walkforward-2026-08-17T14:17:31,2,c000,mac_walkforward-2026-08-17T14:17:31-w2-train,c011,16,train,"Escolher os parâmetros do MAC pelo melhor Sharpe de cada janela de treino e aplicá-los na janela seguinte intocada. Duas perguntas: (1) a escolha é estável entre janelas ou cada período elege um parâmetro diferente — o que já seria veredicto negativo sozinho; (2) quanto do retorno in-sample sobrevive out-of-sample (WFE).
",ABEV3.SA,2018-01-01,2022-12-31,MovingAverageCrossover,AtrStop,12,50,14,2.5,0.01,0.0,5.0,-0.04498830085595695,-0.009326178656248185,0.05474848838542434,-0.3647969121973871,-0.22747953682666008,14,0.2857142857142857,1.1388428769769814,-32.1345006113976,44.92857142857143,-0.19945596633740903,-0.04427341978819832,0.5193114528170232,0.010174492042723452,0.010267014188156787
mac_walkforward-2026-08-17T14:17:31,2,c000,mac_walkforward-2026-08-17T14:17:31-w2-train,c011,16,train,"Escolher os parâmetros do MAC pelo melhor Sharpe de cada janela de treino e aplicá-los na janela seguinte intocada. Duas perguntas: (1) a escolha é estável entre janelas ou cada período elege um parâmetro diferente — o que já seria veredicto negativo sozinho; (2) quanto do retorno in-sample sobrevive out-of-sample (WFE).
",B3SA3.SA,2018-01-01,2022-12-31,MovingAverageCrossover,AtrStop,12,50,14,2.5,0.01,0.0,5.0,0.043331959081749805,0.008672029416530336,0.03538748887674062,0.2984826446908656,0.19051457317919376,10,0.4,2.945703323243285,43.33195908174985,73.3,1.0772109664771787,0.16044479626865504,0.5080760884781114,0.5641425157726299,0.5822702151114016
mac_walkforward-2026-08-17T14:17:31,2,c000,mac_walkforward-2026-08-17T14:17:31-w2-train,c011,16,train,"Escolher os parâmetros do MAC pelo melhor Sharpe de cada janela de treino e aplicá-los na janela seguinte intocada. Duas perguntas: (1) a escolha é estável entre janelas ou cada período elege um parâmetro diferente — o que já seria veredicto negativo sozinho; (2) quanto do retorno in-sample sobrevive out-of-sample (WFE).
",RENT3.SA,2018-01-01,2022-12-31,MovingAverageCrossover,AtrStop,12,50,14,2.5,0.01,0.0,5.0,0.05317444718567721,0.010601716358511482,0.05889951889614097,0.3493107273156536,0.25798188097670516,11,0.36363636363636365,3.171642905886494,48.3404065324337,94.45454545454545,1.6062172573091806,0.21529209976381725,0.5788069957791858,0.6483425996195168,0.6784410941569451
mac_walkforward-2026-08-17T14:17:31,2,c000,mac_walkforward-2026-08-17T14:17:31-w2-train,c011,16,train,"Escolher os parâmetros do MAC pelo melhor Sharpe de cada janela de treino e aplicá-los na janela seguinte intocada. Duas perguntas: (1) a escolha é estável entre janelas ou cada período elege um parâmetro diferente — o que já seria veredicto negativo sozinho; (2) quanto do retorno in-sample sobrevive out-of-sample (WFE).
",SUZB3.SA,2018-01-01,2022-12-31,MovingAverageCrossover,AtrStop,12,50,14,2.5,0.01,0.0,5.0,0.05089649020475595,0.010156388844125619,0.04785842325590916,0.3793938756783902,0.262905933648154,12,0.5833333333333334,1.4069026099910358,42.41374183729675,61.916666666666664,1.7648588923243502,0.2299978515169332,0.5425050855314355,0.6946100120202962,0.7500582071201394
mac_walkforward-2026-08-17T14:17:31,2,c000,mac_walkforward-2026-08-17T14:17:31-w2-train,c011,16,train,"Escolher os parâmetros do MAC pelo melhor Sharpe de cada janela de treino e aplicá-los na janela seguinte intocada. Duas perguntas: (1) a escolha é estável entre janelas ou cada período elege um parâmetro diferente — o que já seria veredicto negativo sozinho; (2) quanto do retorno in-sample sobrevive out-of-sample (WFE).
",RADL3.SA,2018-01-01,2022-12-31,MovingAverageCrossover,AtrStop,12,50,14,2.5,0.01,0.0,5.0,-0.02038848884503186,-0.004184274079175543,0.10749636621771998,-0.12252046599097893,-0.0720570950299961,16,0.1875,3.495120334607315,-12.74280552814525,39.8125,0.3690986871650095,0.06603596362284136,0.3737816855688932,0.35857603340268274,0.3648464129096414
mac_walkforward-2026-08-17T14:17:31,2,c000,mac_walkforward-2026-08-17T14:17:31-w2-train,c012,16,train,"Escolher os parâmetros do MAC pelo melhor Sharpe de cada janela de treino e aplicá-los na janela seguinte intocada. Duas perguntas: (1) a escolha é estável entre janelas ou cada período elege um parâmetro diferente — o que já seria veredicto negativo sozinho; (2) quanto do retorno in-sample sobrevive out-of-sample (WFE).
",PETR4.SA,2018-01-01,2022-12-31,MovingAverageCrossover,AtrStop,20,21,14,2.0,0.01,0.0,5.0,0.029519686435942383,0.005939440630979398,0.07559983301930093,0.15081403522935066,0.10948009970735702,67,0.44776119402985076,1.3911214826201879,4.40592334864803,14.373134328358208,2.1436834455355354,0.26257073492494465,0.6334387946610796,0.7296636932547208,0.6931261328183784
mac_walkforward-2026-08-17T14:17:31,2,c000,mac_walkforward-2026-08-17T14:17:31-w2-train,c012,16,train,"Escolher os parâmetros do MAC pelo melhor Sharpe de cada janela de treino e aplicá-los na janela seguinte intocada. Duas perguntas: (1) a escolha é estável entre janelas ou cada período elege um parâmetro diferente — o que já seria veredicto negativo sozinho; (2) quanto do retorno in-sample sobrevive out-of-sample (WFE).
",VALE3.SA,2018-01-01,2022-12-31,MovingAverageCrossover,AtrStop,20,21,14,2.0,0.01,0.0,5.0,0.18126023278939773,0.03448986830521905,0.053045419973102824,0.722611352865899,0.5658015299375458,72,0.5,1.7713402936756213,23.8443538500781,13.222222222222221,2.0525194501505015,0.25503033168254197,0.4367131575276357,0.7599791435973704,0.7825756348839882
mac_walkforward-2026-08-17T14:17:31,2,c000,mac_walkforward-2026-08-17T14:17:31-w2-train,c012,16,train,"Escolher os parâmetros do MAC pelo melhor Sharpe de cada janela de treino e aplicá-los na janela seguinte intocada. Duas perguntas: (1) a escolha é estável entre janelas ou cada período elege um parâmetro diferente — o que já seria veredicto negativo sozinho; (2) quanto do retorno in-sample sobrevive out-of-sample (WFE).
",ITUB4.SA,2018-01-01,2022-12-31,MovingAverageCrossover,AtrStop,20,21,14,2.0,0.01,0.0,5.0,-0.005988070034781079,-0.001221813353907808,0.09541801794544275,-0.014574923682130975,-0.010817738107025892,69,0.4057971014492754,1.4205551094129163,-0.8678362369248639,11.565217391304348,0.10673809619494334,0.020858413941338805,0.4433163456048249,0.23148791128922122,0.2310534632153321
mac_walkforward-2026-08-17T14:17:31,2,c000,mac_walkforward-2026-08-17T14:17:31-w2-train,c012,16,train,"Escolher os parâmetros do MAC pelo melhor Sharpe de cada janela de treino e aplicá-los na janela seguinte intocada. Duas perguntas: (1) a escolha é estável entre janelas ou cada período elege um parâmetro diferente — o que já seria veredicto negativo sozinho; (2) quanto do retorno in-sample sobrevive out-of-sample (WFE).
",BBDC4.SA,2018-01-01,2022-12-31,MovingAverageCrossover,AtrStop,20,21,14,2.0,0.01,0.0,5.0,-0.07188673363550246,-0.015070725101625881,0.1220794143844355,-0.40983238238241104,-0.2700150029938159,65,0.4307692307692308,0.8564374945052307,-11.059497482384895,10.723076923076922,-0.08262839403771416,-0.017401854167669262,0.5273594101954151,0.14225237656019435,0.1430265820719605
mac_walkforward-2026-08-17T14:17:31,2,c000,mac_walkforward-2026-08-17T14:17:31-w2-train,c012,16,train,"Escolher os parâmetros do MAC pelo melhor Sharpe de cada janela de treino e aplicá-los na janela seguinte intocada. Duas perguntas: (1) a escolha é estável entre janelas ou cada período elege um parâmetro diferente — o que já seria veredicto negativo sozinho; (2) quanto do retorno in-sample sobrevive out-of-sample (WFE).
",WEGE3.SA,2018-01-01,2022-12-31,MovingAverageCrossover,AtrStop,20,21,14,2.0,0.01,0.0,5.0,0.11664014266007339,0.022711022458970165,0.1302295382324589,0.41994528376686835,0.2996446351977928,72,0.4027777777777778,2.2927643966301674,16.20001981389906,12.430555555555555,3.2919951787205957,0.3451799689161936,0.4950571311436214,0.9643978595743756,0.994410294541838
mac_walkforward-2026-08-17T14:17:31,2,c000,mac_walkforward-2026-08-17T14:17:31-w2-train,c012,16,train,"Escolher os parâmetros do MAC pelo melhor Sharpe de cada janela de treino e aplicá-los na janela seguinte intocada. Duas perguntas: (1) a escolha é estável entre janelas ou cada período elege um parâmetro diferente — o que já seria veredicto negativo sozinho; (2) quanto do retorno in-sample sobrevive out-of-sample (WFE).
",ABEV3.SA,2018-01-01,2022-12-31,MovingAverageCrossover,AtrStop,20,21,14,2.0,0.01,0.0,5.0,-0.043675638680889084,-0.00904915473102852,0.09518617228617482,-0.2381158971293032,-0.1801563723482002,68,0.4411764705882353,0.9957040414930242,-6.422888041307414,11.838235294117647,-0.19945596633740903,-0.04427341978819832,0.5193114528170232,0.010174492042723452,0.010267014188156787
mac_walkforward-2026-08-17T14:17:31,2,c000,mac_walkforward-2026-08-17T14:17:31-w2-train,c012,16,train,"Escolher os parâmetros do MAC pelo melhor Sharpe de cada janela de treino e aplicá-los na janela seguinte intocada. Duas perguntas: (1) a escolha é estável entre janelas ou cada período elege um parâmetro diferente — o que já seria veredicto negativo sozinho; (2) quanto do retorno in-sample sobrevive out-of-sample (WFE).
",B3SA3.SA,2018-01-01,2022-12-31,MovingAverageCrossover,AtrStop,20,21,14,2.0,0.01,0.0,5.0,-0.007133038728765806,-0.0014561014713959652,0.06767811017672808,-0.018076289609058927,-0.01369054595323051,84,0.4166666666666667,1.3583824010317322,-0.8491712772340316,10.19047619047619,1.0772109664771787,0.16044479626865504,0.5080760884781114,0.5641425157726299,0.5822702151114016
mac_walkforward-2026-08-17T14:17:31,2,c000,mac_walkforward-2026-08-17T14:17:31-w2-train,c012,16,train,"Escolher os parâmetros do MAC pelo melhor Sharpe de cada janela de treino e aplicá-los na janela seguinte intocada. Duas perguntas: (1) a escolha é estável entre janelas ou cada período elege um parâmetro diferente — o que já seria veredicto negativo sozinho; (2) quanto do retorno in-sample sobrevive out-of-sample (WFE).
",RENT3.SA,2018-01-01,2022-12-31,MovingAverageCrossover,AtrStop,20,21,14,2.0,0.01,0.0,5.0,0.05791876469103108,0.011526746055585457,0.07644952571375804,0.3263616621310901,0.26314861924740107,68,0.47058823529411764,1.4255101623968491,8.517465395740022,14.102941176470589,1.6062172573091806,0.21529209976381725,0.5788069957791858,0.6483425996195168,0.6784410941569451
mac_walkforward-2026-08-17T14:17:31,2,c000,mac_walkforward-2026-08-17T14:17:31-w2-train,c012,16,train,"Escolher os parâmetros do MAC pelo melhor Sharpe de cada janela de treino e aplicá-los na janela seguinte intocada. Duas perguntas: (1) a escolha é estável entre janelas ou cada período elege um parâmetro diferente — o que já seria veredicto negativo sozinho; (2) quanto do retorno in-sample sobrevive out-of-sample (WFE).
",SUZB3.SA,2018-01-01,2022-12-31,MovingAverageCrossover,AtrStop,20,21,14,2.0,0.01,0.0,5.0,0.21693748154781023,0.04077465357052712,0.056937967745734556,0.8683806679433446,0.710084447038206,73,0.4520547945205479,2.3815703599241305,29.717463225727325,11.863013698630137,1.7648588923243502,0.2299978515169332,0.5425050855314355,0.6946100120202962,0.7500582071201394
mac_walkforward-2026-08-17T14:17:31,2,c000,mac_walkforward-2026-08-17T14:17:31-w2-train,c012,16,train,"Escolher os parâmetros do MAC pelo melhor Sharpe de cada janela de treino e aplicá-los na janela seguinte intocada. Duas perguntas: (1) a escolha é estável entre janelas ou cada período elege um parâmetro diferente — o que já seria veredicto negativo sozinho; (2) quanto do retorno in-sample sobrevive out-of-sample (WFE).
",RADL3.SA,2018-01-01,2022-12-31,MovingAverageCrossover,AtrStop,20,21,14,2.0,0.01,0.0,5.0,-0.009643678865169258,-0.001970593006638377,0.10951546648464126,-0.035732138198700615,-0.026262779683856697,87,0.45977011494252873,1.1233900612305696,-1.3091727698303048,8.793103448275861,0.3690986871650095,0.06603596362284136,0.3737816855688932,0.35857603340268274,0.3648464129096414
mac_walkforward-2026-08-17T14:17:31,2,c000,mac_walkforward-2026-08-17T14:17:31-w2-train,c013,16,train,"Escolher os parâmetros do MAC pelo melhor Sharpe de cada janela de treino e aplicá-los na janela seguinte intocada. Duas perguntas: (1) a escolha é estável entre janelas ou cada período elege um parâmetro diferente — o que já seria veredicto negativo sozinho; (2) quanto do retorno in-sample sobrevive out-of-sample (WFE).
",PETR4.SA,2018-01-01,2022-12-31,MovingAverageCrossover,AtrStop,20,21,14,2.5,0.01,0.0,5.0,0.02031230455349986,0.004101609886904001,0.06321986661450872,0.12714521421859115,0.09299330346114794,67,0.4626865671641791,1.284901029792485,3.0316872467911935,14.73134328358209,2.1436834455355354,0.26257073492494465,0.6334387946610796,0.7296636932547208,0.6931261328183784
mac_walkforward-2026-08-17T14:17:31,2,c000,mac_walkforward-2026-08-17T14:17:31-w2-train,c013,16,train,"Escolher os parâmetros do MAC pelo melhor Sharpe de cada janela de treino e aplicá-los na janela seguinte intocada. Duas perguntas: (1) a escolha é estável entre janelas ou cada período elege um parâmetro diferente — o que já seria veredicto negativo sozinho; (2) quanto do retorno in-sample sobrevive out-of-sample (WFE).
",VALE3.SA,2018-01-01,2022-12-31,MovingAverageCrossover,AtrStop,20,21,14,2.5,0.01,0.0,5.0,0.1324707789615085,0.02564583176406221,0.04651871982189289,0.6597062316537357,0.5192014191332293,72,0.5,1.6728321688488559,17.357318749249217,13.430555555555555,2.0525194501505015,0.25503033168254197,0.4367131575276357,0.7599791435973704,0.7825756348839882
mac_walkforward-2026-08-17T14:17:31,2,c000,mac_walkforward-2026-08-17T14:17:31-w2-train,c013,16,train,"Escolher os parâmetros do MAC pelo melhor Sharpe de cada janela de treino e aplicá-los na janela seguinte intocada. Duas perguntas: (1) a escolha é estável entre janelas ou cada período elege um parâmetro diferente — o que já seria veredicto negativo sozinho; (2) quanto do retorno in-sample sobrevive out-of-sample (WFE).
",ITUB4.SA,2018-01-01,2022-12-31,MovingAverageCrossover,AtrStop,20,21,14,2.5,0.01,0.0,5.0,-0.0037261228976332994,-0.00075959561872041,0.07517539065016332,-0.00948974392240536,-0.0072289732436656125,69,0.4057971014492754,1.4302657998063812,-0.5400178112513042,12.565217391304348,0.10673809619494334,0.020858413941338805,0.4433163456048249,0.23148791128922122,0.2310534632153321
mac_walkforward-2026-08-17T14:17:31,2,c000,mac_walkforward-2026-08-17T14:17:31-w2-train,c013,16,train,"Escolher os parâmetros do MAC pelo melhor Sharpe de cada janela de treino e aplicá-los na janela seguinte intocada. Duas perguntas: (1) a escolha é estável entre janelas ou cada período elege um parâmetro diferente — o que já seria veredicto negativo sozinho; (2) quanto do retorno in-sample sobrevive out-of-sample (WFE).
",BBDC4.SA,2018-01-01,2022-12-31,MovingAverageCrossover,AtrStop,20,21,14,2.5,0.01,0.0,5.0,-0.01772371866440081,-0.0036334729599992732,0.06716890395497505,-0.10084650447376589,-0.07522493087087219,65,0.4461538461538462,1.091727674379609,-2.7267259483693698,12.63076923076923,-0.08262839403771416,-0.017401854167669262,0.5273594101954151,0.14225237656019435,0.1430265820719605
mac_walkforward-2026-08-17T14:17:31,2,c000,mac_walkforward-2026-08-17T14:17:31-w2-train,c013,16,train,"Escolher os parâmetros do MAC pelo melhor Sharpe de cada janela de treino e aplicá-los na janela seguinte intocada. Duas perguntas: (1) a escolha é estável entre janelas ou cada período elege um parâmetro diferente — o que já seria veredicto negativo sozinho; (2) quanto do retorno in-sample sobrevive out-of-sample (WFE).
",WEGE3.SA,2018-01-01,2022-12-31,MovingAverageCrossover,AtrStop,20,21,14,2.5,0.01,0.0,5.0,0.12512263059040074,0.024287664287657273,0.10279838393309094,0.5296430000631859,0.39140710502490933,72,0.4444444444444444,2.2818638966145293,17.378143137555757,13.347222222222221,3.2919951787205957,0.3451799689161936,0.4950571311436214,0.9643978595743756,0.994410294541838
mac_walkforward-2026-08-17T14:17:31,2,c000,mac_walkforward-2026-08-17T14:17:31-w2-train,c013,16,train,"Escolher os parâmetros do MAC pelo melhor Sharpe de cada janela de treino e aplicá-los na janela seguinte intocada. Duas perguntas: (1) a escolha é estável entre janelas ou cada período elege um parâmetro diferente — o que já seria veredicto negativo sozinho; (2) quanto do retorno in-sample sobrevive out-of-sample (WFE).
",ABEV3.SA,2018-01-01,2022-12-31,MovingAverageCrossover,AtrStop,20,21,14,2.5,0.01,0.0,5.0,-0.044864268244497185,-0.009299989873161496,0.08297667150875884,-0.3089122554254904,-0.23528705198028207,68,0.4411764705882353,0.9371450151408028,-6.59768650654366,12.279411764705882,-0.19945596633740903,-0.04427341978819832,0.5193114528170232,0.010174492042723452,0.010267014188156787
mac_walkforward-2026-08-17T14:17:31,2,c000,mac_walkforward-2026-08-17T14:17:31-w2-train,c013,16,train,"Escolher os parâmetros do MAC pelo melhor Sharpe de cada janela de treino e aplicá-los na janela seguinte intocada. Duas perguntas: (1) a escolha é estável entre janelas ou cada período elege um parâmetro diferente — o que já seria veredicto negativo sozinho; (2) quanto do retorno in-sample sobrevive out-of-sample (WFE).
",B3SA3.SA,2018-01-01,2022-12-31,MovingAverageCrossover,AtrStop,20,21,14,2.5,0.01,0.0,5.0,-0.007617279606028982,-0.0015552535475650275,0.05504571888143704,-0.03414045647501061,-0.026291534798294772,84,0.4166666666666667,1.3448654706296066,-0.90681900071777,10.511904761904763,1.0772109664771787,0.16044479626865504,0.5080760884781114,0.5641425157726299,0.5822702151114016
mac_walkforward-2026-08-17T14:17:31,2,c000,mac_walkforward-2026-08-17T14:17:31-w2-train,c013,16,train,"Escolher os parâmetros do MAC pelo melhor Sharpe de cada janela de treino e aplicá-los na janela seguinte intocada. Duas perguntas: (1) a escolha é estável entre janelas ou cada período elege um parâmetro diferente — o que já seria veredicto negativo sozinho; (2) quanto do retorno in-sample sobrevive out-of-sample (WFE).
",RENT3.SA,2018-01-01,2022-12-31,MovingAverageCrossover,AtrStop,20,21,14,2.5,0.01,0.0,5.0,0.06229746528776636,0.01237756187937622,0.06662092995611216,0.41210068497343916,0.3462651247904959,68,0.5,1.355537067560117,9.161391954083248,15.088235294117647,1.6062172573091806,0.21529209976381725,0.5788069957791858,0.6483425996195168,0.6784410941569451
mac_walkforward-2026-08-17T14:17:31,2,c000,mac_walkforward-2026-08-17T14:17:31-w2-train,c013,16,train,"Escolher os parâmetros do MAC pelo melhor Sharpe de cada janela de treino e aplicá-los na janela seguinte intocada. Duas perguntas: (1) a escolha é estável entre janelas ou cada período elege um parâmetro diferente — o que já seria veredicto negativo sozinho; (2) quanto do retorno in-sample sobrevive out-of-sample (WFE).
",SUZB3.SA,2018-01-01,2022-12-31,MovingAverageCrossover,AtrStop,20,21,14,2.5,0.01,0.0,5.0,0.16847489792622738,0.032200831967938326,0.055650892037195164,0.8407526150396191,0.6994415475174438,73,0.4657534246575342,2.217372618068039,23.078753140579078,12.424657534246576,1.7648588923243502,0.2299978515169332,0.5425050855314355,0.6946100120202962,0.7500582071201394
mac_walkforward-2026-08-17T14:17:31,2,c000,mac_walkforward-2026-08-17T14:17:31-w2-train,c013,16,train,"Escolher os parâmetros do MAC pelo melhor Sharpe de cada janela de treino e aplicá-los na janela seguinte intocada. Duas perguntas: (1) a escolha é estável entre janelas ou cada período elege um parâmetro diferente — o que já seria veredicto negativo sozinho; (2) quanto do retorno in-sample sobrevive out-of-sample (WFE).
",RADL3.SA,2018-01-01,2022-12-31,MovingAverageCrossover,AtrStop,20,21,14,2.5,0.01,0.0,5.0,0.017332334900850732,0.0035039666885232634,0.07215915913364647,0.12689653147349622,0.09840896583008492,87,0.47126436781609193,1.2079395916328706,1.8274654410321443,9.862068965517242,0.3690986871650095,0.06603596362284136,0.3737816855688932,0.35857603340268274,0.3648464129096414
mac_walkforward-2026-08-17T14:17:31,2,c000,mac_walkforward-2026-08-17T14:17:31-w2-train,c014,16,train,"Escolher os parâmetros do MAC pelo melhor Sharpe de cada janela de treino e aplicá-los na janela seguinte intocada. Duas perguntas: (1) a escolha é estável entre janelas ou cada período elege um parâmetro diferente — o que já seria veredicto negativo sozinho; (2) quanto do retorno in-sample sobrevive out-of-sample (WFE).
",PETR4.SA,2018-01-01,2022-12-31,MovingAverageCrossover,AtrStop,20,50,14,2.0,0.01,0.0,5.0,0.07252356136345428,0.0143537471306181,0.04743979172683298,0.3635742666188327,0.23983279523725134,14,0.5,1.9639823556528941,51.80254383103897,55.785714285714285,2.1436834455355354,0.26257073492494465,0.6334387946610796,0.7296636932547208,0.6931261328183784
mac_walkforward-2026-08-17T14:17:31,2,c000,mac_walkforward-2026-08-17T14:17:31-w2-train,c014,16,train,"Escolher os parâmetros do MAC pelo melhor Sharpe de cada janela de treino e aplicá-los na janela seguinte intocada. Duas perguntas: (1) a escolha é estável entre janelas ou cada período elege um parâmetro diferente — o que já seria veredicto negativo sozinho; (2) quanto do retorno in-sample sobrevive out-of-sample (WFE).
",VALE3.SA,2018-01-01,2022-12-31,MovingAverageCrossover,AtrStop,20,50,14,2.0,0.01,0.0,5.0,0.23324435551486755,0.04359845336557089,0.0504668515963501,0.8750188100709508,0.6611664787953837,10,0.6,3.3489229626539796,176.8788980349235,82.7,2.0525194501505015,0.25503033168254197,0.4367131575276357,0.7599791435973704,0.7825756348839882
mac_walkforward-2026-08-17T14:17:31,2,c000,mac_walkforward-2026-08-17T14:17:31-w2-train,c014,16,train,"Escolher os parâmetros do MAC pelo melhor Sharpe de cada janela de treino e aplicá-los na janela seguinte intocada. Duas perguntas: (1) a escolha é estável entre janelas ou cada período elege um parâmetro diferente — o que já seria veredicto negativo sozinho; (2) quanto do retorno in-sample sobrevive out-of-sample (WFE).
",ITUB4.SA,2018-01-01,2022-12-31,MovingAverageCrossover,AtrStop,20,50,14,2.0,0.01,0.0,5.0,0.003919826515236036,0.0007966542616715255,0.0464021262914107,0.04013682758997962,0.027391934332234587,12,0.4166666666666667,1.492960582896502,3.2665220960301617,65.25,0.10673809619494334,0.020858413941338805,0.4433163456048249,0.23148791128922122,0.2310534632153321
mac_walkforward-2026-08-17T14:17:31,2,c000,mac_walkforward-2026-08-17T14:17:31-w2-train,c014,16,train,"Escolher os parâmetros do MAC pelo melhor Sharpe de cada janela de treino e aplicá-los na janela seguinte intocada. Duas perguntas: (1) a escolha é estável entre janelas ou cada período elege um parâmetro diferente — o que já seria veredicto negativo sozinho; (2) quanto do retorno in-sample sobrevive out-of-sample (WFE).
",BBDC4.SA,2018-01-01,2022-12-31,MovingAverageCrossover,AtrStop,20,50,14,2.0,0.01,0.0,5.0,-0.034286798935868834,-0.007076516614942352,0.08289058090934796,-0.2122635678763042,-0.12098149411040698,13,0.23076923076923078,2.1621533769522,-26.37446071989925,45.07692307692308,-0.08262839403771416,-0.017401854167669262,0.5273594101954151,0.14225237656019435,0.1430265820719605
mac_walkforward-2026-08-17T14:17:31,2,c000,mac_walkforward-2026-08-17T14:17:31-w2-train,c014,16,train,"Escolher os parâmetros do MAC pelo melhor Sharpe de cada janela de treino e aplicá-los na janela seguinte intocada. Duas perguntas: (1) a escolha é estável entre janelas ou cada período elege um parâmetro diferente — o que já seria veredicto negativo sozinho; (2) quanto do retorno in-sample sobrevive out-of-sample (WFE).
",WEGE3.SA,2018-01-01,2022-12-31,MovingAverageCrossover,AtrStop,20,50,14,2.0,0.01,0.0,5.0,0.20601988342351096,0.03886720606062144,0.14810981364142373,0.6345452092048227,0.41963958200775847,12,0.5,4.164211380041481,171.68323618625936,77.66666666666667,3.2919951787205957,0.3451799689161936,0.4950571311436214,0.9643978595743756,0.994410294541838
mac_walkforward-2026-08-17T14:17:31,2,c000,mac_walkforward-2026-08-17T14:17:31-w2-train,c014,16,train,"Escolher os parâmetros do MAC pelo melhor Sharpe de cada janela de treino e aplicá-los na janela seguinte intocada. Duas perguntas: (1) a escolha é estável entre janelas ou cada período elege um parâmetro diferente — o que já seria veredicto negativo sozinho; (2) quanto do retorno in-sample sobrevive out-of-sample (WFE).
",ABEV3.SA,2018-01-01,2022-12-31,MovingAverageCrossover,AtrStop,20,50,14,2.0,0.01,0.0,5.0,-0.04637785607457812,-0.009619760697694213,0.05736100840582899,-0.2975365233043241,-0.17363722972467588,13,0.3076923076923077,1.1062391583260098,-35.67527390352148,43.23076923076923,-0.19945596633740903,-0.04427341978819832,0.5193114528170232,0.010174492042723452,0.010267014188156787
mac_walkforward-2026-08-17T14:17:31,2,c000,mac_walkforward-2026-08-17T14:17:31-w2-train,c014,16,train,"Escolher os parâmetros do MAC pelo melhor Sharpe de cada janela de treino e aplicá-los na janela seguinte intocada. Duas perguntas: (1) a escolha é estável entre janelas ou cada período elege um parâmetro diferente — o que já seria veredicto negativo sozinho; (2) quanto do retorno in-sample sobrevive out-of-sample (WFE).
",B3SA3.SA,2018-01-01,2022-12-31,MovingAverageCrossover,AtrStop,20,50,14,2.0,0.01,0.0,5.0,-0.018046513176194323,-0.003700130357050857,0.050322927285189625,-0.15398336517816483,-0.07078111105675886,10,0.2,3.0706908916627844,-18.046513176194303,36.4,1.0772109664771787,0.16044479626865504,0.5080760884781114,0.5641425157726299,0.5822702151114016
mac_walkforward-2026-08-17T14:17:31,2,c000,mac_walkforward-2026-08-17T14:17:31-w2-train,c014,16,train,"Escolher os parâmetros do MAC pelo melhor Sharpe de cada janela de treino e aplicá-los na janela seguinte intocada. Duas perguntas: (1) a escolha é estável entre janelas ou cada período elege um parâmetro diferente — o que já seria veredicto negativo sozinho; (2) quanto do retorno in-sample sobrevive out-of-sample (WFE).
",RENT3.SA,2018-01-01,2022-12-31,MovingAverageCrossover,AtrStop,20,50,14,2.0,0.01,0.0,5.0,0.08020859465642816,0.015829020683657546,0.05998698948031247,0.41254757262393565,0.2967826791910224,10,0.4,3.3642777894362763,80.20859465642857,100.5,1.6062172573091806,0.21529209976381725,0.5788069957791858,0.6483425996195168,0.6784410941569451
mac_walkforward-2026-08-17T14:17:31,2,c000,mac_walkforward-2026-08-17T14:17:31-w2-train,c014,16,train,"Escolher os parâmetros do MAC pelo melhor Sharpe de cada janela de treino e aplicá-los na janela seguinte intocada. Duas perguntas: (1) a escolha é estável entre janelas ou cada período elege um parâmetro diferente — o que já seria veredicto negativo sozinho; (2) quanto do retorno in-sample sobrevive out-of-sample (WFE).
",SUZB3.SA,2018-01-01,2022-12-31,MovingAverageCrossover,AtrStop,20,50,14,2.0,0.01,0.0,5.0,0.08408084666904014,0.01656920080956059,0.05193517164428907,0.4853707270327135,0.3305572120438313,12,0.5,2.524996582837535,70.06737222420001,59.75,1.7648588923243502,0.2299978515169332,0.5425050855314355,0.6946100120202962,0.7500582071201394
mac_walkforward-2026-08-17T14:17:31,2,c000,mac_walkforward-2026-08-17T14:17:31-w2-train,c014,16,train,"Escolher os parâmetros do MAC pelo melhor Sharpe de cada janela de treino e aplicá-los na janela seguinte intocada. Duas perguntas: (1) a escolha é estável entre janelas ou cada período elege um parâmetro diferente — o que já seria veredicto negativo sozinho; (2) quanto do retorno in-sample sobrevive out-of-sample (WFE).
",RADL3.SA,2018-01-01,2022-12-31,MovingAverageCrossover,AtrStop,20,50,14,2.0,0.01,0.0,5.0,0.07046098578165783,0.013956367855090246,0.06735175326157937,0.39225917356510476,0.28519159829967355,14,0.35714285714285715,3.5721787500780535,50.329275558327105,66.57142857142857,0.3690986871650095,0.06603596362284136,0.3737816855688932,0.35857603340268274,0.3648464129096414
mac_walkforward-2026-08-17T14:17:31,2,c000,mac_walkforward-2026-08-17T14:17:31-w2-train,c015,16,train,"Escolher os parâmetros do MAC pelo melhor Sharpe de cada janela de treino e aplicá-los na janela seguinte intocada. Duas perguntas: (1) a escolha é estável entre janelas ou cada período elege um parâmetro diferente — o que já seria veredicto negativo sozinho; (2) quanto do retorno in-sample sobrevive out-of-sample (WFE).
",PETR4.SA,2018-01-01,2022-12-31,MovingAverageCrossover,AtrStop,20,50,14,2.5,0.01,0.0,5.0,0.06995880229523932,0.013859524038593474,0.036791306637518464,0.41286420856295436,0.2980512022755504,14,0.5714285714285714,1.6327089233300804,49.97057306802823,65.85714285714286,2.1436834455355354,0.26257073492494465,0.6334387946610796,0.7296636932547208,0.6931261328183784
mac_walkforward-2026-08-17T14:17:31,2,c000,mac_walkforward-2026-08-17T14:17:31-w2-train,c015,16,train,"Escolher os parâmetros do MAC pelo melhor Sharpe de cada janela de treino e aplicá-los na janela seguinte intocada. Duas perguntas: (1) a escolha é estável entre janelas ou cada período elege um parâmetro diferente — o que já seria veredicto negativo sozinho; (2) quanto do retorno in-sample sobrevive out-of-sample (WFE).
",VALE3.SA,2018-01-01,2022-12-31,MovingAverageCrossover,AtrStop,20,50,14,2.5,0.01,0.0,5.0,0.17457651710908983,0.033295717182227014,0.041734597002021735,0.8254168619513256,0.6381250353169646,10,0.6,2.751932953865755,132.30242399913172,85.9,2.0525194501505015,0.25503033168254197,0.4367131575276357,0.7599791435973704,0.7825756348839882
mac_walkforward-2026-08-17T14:17:31,2,c000,mac_walkforward-2026-08-17T14:17:31-w2-train,c015,16,train,"Escolher os parâmetros do MAC pelo melhor Sharpe de cada janela de treino e aplicá-los na janela seguinte intocada. Duas perguntas: (1) a escolha é estável entre janelas ou cada período elege um parâmetro diferente — o que já seria veredicto negativo sozinho; (2) quanto do retorno in-sample sobrevive out-of-sample (WFE).
",ITUB4.SA,2018-01-01,2022-12-31,MovingAverageCrossover,AtrStop,20,50,14,2.5,0.01,0.0,5.0,-0.006070381666105407,-0.0012386491198284055,0.040181430918971396,-0.028447868966176012,-0.019274777754477033,12,0.4166666666666667,1.2487092039439476,-5.058651388420949,65.75,0.10673809619494334,0.020858413941338805,0.4433163456048249,0.23148791128922122,0.2310534632153321
mac_walkforward-2026-08-17T14:17:31,2,c000,mac_walkforward-2026-08-17T14:17:31-w2-train,c015,16,train,"Escolher os parâmetros do MAC pelo melhor Sharpe de cada janela de treino e aplicá-los na janela seguinte intocada. Duas perguntas: (1) a escolha é estável entre janelas ou cada período elege um parâmetro diferente — o que já seria veredicto negativo sozinho; (2) quanto do retorno in-sample sobrevive out-of-sample (WFE).
",BBDC4.SA,2018-01-01,2022-12-31,MovingAverageCrossover,AtrStop,20,50,14,2.5,0.01,0.0,5.0,-0.05178734415394648,-0.010765920000165297,0.08854671527425524,-0.3964036888179461,-0.23464889532094507,13,0.23076923076923078,1.643802019648098,-39.8364185799588,51.15384615384615,-0.08262839403771416,-0.017401854167669262,0.5273594101954151,0.14225237656019435,0.1430265820719605
mac_walkforward-2026-08-17T14:17:31,2,c000,mac_walkforward-2026-08-17T14:17:31-w2-train,c015,16,train,"Escolher os parâmetros do MAC pelo melhor Sharpe de cada janela de treino e aplicá-los na janela seguinte intocada. Duas perguntas: (1) a escolha é estável entre janelas ou cada período elege um parâmetro diferente — o que já seria veredicto negativo sozinho; (2) quanto do retorno in-sample sobrevive out-of-sample (WFE).
",WEGE3.SA,2018-01-01,2022-12-31,MovingAverageCrossover,AtrStop,20,50,14,2.5,0.01,0.0,5.0,0.15675740058065357,0.03008539116179554,0.12229750192472112,0.6030826976190145,0.40331349642979997,12,0.5,3.805926878724965,130.63116715054463,80.08333333333333,3.2919951787205957,0.3451799689161936,0.4950571311436214,0.9643978595743756,0.994410294541838
mac_walkforward-2026-08-17T14:17:31,2,c000,mac_walkforward-2026-08-17T14:17:31-w2-train,c015,16,train,"Escolher os parâmetros do MAC pelo melhor Sharpe de cada janela de treino e aplicá-los na janela seguinte intocada. Duas perguntas: (1) a escolha é estável entre janelas ou cada período elege um parâmetro diferente — o que já seria veredicto negativo sozinho; (2) quanto do retorno in-sample sobrevive out-of-sample (WFE).
",ABEV3.SA,2018-01-01,2022-12-31,MovingAverageCrossover,AtrStop,20,50,14,2.5,0.01,0.0,5.0,-0.05251379129945066,-0.010920235581180826,0.05295458467311129,-0.42310132939606787,-0.24372782626739017,13,0.3076923076923077,0.9117543833062357,-40.3952240765004,43.76923076923077,-0.19945596633740903,-0.04427341978819832,0.5193114528170232,0.010174492042723452,0.010267014188156787
mac_walkforward-2026-08-17T14:17:31,2,c000,mac_walkforward-2026-08-17T14:17:31-w2-train,c015,16,train,"Escolher os parâmetros do MAC pelo melhor Sharpe de cada janela de treino e aplicá-los na janela seguinte intocada. Duas perguntas: (1) a escolha é estável entre janelas ou cada período elege um parâmetro diferente — o que já seria veredicto negativo sozinho; (2) quanto do retorno in-sample sobrevive out-of-sample (WFE).
",B3SA3.SA,2018-01-01,2022-12-31,MovingAverageCrossover,AtrStop,20,50,14,2.5,0.01,0.0,5.0,0.025941654257834346,0.005226812079195398,0.04353292373920391,0.22050324302591692,0.12468106967731683,10,0.3,3.2598751209962744,25.941654257834138,52.8,1.0772109664771787,0.16044479626865504,0.5080760884781114,0.5641425157726299,0.5822702151114016
mac_walkforward-2026-08-17T14:17:31,2,c000,mac_walkforward-2026-08-17T14:17:31-w2-train,c015,16,train,"Escolher os parâmetros do MAC pelo melhor Sharpe de cada janela de treino e aplicá-los na janela seguinte intocada. Duas perguntas: (1) a escolha é estável entre janelas ou cada período elege um parâmetro diferente — o que já seria veredicto negativo sozinho; (2) quanto do retorno in-sample sobrevive out-of-sample (WFE).
",RENT3.SA,2018-01-01,2022-12-31,MovingAverageCrossover,AtrStop,20,50,14,2.5,0.01,0.0,5.0,0.06868540580445082,0.013613792895245114,0.04898948681537328,0.433524178906682,0.3154043209066169,10,0.5,2.380133327104581,68.68540580445064,103.0,1.6062172573091806,0.21529209976381725,0.5788069957791858,0.6483425996195168,0.6784410941569451
mac_walkforward-2026-08-17T14:17:31,2,c000,mac_walkforward-2026-08-17T14:17:31-w2-train,c015,16,train,"Escolher os parâmetros do MAC pelo melhor Sharpe de cada janela de treino e aplicá-los na janela seguinte intocada. Duas perguntas: (1) a escolha é estável entre janelas ou cada período elege um parâmetro diferente — o que já seria veredicto negativo sozinho; (2) quanto do retorno in-sample sobrevive out-of-sample (WFE).
",SUZB3.SA,2018-01-01,2022-12-31,MovingAverageCrossover,AtrStop,20,50,14,2.5,0.01,0.0,5.0,0.060210392020376036,0.01197237627442882,0.04760210800262941,0.43417351909812746,0.29638453335484327,12,0.5,2.1798900128221055,50.17532668364661,60.0,1.7648588923243502,0.2299978515169332,0.5425050855314355,0.6946100120202962,0.7500582071201394
mac_walkforward-2026-08-17T14:17:31,2,c000,mac_walkforward-2026-08-17T14:17:31-w2-train,c015,16,train,"Escolher os parâmetros do MAC pelo melhor Sharpe de cada janela de treino e aplicá-los na janela seguinte intocada. Duas perguntas: (1) a escolha é estável entre janelas ou cada período elege um parâmetro diferente — o que já seria veredicto negativo sozinho; (2) quanto do retorno in-sample sobrevive out-of-sample (WFE).
",RADL3.SA,2018-01-01,2022-12-31,MovingAverageCrossover,AtrStop,20,50,14,2.5,0.01,0.0,5.0,0.05346091397774044,0.010657664654286192,0.06028114695926996,0.3671408946998204,0.26651051707436524,14,0.35714285714285715,3.4095358863879635,38.18636712695735,67.57142857142857,0.3690986871650095,0.06603596362284136,0.3737816855688932,0.35857603340268274,0.3648464129096414
mac_walkforward-2026-08-17T14:17:31,2,c000,mac_walkforward-2026-08-17T14:17:31-w2-test,c000,1,test,"Escolher os parâmetros do MAC pelo melhor Sharpe de cada janela de treino e aplicá-los na janela seguinte intocada. Duas perguntas: (1) a escolha é estável entre janelas ou cada período elege um parâmetro diferente — o que já seria veredicto negativo sozinho; (2) quanto do retorno in-sample sobrevive out-of-sample (WFE).
",PETR4.SA,2023-01-01,2023-12-31,MovingAverageCrossover,AtrStop,5,21,14,2.0,0.01,0.0,5.0,0.04365770738711916,0.044560873897991016,0.039893967123183646,1.0517665839957433,0.6420469348752756,5,0.2,8.1262835659402,72.17593294058528,29.0,1.1037067225773098,1.135616937699953,0.15403625273582539,2.545581958348207,2.6232831583568785
mac_walkforward-2026-08-17T14:17:31,2,c000,mac_walkforward-2026-08-17T14:17:31-w2-test,c000,1,test,"Escolher os parâmetros do MAC pelo melhor Sharpe de cada janela de treino e aplicá-los na janela seguinte intocada. Duas perguntas: (1) a escolha é estável entre janelas ou cada período elege um parâmetro diferente — o que já seria veredicto negativo sozinho; (2) quanto do retorno in-sample sobrevive out-of-sample (WFE).
",VALE3.SA,2023-01-01,2023-12-31,MovingAverageCrossover,AtrStop,5,21,14,2.0,0.01,0.0,5.0,0.004021844928668639,0.004103425605744171,0.025328298456083576,0.13294719394346635,0.08947397189972106,6,0.3333333333333333,1.61273409127123,-8.612168201631713,17.166666666666668,-0.0627666120838396,-0.06399564826603876,0.343854018744753,-0.11755519295709874,-0.11900262508515284
mac_walkforward-2026-08-17T14:17:31,2,c000,mac_walkforward-2026-08-17T14:17:31-w2-test,c000,1,test,"Escolher os parâmetros do MAC pelo melhor Sharpe de cada janela de treino e aplicá-los na janela seguinte intocada. Duas perguntas: (1) a escolha é estável entre janelas ou cada período elege um parâmetro diferente — o que já seria veredicto negativo sozinho; (2) quanto do retorno in-sample sobrevive out-of-sample (WFE).
",ITUB4.SA,2023-01-01,2023-12-31,MovingAverageCrossover,AtrStop,5,21,14,2.0,0.01,0.0,5.0,0.04862656114224517,0.04963494287599657,0.029187661269160774,1.4610187551913563,1.2854879505012118,9,0.4444444444444444,1.17901656184472,-1.6800953998584462,18.333333333333332,0.4515312575214063,0.4625214027982685,0.14099968268548768,1.742827274249793,1.94017144141109
mac_walkforward-2026-08-17T14:17:31,2,c000,mac_walkforward-2026-08-17T14:17:31-w2-test,c000,1,test,"Escolher os parâmetros do MAC pelo melhor Sharpe de cada janela de treino e aplicá-los na janela seguinte intocada. Duas perguntas: (1) a escolha é estável entre janelas ou cada período elege um parâmetro diferente — o que já seria veredicto negativo sozinho; (2) quanto do retorno in-sample sobrevive out-of-sample (WFE).
",BBDC4.SA,2023-01-01,2023-12-31,MovingAverageCrossover,AtrStop,5,21,14,2.0,0.01,0.0,5.0,0.03387240565718175,0.034569800802995765,0.029651567077435725,1.0061601803460167,0.7087420528625313,5,0.2,3.771095708046099,-3.4040316419939103,23.6,0.2902510304757375,0.29692416790475207,0.18228673014424507,1.0266951485493818,1.0119006696873212
mac_walkforward-2026-08-17T14:17:31,2,c000,mac_walkforward-2026-08-17T14:17:31-w2-test,c000,1,test,"Escolher os parâmetros do MAC pelo melhor Sharpe de cada janela de treino e aplicá-los na janela seguinte intocada. Duas perguntas: (1) a escolha é estável entre janelas ou cada período elege um parâmetro diferente — o que já seria veredicto negativo sozinho; (2) quanto do retorno in-sample sobrevive out-of-sample (WFE).
",WEGE3.SA,2023-01-01,2023-12-31,MovingAverageCrossover,AtrStop,5,21,14,2.0,0.01,0.0,5.0,-0.016120275704357256,-0.01644389939566515,0.05038258603531401,-0.5435019481028327,-0.36385241820493724,9,0.2222222222222222,0.15553925779903485,-40.269553194573845,12.333333333333334,-0.015463659788966355,-0.015774207487625258,0.24261857729181563,0.06363081985861477,0.06652357198351137
mac_walkforward-2026-08-17T14:17:31,2,c000,mac_walkforward-2026-08-17T14:17:31-w2-test,c000,1,test,"Escolher os parâmetros do MAC pelo melhor Sharpe de cada janela de treino e aplicá-los na janela seguinte intocada. Duas perguntas: (1) a escolha é estável entre janelas ou cada período elege um parâmetro diferente — o que já seria veredicto negativo sozinho; (2) quanto do retorno in-sample sobrevive out-of-sample (WFE).
",ABEV3.SA,2023-01-01,2023-12-31,MovingAverageCrossover,AtrStop,5,21,14,2.0,0.01,0.0,5.0,0.007488809213599179,0.0076409822554657225,0.03252625223505429,0.2588241344213631,0.19111953578900667,6,0.16666666666666666,2.755218112369144,-14.910183264343052,18.666666666666668,0.018149954925765766,0.018520744649287657,0.20955837946602,0.19161747537892948,0.1983025743913607
mac_walkforward-2026-08-17T14:17:31,2,c000,mac_walkforward-2026-08-17T14:17:31-w2-test,c000,1,test,"Escolher os parâmetros do MAC pelo melhor Sharpe de cada janela de treino e aplicá-los na janela seguinte intocada. Duas perguntas: (1) a escolha é estável entre janelas ou cada período elege um parâmetro diferente — o que já seria veredicto negativo sozinho; (2) quanto do retorno in-sample sobrevive out-of-sample (WFE).
",B3SA3.SA,2023-01-01,2023-12-31,MovingAverageCrossover,AtrStop,5,21,14,2.0,0.01,0.0,5.0,0.03278147978099133,0.03345605252937123,0.024765609738261835,1.0102960453267578,0.7638751529493071,4,0.25,3.7576989532699816,12.223295622168171,29.0,0.21871472707102124,0.223604223326767,0.26873678862637707,0.7518414984900922,0.7748260132324205
mac_walkforward-2026-08-17T14:17:31,2,c000,mac_walkforward-2026-08-17T14:17:31-w2-test,c000,1,test,"Escolher os parâmetros do MAC pelo melhor Sharpe de cada janela de treino e aplicá-los na janela seguinte intocada. Duas perguntas: (1) a escolha é estável entre janelas ou cada período elege um parâmetro diferente — o que já seria veredicto negativo sozinho; (2) quanto do retorno in-sample sobrevive out-of-sample (WFE).
",RENT3.SA,2023-01-01,2023-12-31,MovingAverageCrossover,AtrStop,5,21,14,2.0,0.01,0.0,5.0,0.04309227044912367,0.043983494808496504,0.009230153592404745,1.6289603513551105,1.4434767205510106,2,0.5,8.350972532625404,87.22018894773295,57.0,0.2759118159088383,0.2822206827625484,0.2779307260555835,0.9487215787634858,1.0943840181997575
mac_walkforward-2026-08-17T14:17:31,2,c000,mac_walkforward-2026-08-17T14:17:31-w2-test,c000,1,test,"Escolher os parâmetros do MAC pelo melhor Sharpe de cada janela de treino e aplicá-los na janela seguinte intocada. Duas perguntas: (1) a escolha é estável entre janelas ou cada período elege um parâmetro diferente — o que já seria veredicto negativo sozinho; (2) quanto do retorno in-sample sobrevive out-of-sample (WFE).
",SUZB3.SA,2023-01-01,2023-12-31,MovingAverageCrossover,AtrStop,5,21,14,2.0,0.01,0.0,5.0,0.02057056392586687,0.020991312616130298,0.029694210911978408,0.6175412881063588,0.4964116376324144,6,0.3333333333333333,2.693526705566537,13.143489892835419,28.833333333333332,0.1621845807333655,0.16572595887478103,0.2578800083610002,0.7314160408002057,0.7859508562812061
mac_walkforward-2026-08-17T14:17:31,2,c000,mac_walkforward-2026-08-17T14:17:31-w2-test,c000,1,test,"Escolher os parâmetros do MAC pelo melhor Sharpe de cada janela de treino e aplicá-los na janela seguinte intocada. Duas perguntas: (1) a escolha é estável entre janelas ou cada período elege um parâmetro diferente — o que já seria veredicto negativo sozinho; (2) quanto do retorno in-sample sobrevive out-of-sample (WFE).
",RADL3.SA,2023-01-01,2023-12-31,MovingAverageCrossover,AtrStop,5,21,14,2.0,0.01,0.0,5.0,0.03451990443323272,0.03523085664079084,0.03897308082333437,0.9204787679576396,0.7016083479115154,5,0.2,5.930031915481079,29.907874768879093,33.6,0.3288322826284529,0.33650185685134626,0.15755987280204198,1.394481093182744,1.510897647549705
